Patient,Cell name,T cell type,Cluster*,Clone ID,Clonal status
P0123,TP7115-20180123,CD4,CD4_C12-CTLA4,CRC.P0123_C000034:16,Clonal
P0123,TP756-20180123,CD4,CD4_C12-CTLA4,CRC.P0123_C000034:16,Clonal
P0123,TTR147-20180123,CD4,CD4_C12-CTLA4,CRC.P0123_C000034:16,Clonal
P0123,TTR136-20180123,CD4,CD4_C12-CTLA4,CRC.P0123_C000034:16,Clonal
P0123,TTR108-20180123,CD4,CD4_C12-CTLA4,CRC.P0123_C000034:16,Clonal
P0123,TP740-20180123,CD4,CD4_C12-CTLA4,CRC.P0123_C000034:16,Clonal
P0123,TTR141-20180123,CD4,CD4_C12-CTLA4,CRC.P0123_C000034:16,Clonal
P0123,TTR188-20180123,CD4,CD4_C12-CTLA4,CRC.P0123_C000034:16,Clonal
P0123,TTR158-20180123,CD4,CD4_C12-CTLA4,CRC.P0123_C000034:16,Clonal
P0123,TTR5-20180123,CD4,CD4_C12-CTLA4,CRC.P0123_C000034:16,Clonal
P0123,TTR178-20180123,CD4,CD4_C12-CTLA4,CRC.P0123_C000034:16,Clonal
P0123,TP749-20180123,CD4,CD4_C12-CTLA4,CRC.P0123_C000034:16,Clonal
P0123,TTR91-20180123,CD4,CD4_C12-CTLA4,CRC.P0123_C000034:16,Clonal
P0123,TP713-20180123,CD4,CD4_C12-CTLA4,CRC.P0123_C000034:16,Clonal
P0123,TP779-20180123,DN,NA,CRC.P0123_C000034:16,Clonal
P0123,TTR123-20180123,DN,NA,CRC.P0123_C000034:16,Clonal
P0123,TTC121-20180123,CD8,CD8_C07-LAYN,CRC.P0123_C000033:12,Clonal
P0123,TTC86-20180123,CD8,CD8_C07-LAYN,CRC.P0123_C000033:12,Clonal
P0123,TTC117-20180123,CD8,CD8_C07-LAYN,CRC.P0123_C000033:12,Clonal
P0123,TTC45-20180123,CD8,CD8_C07-LAYN,CRC.P0123_C000033:12,Clonal
P0123,TTC84-20180123,CD8,CD8_C07-LAYN,CRC.P0123_C000033:12,Clonal
P0123,TTC150-20180123,CD8,CD8_C07-LAYN,CRC.P0123_C000033:12,Clonal
P0123,TTC182-20180123,CD8,CD8_C07-LAYN,CRC.P0123_C000033:12,Clonal
P0123,TTC32-20180123,CD8,CD8_C07-LAYN,CRC.P0123_C000033:12,Clonal
P0123,TTC122-20180123,CD8,CD8_C07-LAYN,CRC.P0123_C000033:12,Clonal
P0123,TTC2-20180123,CD8,CD8_C07-LAYN,CRC.P0123_C000033:12,Clonal
P0123,TTC151-20180123,other,NA,CRC.P0123_C000033:12,Clonal
P0123,TTC164-20180123,other,NA,CRC.P0123_C000033:12,Clonal
P0123,PTC85-20180123,CD8,CD8_C03-CX3CR1,CRC.P0123_C000040:39,Clonal
P0123,PTC66-20180123,CD8,CD8_C03-CX3CR1,CRC.P0123_C000040:39,Clonal
P0123,PTC26-20180123,CD8,CD8_C03-CX3CR1,CRC.P0123_C000040:39,Clonal
P0123,PTC34-20180123,CD8,CD8_C03-CX3CR1,CRC.P0123_C000040:39,Clonal
P0123,PTC90-20180123,CD8,CD8_C03-CX3CR1,CRC.P0123_C000040:39,Clonal
P0123,PTC18-20180123,CD8,CD8_C03-CX3CR1,CRC.P0123_C000040:39,Clonal
P0123,PTC60-20180123,CD8,CD8_C03-CX3CR1,CRC.P0123_C000040:39,Clonal
P0123,PTC55-20180123,CD8,CD8_C03-CX3CR1,CRC.P0123_C000040:39,Clonal
P0123,PTC87-20180123,CD8,CD8_C03-CX3CR1,CRC.P0123_C000040:39,Clonal
P0123,PTC51-20180123,CD8,CD8_C03-CX3CR1,CRC.P0123_C000040:39,Clonal
P0123,PTC36-20180123,CD8,CD8_C03-CX3CR1,CRC.P0123_C000040:39,Clonal
P0123,PTC94-20180123,CD8,CD8_C03-CX3CR1,CRC.P0123_C000040:39,Clonal
P0123,PTC19-20180123,CD8,CD8_C03-CX3CR1,CRC.P0123_C000040:39,Clonal
P0123,PTC64-20180123,CD8,CD8_C03-CX3CR1,CRC.P0123_C000040:39,Clonal
P0123,PTC4-20180123,CD8,CD8_C03-CX3CR1,CRC.P0123_C000040:39,Clonal
P0123,PTC76-20180123,CD8,CD8_C03-CX3CR1,CRC.P0123_C000040:39,Clonal
P0123,PTC28-20180123,CD8,CD8_C03-CX3CR1,CRC.P0123_C000040:39,Clonal
P0123,PTC2-20180123,CD8,CD8_C03-CX3CR1,CRC.P0123_C000040:39,Clonal
P0123,PTC88-20180123,CD8,CD8_C03-CX3CR1,CRC.P0123_C000040:39,Clonal
P0123,TTC134-20180123,CD8,CD8_C03-CX3CR1,CRC.P0123_C000040:39,Clonal
P0123,PTC8-20180123,CD8,CD8_C03-CX3CR1,CRC.P0123_C000040:39,Clonal
P0123,PTC38-20180123,CD8,CD8_C03-CX3CR1,CRC.P0123_C000040:39,Clonal
P0123,PTC93-20180123,CD8,CD8_C03-CX3CR1,CRC.P0123_C000040:39,Clonal
P0123,PTC82-20180123,CD8,CD8_C03-CX3CR1,CRC.P0123_C000040:39,Clonal
P0123,PTC65-20180123,CD8,CD8_C03-CX3CR1,CRC.P0123_C000040:39,Clonal
P0123,PTC27-20180123,CD8,CD8_C03-CX3CR1,CRC.P0123_C000040:39,Clonal
P0123,PTC50-20180123,CD8,CD8_C03-CX3CR1,CRC.P0123_C000040:39,Clonal
P0123,PTC59-20180123,CD8,CD8_C03-CX3CR1,CRC.P0123_C000040:39,Clonal
P0123,PTC83-20180123,CD8,CD8_C03-CX3CR1,CRC.P0123_C000040:39,Clonal
P0123,PTC31-20180123,CD8,CD8_C03-CX3CR1,CRC.P0123_C000040:39,Clonal
P0123,PTC25-20180123,CD8,CD8_C03-CX3CR1,CRC.P0123_C000040:39,Clonal
P0123,PTC3-20180123,CD8,CD8_C03-CX3CR1,CRC.P0123_C000040:39,Clonal
P0123,PTC32-20180123,CD8,CD8_C03-CX3CR1,CRC.P0123_C000040:39,Clonal
P0123,PTC29-20180123,CD8,CD8_C03-CX3CR1,CRC.P0123_C000040:39,Clonal
P0123,PTC15-20180123,CD8,CD8_C03-CX3CR1,CRC.P0123_C000040:39,Clonal
P0123,PTC23-20180123,CD8,CD8_C03-CX3CR1,CRC.P0123_C000040:39,Clonal
P0123,TTC109-20180123,CD8,CD8_C04-GZMK,CRC.P0123_C000040:39,Clonal
P0123,PTC58-20180123,DN,NA,CRC.P0123_C000040:39,Clonal
P0123,PTC79-20180123,other,NA,CRC.P0123_C000040:39,Clonal
P0123,PTH42-20180123,CD4,CD4_C03-GNLY,CRC.P0123_C000063:27,Clonal
P0123,TTH19-20180123,CD4,CD4_C07-GZMK,CRC.P0123_C000063:27,Clonal
P0123,TTH23-20180123,CD4,CD4_C07-GZMK,CRC.P0123_C000063:27,Clonal
P0123,TTH119-20180123,CD4,CD4_C07-GZMK,CRC.P0123_C000063:27,Clonal
P0123,TTH76-20180123,CD4,CD4_C07-GZMK,CRC.P0123_C000063:27,Clonal
P0123,TP7187-20180123,CD4,CD4_C07-GZMK,CRC.P0123_C000063:27,Clonal
P0123,TTH15-20180123,CD4,CD4_C07-GZMK,CRC.P0123_C000063:27,Clonal
P0123,TTH157-20180123,CD4,CD4_C07-GZMK,CRC.P0123_C000063:27,Clonal
P0123,TP781-20180123,CD4,CD4_C07-GZMK,CRC.P0123_C000063:27,Clonal
P0123,TTH86-20180123,CD4,CD4_C07-GZMK,CRC.P0123_C000063:27,Clonal
P0123,TP746-20180123,CD4,CD4_C07-GZMK,CRC.P0123_C000063:27,Clonal
P0123,TTH105-20180123,CD4,CD4_C07-GZMK,CRC.P0123_C000063:27,Clonal
P0123,TTH65-20180123,CD4,CD4_C07-GZMK,CRC.P0123_C000063:27,Clonal
P0123,TTH161-20180123,CD4,CD4_C07-GZMK,CRC.P0123_C000063:27,Clonal
P0123,TTH151-20180123,CD4,CD4_C07-GZMK,CRC.P0123_C000063:27,Clonal
P0123,TP7133-20180123,CD4,CD4_C07-GZMK,CRC.P0123_C000063:27,Clonal
P0123,TTH83-20180123,CD4,CD4_C07-GZMK,CRC.P0123_C000063:27,Clonal
P0123,TTH60-20180123,DN,NA,CRC.P0123_C000063:27,Clonal
P0123,TTH175-20180123,DN,NA,CRC.P0123_C000063:27,Clonal
P0123,TTH81-20180123,DN,NA,CRC.P0123_C000063:27,Clonal
P0123,TP725-20180123,other,NA,CRC.P0123_C000063:27,Clonal
P0123,NP711-20180123,DN,NA,CRC.P0123_C000063:27,Clonal
P0123,TP766-20180123,DN,NA,CRC.P0123_C000063:27,Clonal
P0123,TP726-20180123,DN,NA,CRC.P0123_C000063:27,Clonal
P0123,TP784-20180123,DN,NA,CRC.P0123_C000063:27,Clonal
P0123,TTH146-20180123,DN,NA,CRC.P0123_C000063:27,Clonal
P0123,TP7158-20180123,other,NA,CRC.P0123_C000063:27,Clonal
P0123,TTC73-20180123,CD8,CD8_C07-LAYN,CRC.P0123_C000091:14,Clonal
P0123,TTC133-20180123,CD8,CD8_C07-LAYN,CRC.P0123_C000091:14,Clonal
P0123,TTC114-20180123,CD8,CD8_C07-LAYN,CRC.P0123_C000091:14,Clonal
P0123,TTC43-20180123,CD8,CD8_C07-LAYN,CRC.P0123_C000091:14,Clonal
P0123,TTC119-20180123,CD8,CD8_C07-LAYN,CRC.P0123_C000091:14,Clonal
P0123,TTC173-20180123,CD8,CD8_C07-LAYN,CRC.P0123_C000091:14,Clonal
P0123,TTC137-20180123,CD8,CD8_C07-LAYN,CRC.P0123_C000091:14,Clonal
P0123,TTC191-20180123,CD8,CD8_C07-LAYN,CRC.P0123_C000091:14,Clonal
P0123,TTC126-20180123,CD8,CD8_C07-LAYN,CRC.P0123_C000091:14,Clonal
P0123,TTC107-20180123,CD8,CD8_C07-LAYN,CRC.P0123_C000091:14,Clonal
P0123,TTC10-20180123,CD8,CD8_C07-LAYN,CRC.P0123_C000091:14,Clonal
P0123,TTC159-20180123,other,NA,CRC.P0123_C000091:14,Clonal
P0123,TTC171-20180123,other,NA,CRC.P0123_C000091:14,Clonal
P0123,TTC158-20180123,DN,NA,CRC.P0123_C000091:14,Clonal
P0123,TTH29-20180123,CD4,CD4_C07-GZMK,CRC.P0123_C000018:11,Clonal
P0123,TTH144-20180123,CD4,CD4_C07-GZMK,CRC.P0123_C000018:11,Clonal
P0123,NTH78-20180123,CD4,CD4_C07-GZMK,CRC.P0123_C000018:11,Clonal
P0123,TP755-20180123,CD4,CD4_C07-GZMK,CRC.P0123_C000018:11,Clonal
P0123,NTH49-20180123,CD4,CD4_C07-GZMK,CRC.P0123_C000018:11,Clonal
P0123,NTH90-20180123,DN,NA,CRC.P0123_C000018:11,Clonal
P0123,NTH92-20180123,DN,NA,CRC.P0123_C000018:11,Clonal
P0123,TTH17-20180123,DN,NA,CRC.P0123_C000018:11,Clonal
P0123,NP712-20180123,other,NA,CRC.P0123_C000018:11,Clonal
P0123,NTH58-20180123,DN,NA,CRC.P0123_C000018:11,Clonal
P0123,NP786-20180123,other,NA,CRC.P0123_C000018:11,Clonal
P0123,TTR182-20180123,CD4,CD4_C12-CTLA4,CRC.P0123_C000099:11,Clonal
P0123,TP711-20180123,CD4,CD4_C12-CTLA4,CRC.P0123_C000099:11,Clonal
P0123,TP7125-20180123,CD4,CD4_C12-CTLA4,CRC.P0123_C000099:11,Clonal
P0123,TTR150-20180123,CD4,CD4_C12-CTLA4,CRC.P0123_C000099:11,Clonal
P0123,TTR90-20180123,CD4,CD4_C12-CTLA4,CRC.P0123_C000099:11,Clonal
P0123,TP7169-20180123,CD4,CD4_C12-CTLA4,CRC.P0123_C000099:11,Clonal
P0123,TP7116-20180123,CD4,CD4_C12-CTLA4,CRC.P0123_C000099:11,Clonal
P0123,TP736-20180123,CD4,CD4_C12-CTLA4,CRC.P0123_C000099:11,Clonal
P0123,TTR137-20180123,CD4,CD4_C12-CTLA4,CRC.P0123_C000099:11,Clonal
P0123,TTR190-20180123,CD4,CD4_C12-CTLA4,CRC.P0123_C000099:11,Clonal
P0123,TTR38-20180123,DN,NA,CRC.P0123_C000099:11,Clonal
P0123,TTH36-20180123,CD4,CD4_C07-GZMK,CRC.P0123_C000002:9,Clonal
P0123,TP7170-20180123,CD4,CD4_C07-GZMK,CRC.P0123_C000002:9,Clonal
P0123,TTH85-20180123,CD4,CD4_C07-GZMK,CRC.P0123_C000002:9,Clonal
P0123,TTH128-20180123,CD4,CD4_C07-GZMK,CRC.P0123_C000002:9,Clonal
P0123,TP7111-20180123,CD4,CD4_C07-GZMK,CRC.P0123_C000002:9,Clonal
P0123,TP7120-20180123,CD4,CD4_C07-GZMK,CRC.P0123_C000002:9,Clonal
P0123,TTH106-20180123,CD4,CD4_C07-GZMK,CRC.P0123_C000002:9,Clonal
P0123,PTH66-20180123,DN,NA,CRC.P0123_C000002:9,Clonal
P0123,TTH142-20180123,other,NA,CRC.P0123_C000002:9,Clonal
P0123,NTC133-20180123,CD8,CD8_C06-CD160,CRC.P0123_C000013:9,Clonal
P0123,NTC117-20180123,CD8,CD8_C06-CD160,CRC.P0123_C000013:9,Clonal
P0123,NTC13-20180123,CD8,CD8_C06-CD160,CRC.P0123_C000013:9,Clonal
P0123,NTC115-20180123,CD8,CD8_C06-CD160,CRC.P0123_C000013:9,Clonal
P0123,NTC154-20180123,CD8,CD8_C06-CD160,CRC.P0123_C000013:9,Clonal
P0123,NTC76-20180123,CD8,CD8_C06-CD160,CRC.P0123_C000013:9,Clonal
P0123,NTC95-20180123,other,NA,CRC.P0123_C000013:9,Clonal
P0123,NTC77-20180123,other,NA,CRC.P0123_C000013:9,Clonal
P0123,NTC31-20180123,DN,NA,CRC.P0123_C000013:9,Clonal
P0123,TTR138-20180123,CD4,CD4_C12-CTLA4,CRC.P0123_C000075:9,Clonal
P0123,TTR59-20180123,CD4,CD4_C12-CTLA4,CRC.P0123_C000075:9,Clonal
P0123,TP742-20180123,CD4,CD4_C12-CTLA4,CRC.P0123_C000075:9,Clonal
P0123,TTR98-20180123,CD4,CD4_C12-CTLA4,CRC.P0123_C000075:9,Clonal
P0123,TTR63-20180123,CD4,CD4_C12-CTLA4,CRC.P0123_C000075:9,Clonal
P0123,TP750-20180123,CD4,CD4_C12-CTLA4,CRC.P0123_C000075:9,Clonal
P0123,TTR101-20180123,CD4,CD4_C12-CTLA4,CRC.P0123_C000075:9,Clonal
P0123,TTR32-20180123,CD4,CD4_C12-CTLA4,CRC.P0123_C000075:9,Clonal
P0123,TP744-20180123,CD4,CD4_C12-CTLA4,CRC.P0123_C000075:9,Clonal
P0123,TTH28-20180123,CD4,CD4_C09-CXCL13,CRC.P0123_C000025:8,Clonal
P0123,TP7136-20180123,CD4,CD4_C09-CXCL13,CRC.P0123_C000025:8,Clonal
P0123,TTH62-20180123,CD4,CD4_C09-CXCL13,CRC.P0123_C000025:8,Clonal
P0123,TTH93-20180123,CD4,CD4_C09-CXCL13,CRC.P0123_C000025:8,Clonal
P0123,TP764-20180123,CD4,CD4_C09-CXCL13,CRC.P0123_C000025:8,Clonal
P0123,TTH56-20180123,CD4,CD4_C09-CXCL13,CRC.P0123_C000025:8,Clonal
P0123,TTH13-20180123,CD4,CD4_C09-CXCL13,CRC.P0123_C000025:8,Clonal
P0123,TP715-20180123,DN,NA,CRC.P0123_C000025:8,Clonal
P0123,TTC59-20180123,CD8,CD8_C07-LAYN,CRC.P0123_C000131:6,Clonal
P0123,TTC190-20180123,CD8,CD8_C07-LAYN,CRC.P0123_C000131:6,Clonal
P0123,TTC113-20180123,CD8,CD8_C07-LAYN,CRC.P0123_C000131:6,Clonal
P0123,TTC104-20180123,CD8,CD8_C07-LAYN,CRC.P0123_C000131:6,Clonal
P0123,TTC169-20180123,CD8,CD8_C07-LAYN,CRC.P0123_C000131:6,Clonal
P0123,TTC116-20180123,other,NA,CRC.P0123_C000131:6,Clonal
P0123,TTR24-20180123,CD4,CD4_C12-CTLA4,CRC.P0123_C000031:5,Clonal
P0123,TTR114-20180123,CD4,CD4_C12-CTLA4,CRC.P0123_C000031:5,Clonal
P0123,TTR105-20180123,CD4,CD4_C12-CTLA4,CRC.P0123_C000031:5,Clonal
P0123,TTR8-20180123,other,NA,CRC.P0123_C000031:5,Clonal
P0123,TTR82-20180123,other,NA,CRC.P0123_C000031:5,Clonal
P0123,PTC5-20180123,CD8,CD8_C03-CX3CR1,CRC.P0123_C000044:5,Clonal
P0123,PTC44-20180123,CD8,CD8_C03-CX3CR1,CRC.P0123_C000044:5,Clonal
P0123,NTC149-20180123,CD8,CD8_C03-CX3CR1,CRC.P0123_C000044:5,Clonal
P0123,PTC9-20180123,other,NA,CRC.P0123_C000044:5,Clonal
P0123,PTC81-20180123,DN,NA,CRC.P0123_C000044:5,Clonal
P0123,PTC53-20180123,CD8,CD8_C03-CX3CR1,CRC.P0123_C000056:5,Clonal
P0123,PTC17-20180123,CD8,CD8_C03-CX3CR1,CRC.P0123_C000056:5,Clonal
P0123,PTC35-20180123,CD8,CD8_C03-CX3CR1,CRC.P0123_C000056:5,Clonal
P0123,PTC61-20180123,CD8,CD8_C03-CX3CR1,CRC.P0123_C000056:5,Clonal
P0123,TTC35-20180123,CD8,CD8_C04-GZMK,CRC.P0123_C000056:5,Clonal
P0123,TP7165-20180123,CD4,CD4_C07-GZMK,CRC.P0123_C000064:5,Clonal
P0123,TTH168-20180123,CD4,CD4_C07-GZMK,CRC.P0123_C000064:5,Clonal
P0123,TP733-20180123,CD4,CD4_C07-GZMK,CRC.P0123_C000064:5,Clonal
P0123,TTH127-20180123,other,NA,CRC.P0123_C000064:5,Clonal
P0123,TTH152-20180123,other,NA,CRC.P0123_C000064:5,Clonal
P0123,NTC5-20180123,CD8,CD8_C06-CD160,CRC.P0123_C000076:5,Clonal
P0123,NTC166-20180123,CD8,CD8_C06-CD160,CRC.P0123_C000076:5,Clonal
P0123,NTC139-20180123,CD8,CD8_C06-CD160,CRC.P0123_C000076:5,Clonal
P0123,NTC172-20180123,CD8,CD8_C06-CD160,CRC.P0123_C000076:5,Clonal
P0123,NTC88-20180123,other,NA,CRC.P0123_C000076:5,Clonal
P0123,TTC166-20180123,CD8,CD8_C07-LAYN,CRC.P0123_C000084:5,Clonal
P0123,TTC177-20180123,CD8,CD8_C07-LAYN,CRC.P0123_C000084:5,Clonal
P0123,TTC112-20180123,CD8,CD8_C07-LAYN,CRC.P0123_C000084:5,Clonal
P0123,TTC144-20180123,CD8,CD8_C07-LAYN,CRC.P0123_C000084:5,Clonal
P0123,TTC106-20180123,other,NA,CRC.P0123_C000084:5,Clonal
P0123,TTR164-20180123,CD4,CD4_C12-CTLA4,CRC.P0123_C000092:5,Clonal
P0123,TTR102-20180123,CD4,CD4_C12-CTLA4,CRC.P0123_C000092:5,Clonal
P0123,TP720-20180123,CD4,CD4_C12-CTLA4,CRC.P0123_C000092:5,Clonal
P0123,TTR189-20180123,CD4,CD4_C12-CTLA4,CRC.P0123_C000092:5,Clonal
P0123,TP76-20180123,other,NA,CRC.P0123_C000092:5,Clonal
P0123,TTR68-20180123,CD4,CD4_C12-CTLA4,CRC.P0123_C000096:5,Clonal
P0123,TTR139-20180123,CD4,CD4_C12-CTLA4,CRC.P0123_C000096:5,Clonal
P0123,TP7188-20180123,CD4,CD4_C12-CTLA4,CRC.P0123_C000096:5,Clonal
P0123,TTR3-20180123,CD4,CD4_C12-CTLA4,CRC.P0123_C000096:5,Clonal
P0123,TTR9-20180123,DN,NA,CRC.P0123_C000096:5,Clonal
P0123,TP791-20180123,CD4,CD4_C12-CTLA4,CRC.P0123_C000175:5,Clonal
P0123,TP765-20180123,CD4,CD4_C12-CTLA4,CRC.P0123_C000175:5,Clonal
P0123,TP721-20180123,CD4,CD4_C12-CTLA4,CRC.P0123_C000175:5,Clonal
P0123,TTR96-20180123,CD4,CD4_C12-CTLA4,CRC.P0123_C000175:5,Clonal
P0123,TP773-20180123,CD4,CD4_C12-CTLA4,CRC.P0123_C000175:5,Clonal
P0123,TP7174-20180123,CD4,CD4_C07-GZMK,CRC.P0123_C000180:5,Clonal
P0123,TTH148-20180123,CD4,CD4_C07-GZMK,CRC.P0123_C000180:5,Clonal
P0123,TP777-20180123,DN,NA,CRC.P0123_C000180:5,Clonal
P0123,TTH3-20180123,other,NA,CRC.P0123_C000180:5,Clonal
P0123,NTH77-20180123,DN,NA,CRC.P0123_C000180:5,Clonal
P0123,PTC11-20180123,CD8,CD8_C03-CX3CR1,CRC.P0123_C000276:5,Clonal
P0123,TTC6-20180123,CD8,CD8_C04-GZMK,CRC.P0123_C000276:5,Clonal
P0123,TTC47-20180123,CD8,CD8_C04-GZMK,CRC.P0123_C000276:5,Clonal
P0123,TTC124-20180123,CD8,CD8_C04-GZMK,CRC.P0123_C000276:5,Clonal
P0123,TTC53-20180123,CD8,CD8_C04-GZMK,CRC.P0123_C000276:5,Clonal
P0123,TTR159-20180123,CD4,CD4_C12-CTLA4,CRC.P0123_C000047:4,Clonal
P0123,TP739-20180123,CD4,CD4_C12-CTLA4,CRC.P0123_C000047:4,Clonal
P0123,TTR148-20180123,CD4,CD4_C12-CTLA4,CRC.P0123_C000047:4,Clonal
P0123,TP729-20180123,DN,NA,CRC.P0123_C000047:4,Clonal
P0123,TTC183-20180123,CD8,CD8_C07-LAYN,CRC.P0123_C000150:4,Clonal
P0123,TTC44-20180123,CD8,CD8_C07-LAYN,CRC.P0123_C000150:4,Clonal
P0123,TTC154-20180123,CD8,CD8_C07-LAYN,CRC.P0123_C000150:4,Clonal
P0123,TTC184-20180123,CD8,CD8_C07-LAYN,CRC.P0123_C000150:4,Clonal
P0123,TTC120-20180123,CD8,CD8_C04-GZMK,CRC.P0123_C000195:4,Clonal
P0123,TTC153-20180123,CD8,CD8_C04-GZMK,CRC.P0123_C000195:4,Clonal
P0123,NTC134-20180123,CD8,CD8_C04-GZMK,CRC.P0123_C000195:4,Clonal
P0123,NTC41-20180123,other,NA,CRC.P0123_C000195:4,Clonal
P0123,NTC19-20180123,CD8,CD8_C05-CD6,CRC.P0123_C000200:4,Clonal
P0123,NTC160-20180123,CD8,CD8_C05-CD6,CRC.P0123_C000200:4,Clonal
P0123,NTC158-20180123,CD8,CD8_C05-CD6,CRC.P0123_C000200:4,Clonal
P0123,NTC84-20180123,CD8,CD8_C05-CD6,CRC.P0123_C000200:4,Clonal
P0123,TTH100-20180123,CD4,CD4_C03-GNLY,CRC.P0123_C000226:4,Clonal
P0123,TP793-20180123,CD4,CD4_C07-GZMK,CRC.P0123_C000226:4,Clonal
P0123,TTH61-20180123,DN,NA,CRC.P0123_C000226:4,Clonal
P0123,TTH114-20180123,other,NA,CRC.P0123_C000226:4,Clonal
P0123,TTR14-20180123,CD4,CD4_C12-CTLA4,CRC.P0123_C000227:4,Clonal
P0123,TP738-20180123,CD4,CD4_C12-CTLA4,CRC.P0123_C000227:4,Clonal
P0123,TTR86-20180123,CD4,CD4_C12-CTLA4,CRC.P0123_C000227:4,Clonal
P0123,TTR74-20180123,CD4,CD4_C12-CTLA4,CRC.P0123_C000227:4,Clonal
P0123,NTC183-20180123,CD8,CD8_C04-GZMK,CRC.P0123_C000241:4,Clonal
P0123,NTC156-20180123,CD8,CD8_C04-GZMK,CRC.P0123_C000241:4,Clonal
P0123,NTC1-20180123,other,NA,CRC.P0123_C000241:4,Clonal
P0123,TTC9-20180123,DN,NA,CRC.P0123_C000241:4,Clonal
P0123,TTH40-20180123,CD4,CD4_C12-CTLA4,CRC.P0123_C000282:4,Clonal
P0123,TP7131-20180123,CD4,CD4_C12-CTLA4,CRC.P0123_C000282:4,Clonal
P0123,TP71-20180123,CD4,CD4_C12-CTLA4,CRC.P0123_C000282:4,Clonal
P0123,TTH110-20180123,DN,NA,CRC.P0123_C000282:4,Clonal
P0123,NTC100-20180123,CD8,CD8_C06-CD160,CRC.P0123_C000386:4,Clonal
P0123,NTC6-20180123,CD8,CD8_C06-CD160,CRC.P0123_C000386:4,Clonal
P0123,NTC103-20180123,CD8,CD8_C06-CD160,CRC.P0123_C000386:4,Clonal
P0123,NTC51-20180123,CD8,CD8_C06-CD160,CRC.P0123_C000386:4,Clonal
P0123,TTR95-20180123,CD4,CD4_C12-CTLA4,CRC.P0123_C000414:4,Clonal
P0123,TTR145-20180123,CD4,CD4_C12-CTLA4,CRC.P0123_C000414:4,Clonal
P0123,TTR149-20180123,CD4,CD4_C12-CTLA4,CRC.P0123_C000414:4,Clonal
P0123,TTR185-20180123,CD4,CD4_C12-CTLA4,CRC.P0123_C000414:4,Clonal
P0123,TTC140-20180123,CD8,CD8_C07-LAYN,CRC.P0123_C000428:4,Clonal
P0123,TTC163-20180123,CD8,CD8_C07-LAYN,CRC.P0123_C000428:4,Clonal
P0123,TTC162-20180123,CD8,CD8_C07-LAYN,CRC.P0123_C000428:4,Clonal
P0123,TTC170-20180123,CD8,CD8_C07-LAYN,CRC.P0123_C000428:4,Clonal
P0123,TP769-20180123,CD4,CD4_C12-CTLA4,CRC.P0123_C000015:3,Clonal
P0123,TP730-20180123,CD4,CD4_C12-CTLA4,CRC.P0123_C000015:3,Clonal
P0123,TP77-20180123,DN,NA,CRC.P0123_C000015:3,Clonal
P0123,PTH46-20180123,CD4,CD4_C03-GNLY,CRC.P0123_C000019:3,Clonal
P0123,PTH24-20180123,CD4,CD4_C03-GNLY,CRC.P0123_C000019:3,Clonal
P0123,NTR61-20180123,other,NA,CRC.P0123_C000019:3,Clonal
P0123,PTC48-20180123,CD8,CD8_C03-CX3CR1,CRC.P0123_C000021:3,Clonal
P0123,TTC105-20180123,CD8,CD8_C04-GZMK,CRC.P0123_C000021:3,Clonal
P0123,TTC102-20180123,other,NA,CRC.P0123_C000021:3,Clonal
P0123,TTR100-20180123,CD4,CD4_C12-CTLA4,CRC.P0123_C000023:3,Clonal
P0123,TP7183-20180123,CD4,CD4_C12-CTLA4,CRC.P0123_C000023:3,Clonal
P0123,TTR17-20180123,DN,NA,CRC.P0123_C000023:3,Clonal
P0123,TTC24-20180123,CD8,CD8_C05-CD6,CRC.P0123_C000057:3,Clonal
P0123,TTC186-20180123,CD8,CD8_C07-LAYN,CRC.P0123_C000057:3,Clonal
P0123,TTC156-20180123,other,NA,CRC.P0123_C000057:3,Clonal
P0123,NTC147-20180123,CD8,CD8_C06-CD160,CRC.P0123_C000083:3,Clonal
P0123,NTC25-20180123,CD8,CD8_C06-CD160,CRC.P0123_C000083:3,Clonal
P0123,NTC108-20180123,CD8,CD8_C06-CD160,CRC.P0123_C000083:3,Clonal
P0123,TTR186-20180123,CD4,CD4_C12-CTLA4,CRC.P0123_C000104:3,Clonal
P0123,TTR33-20180123,CD4,CD4_C12-CTLA4,CRC.P0123_C000104:3,Clonal
P0123,TTR37-20180123,DN,NA,CRC.P0123_C000104:3,Clonal
P0123,PTC78-20180123,CD8,CD8_C03-CX3CR1,CRC.P0123_C000110:3,Clonal
P0123,PTC95-20180123,CD8,CD8_C03-CX3CR1,CRC.P0123_C000110:3,Clonal
P0123,PTC69-20180123,CD8,CD8_C03-CX3CR1,CRC.P0123_C000110:3,Clonal
P0123,PTH85-20180123,DN,NA,CRC.P0123_C000115:3,Clonal
P0123,PP7-180-20180123,DN,NA,CRC.P0123_C000115:3,Clonal
P0123,PTH20-20180123,other,NA,CRC.P0123_C000115:3,Clonal
P0123,PTR15-20180123,CD4,CD4_C10-FOXP3,CRC.P0123_C000120:3,Clonal
P0123,TTR116-20180123,CD4,CD4_C12-CTLA4,CRC.P0123_C000120:3,Clonal
P0123,TTR50-20180123,CD4,CD4_C12-CTLA4,CRC.P0123_C000120:3,Clonal
P0123,NTC107-20180123,CD8,CD8_C06-CD160,CRC.P0123_C000164:3,Clonal
P0123,NTC46-20180123,CD8,CD8_C06-CD160,CRC.P0123_C000164:3,Clonal
P0123,NTC14-20180123,CD8,CD8_C06-CD160,CRC.P0123_C000164:3,Clonal
P0123,TTR169-20180123,CD4,CD4_C12-CTLA4,CRC.P0123_C000262:3,Clonal
P0123,TTH174-20180123,CD4,CD4_C12-CTLA4,CRC.P0123_C000262:3,Clonal
P0123,TTR183-20180123,CD4,CD4_C12-CTLA4,CRC.P0123_C000262:3,Clonal
P0123,TTR122-20180123,CD4,CD4_C12-CTLA4,CRC.P0123_C000304:3,Clonal
P0123,TTR67-20180123,CD4,CD4_C12-CTLA4,CRC.P0123_C000304:3,Clonal
P0123,TTR134-20180123,CD4,CD4_C12-CTLA4,CRC.P0123_C000304:3,Clonal
P0123,NTC129-20180123,CD8,CD8_C04-GZMK,CRC.P0123_C000417:3,Clonal
P0123,TTC97-20180123,CD8,CD8_C07-LAYN,CRC.P0123_C000417:3,Clonal
P0123,TTC160-20180123,CD8,CD8_C07-LAYN,CRC.P0123_C000417:3,Clonal
P0123,PTC22-20180123,CD8,CD8_C03-CX3CR1,CRC.P0123_C000468:3,Clonal
P0123,PTC6-20180123,CD8,CD8_C03-CX3CR1,CRC.P0123_C000468:3,Clonal
P0123,PTC40-20180123,CD8,CD8_C03-CX3CR1,CRC.P0123_C000468:3,Clonal
P0123,TTR113-20180123,CD4,CD4_C12-CTLA4,CRC.P0123_C000510:3,Clonal
P0123,TTR161-20180123,CD4,CD4_C12-CTLA4,CRC.P0123_C000510:3,Clonal
P0123,TP7110-20180123,CD4,CD4_C12-CTLA4,CRC.P0123_C000510:3,Clonal
P0123,TP7166-20180123,CD4,CD4_C12-CTLA4,CRC.P0123_C000518:3,Clonal
P0123,TTR153-20180123,DN,NA,CRC.P0123_C000518:3,Clonal
P0123,TP747-20180123,DN,NA,CRC.P0123_C000518:3,Clonal
P0123,TTR160-20180123,CD4,CD4_C12-CTLA4,CRC.P0123_C000521:3,Clonal
P0123,TTR77-20180123,DN,NA,CRC.P0123_C000521:3,Clonal
P0123,TTR60-20180123,DN,NA,CRC.P0123_C000521:3,Clonal
P0123,TP752-20180123,CD4,CD4_C05-CXCR6,CRC.P0123_C000003:2,Clonal
P0123,TTH143-20180123,CD4,CD4_C05-CXCR6,CRC.P0123_C000003:2,Clonal
P0123,NTC28-20180123,CD8,CD8_C05-CD6,CRC.P0123_C000022:2,Clonal
P0123,NTC189-20180123,CD8,CD8_C05-CD6,CRC.P0123_C000022:2,Clonal
P0123,NTC181-20180123,CD8,CD8_C05-CD6,CRC.P0123_C000048:2,Clonal
P0123,NTC114-20180123,CD8,CD8_C05-CD6,CRC.P0123_C000048:2,Clonal
P0123,PTH86-20180123,CD4,CD4_C03-GNLY,CRC.P0123_C000054:2,Clonal
P0123,TP719-20180123,other,NA,CRC.P0123_C000054:2,Clonal
P0123,TTH52-20180123,CD4,CD4_C07-GZMK,CRC.P0123_C000069:2,Clonal
P0123,TTH149-20180123,CD4,CD4_C07-GZMK,CRC.P0123_C000069:2,Clonal
P0123,TP748-20180123,CD4,CD4_C12-CTLA4,CRC.P0123_C000080:2,Clonal
P0123,TTR84-20180123,CD4,CD4_C12-CTLA4,CRC.P0123_C000080:2,Clonal
P0123,PTH71-20180123,CD4,CD4_C03-GNLY,CRC.P0123_C000086:2,Clonal
P0123,TP7142-20180123,other,NA,CRC.P0123_C000086:2,Clonal
P0123,TTH7-20180123,CD4,CD4_C07-GZMK,CRC.P0123_C000101:2,Clonal
P0123,TP782-20180123,CD4,CD4_C07-GZMK,CRC.P0123_C000101:2,Clonal
P0123,NTC111-20180123,CD8,CD8_C05-CD6,CRC.P0123_C000108:2,Clonal
P0123,NTC97-20180123,CD8,CD8_C05-CD6,CRC.P0123_C000108:2,Clonal
P0123,PTC45-20180123,CD8,CD8_C03-CX3CR1,CRC.P0123_C000135:2,Clonal
P0123,TTC101-20180123,CD8,CD8_C04-GZMK,CRC.P0123_C000135:2,Clonal
P0123,NTC34-20180123,CD8,CD8_C05-CD6,CRC.P0123_C000138:2,Clonal
P0123,NTC18-20180123,CD8,CD8_C05-CD6,CRC.P0123_C000138:2,Clonal
P0123,NTC173-20180123,CD8,CD8_C04-GZMK,CRC.P0123_C000148:2,Clonal
P0123,TTC185-20180123,CD8,CD8_C07-LAYN,CRC.P0123_C000148:2,Clonal
P0123,NTC159-20180123,CD8,CD8_C04-GZMK,CRC.P0123_C000163:2,Clonal
P0123,NTC98-20180123,CD8,CD8_C07-LAYN,CRC.P0123_C000163:2,Clonal
P0123,TTR45-20180123,CD4,CD4_C12-CTLA4,CRC.P0123_C000206:2,Clonal
P0123,TP770-20180123,CD4,CD4_C12-CTLA4,CRC.P0123_C000206:2,Clonal
P0123,PTR61-20180123,DN,NA,CRC.P0123_C000211:2,Clonal
P0123,NTR1-20180123,other,NA,CRC.P0123_C000211:2,Clonal
P0123,NTC54-20180123,CD8,CD8_C06-CD160,CRC.P0123_C000213:2,Clonal
P0123,NTC131-20180123,CD8,CD8_C06-CD160,CRC.P0123_C000213:2,Clonal
P0123,TTR124-20180123,CD4,CD4_C12-CTLA4,CRC.P0123_C000249:2,Clonal
P0123,TTR22-20180123,other,NA,CRC.P0123_C000249:2,Clonal
P0123,TTC145-20180123,CD8,CD8_C04-GZMK,CRC.P0123_C000290:2,Clonal
P0123,TTC115-20180123,CD8,CD8_C07-LAYN,CRC.P0123_C000290:2,Clonal
P0123,NTC30-20180123,CD8,CD8_C08-SLC4A10,CRC.P0123_C000310:2,Clonal
P0123,NTC185-20180123,CD8,CD8_C08-SLC4A10,CRC.P0123_C000310:2,Clonal
P0123,TTC149-20180123,CD8,CD8_C07-LAYN,CRC.P0123_C000316:2,Clonal
P0123,TTC161-20180123,CD8,CD8_C07-LAYN,CRC.P0123_C000316:2,Clonal
P0123,TTH24-20180123,CD4,CD4_C12-CTLA4,CRC.P0123_C000325:2,Clonal
P0123,TTH22-20180123,DN,NA,CRC.P0123_C000325:2,Clonal
P0123,NTC35-20180123,CD8,CD8_C08-SLC4A10,CRC.P0123_C000328:2,Clonal
P0123,NTC178-20180123,CD8,CD8_C08-SLC4A10,CRC.P0123_C000328:2,Clonal
P0123,TTH172-20180123,CD4,CD4_C07-GZMK,CRC.P0123_C000349:2,Clonal
P0123,TTH5-20180123,CD4,CD4_C07-GZMK,CRC.P0123_C000349:2,Clonal
P0123,NTH69-20180123,CD4,CD4_C07-GZMK,CRC.P0123_C000369:2,Clonal
P0123,TTH170-20180123,CD4,CD4_C07-GZMK,CRC.P0123_C000369:2,Clonal
P0123,PTR26-20180123,CD4,CD4_C02-ANXA1,CRC.P0123_C000394:2,Clonal
P0123,PTR57-20180123,CD4,CD4_C10-FOXP3,CRC.P0123_C000394:2,Clonal
P0123,NTC120-20180123,CD8,CD8_C05-CD6,CRC.P0123_C000420:2,Clonal
P0123,NTC99-20180123,CD8,CD8_C05-CD6,CRC.P0123_C000420:2,Clonal
P0123,TP7107-20180123,CD4,CD4_C12-CTLA4,CRC.P0123_C000427:2,Clonal
P0123,TP741-20180123,DN,NA,CRC.P0123_C000427:2,Clonal
P0123,TP7144-20180123,DN,NA,CRC.P0123_C000451:2,Clonal
P0123,TTR54-20180123,DN,NA,CRC.P0123_C000451:2,Clonal
P0123,TP717-20180123,CD4,CD4_C07-GZMK,CRC.P0123_C000477:2,Clonal
P0123,TP7113-20180123,DN,NA,CRC.P0123_C000477:2,Clonal
P0123,PP7-133-20180123,CD4,CD4_C02-ANXA1,CRC.P0123_C000504:2,Clonal
P0123,TTH176-20180123,CD4,CD4_C05-CXCR6,CRC.P0123_C000504:2,Clonal
P0123,PTH6-20180123,CD4,CD4_C03-GNLY,CRC.P0123_C000506:2,Clonal
P0123,PTH41-20180123,DN,NA,CRC.P0123_C000506:2,Clonal
P0123,TTR71-20180123,CD4,CD4_C12-CTLA4,CRC.P0123_C000509:2,Clonal
P0123,TTR144-20180123,DN,NA,CRC.P0123_C000509:2,Clonal
P0123,TP7112-20180123,CD4,CD4_C12-CTLA4,CRC.P0123_C000552:2,Clonal
P0123,TTR48-20180123,CD4,CD4_C12-CTLA4,CRC.P0123_C000552:2,Clonal
P0123,TTR162-20180123,CD4,CD4_C12-CTLA4,CRC.P0123_C000574:2,Clonal
P0123,TTR154-20180123,CD4,CD4_C12-CTLA4,CRC.P0123_C000574:2,Clonal
P0123,TTH99-20180123,CD4,CD4_C12-CTLA4,CRC.P0123_C000578:2,Clonal
P0123,TTR151-20180123,other,NA,CRC.P0123_C000578:2,Clonal
P0123,TP731-20180123,CD4,CD4_C12-CTLA4,CRC.P0123_C000581:2,Clonal
P0123,TTR75-20180123,DN,NA,CRC.P0123_C000581:2,Clonal
P0123,TTR51-20180123,CD4,CD4_C05-CXCR6,CRC.P0123_C000624:2,Clonal
P0123,PP7-104-20180123,other,NA,CRC.P0123_C000624:2,Clonal
P0123,NTR32-20180123,CD4,CD4_C05-CXCR6,CRC.P0123_C000632:2,Clonal
P0123,NTR2-20180123,CD4,CD4_C05-CXCR6,CRC.P0123_C000632:2,Clonal
P0123,TTC25-20180123,CD8,CD8_C05-CD6,CRC.P0123_C000646:2,Clonal
P0123,TTC136-20180123,CD8,CD8_C07-LAYN,CRC.P0123_C000646:2,Clonal
P0123,TTH55-20180123,CD4,CD4_C12-CTLA4,CRC.P0123_C000661:2,Clonal
P0123,NTR48-20180123,CD4,CD4_C12-CTLA4,CRC.P0123_C000661:2,Clonal
P0123,TTR166-20180123,CD4,CD4_C12-CTLA4,CRC.P0123_C000667:2,Clonal
P0123,TTR109-20180123,CD4,CD4_C12-CTLA4,CRC.P0123_C000667:2,Clonal
P0123,NTC188-20180123,CD8,CD8_C06-CD160,CRC.P0123_C000686:2,Clonal
P0123,NTC4-20180123,CD8,CD8_C06-CD160,CRC.P0123_C000686:2,Clonal
P0123,TP795-20180123,CD4,CD4_C12-CTLA4,CRC.P0123_C000750:2,Clonal
P0123,TTR20-20180123,CD4,CD4_C12-CTLA4,CRC.P0123_C000750:2,Clonal
P0123,PTC49-20180123,CD8,CD8_C03-CX3CR1,CRC.P0123_C000795:2,Clonal
P0123,NTC191-20180123,CD8,CD8_C04-GZMK,CRC.P0123_C000795:2,Clonal
P0123,NP78-20180123,DN,NA,CRC.P0123_C000001:1,NoClonal
P0123,PP7-150-20180123,DN,NA,CRC.P0123_C000009:1,NoClonal
P0123,TTH108-20180123,CD4,CD4_C12-CTLA4,CRC.P0123_C000010:1,NoClonal
P0123,TTH109-20180123,DN,NA,CRC.P0123_C000011:1,NoClonal
P0123,TP7127-20180123,CD4,CD4_C02-ANXA1,CRC.P0123_C000012:1,NoClonal
P0123,TTR157-20180123,CD4,CD4_C12-CTLA4,CRC.P0123_C000014:1,NoClonal
P0123,TTH145-20180123,CD4,CD4_C07-GZMK,CRC.P0123_C000016:1,NoClonal
P0123,PP7-175-20180123,CD4,CD4_C02-ANXA1,CRC.P0123_C000017:1,NoClonal
P0123,NTH56-20180123,DN,NA,CRC.P0123_C000027:1,NoClonal
P0123,NTR26-20180123,CD4,CD4_C11-IL10,CRC.P0123_C000028:1,NoClonal
P0123,NP776-20180123,CD4,CD4_C04-TCF7,CRC.P0123_C000029:1,NoClonal
P0123,NTR43-20180123,DN,NA,CRC.P0123_C000030:1,NoClonal
P0123,PP7-159-20180123,DN,NA,CRC.P0123_C000035:1,NoClonal
P0123,PTC75-20180123,DN,NA,CRC.P0123_C000036:1,NoClonal
P0123,NTC2-20180123,CD8,CD8_C05-CD6,CRC.P0123_C000037:1,NoClonal
P0123,TTR92-20180123,DN,NA,CRC.P0123_C000038:1,NoClonal
P0123,TP735-20180123,DN,NA,CRC.P0123_C000039:1,NoClonal
P0123,NTR84-20180123,DN,NA,CRC.P0123_C000042:1,NoClonal
P0123,TTH122-20180123,DN,NA,CRC.P0123_C000043:1,NoClonal
P0123,NTC90-20180123,CD8,CD8_C05-CD6,CRC.P0123_C000045:1,NoClonal
P0123,TTH140-20180123,CD4,CD4_C07-GZMK,CRC.P0123_C000046:1,NoClonal
P0123,PTR21-20180123,DN,NA,CRC.P0123_C000049:1,NoClonal
P0123,PTR47-20180123,DN,NA,CRC.P0123_C000050:1,NoClonal
P0123,NTH53-20180123,DN,NA,CRC.P0123_C000051:1,NoClonal
P0123,NTC113-20180123,CD8,CD8_C05-CD6,CRC.P0123_C000052:1,NoClonal
P0123,TP7122-20180123,CD4,CD4_C12-CTLA4,CRC.P0123_C000053:1,NoClonal
P0123,TP7137-20180123,CD4,CD4_C05-CXCR6,CRC.P0123_C000055:1,NoClonal
P0123,PTR62-20180123,CD4,CD4_C10-FOXP3,CRC.P0123_C000058:1,NoClonal
P0123,NTC112-20180123,CD8,CD8_C05-CD6,CRC.P0123_C000059:1,NoClonal
P0123,NTC73-20180123,CD8,CD8_C08-SLC4A10,CRC.P0123_C000060:1,NoClonal
P0123,PTH50-20180123,CD4,CD4_C01-CCR7,CRC.P0123_C000061:1,NoClonal
P0123,TTH126-20180123,CD4,CD4_C05-CXCR6,CRC.P0123_C000062:1,NoClonal
P0123,NTC80-20180123,other,NA,CRC.P0123_C000071:1,NoClonal
P0123,TTC100-20180123,CD8,CD8_C04-GZMK,CRC.P0123_C000072:1,NoClonal
P0123,PTH57-20180123,CD4,CD4_C01-CCR7,CRC.P0123_C000073:1,NoClonal
P0123,NTC177-20180123,CD8,CD8_C05-CD6,CRC.P0123_C000074:1,NoClonal
P0123,PTR74-20180123,CD4,CD4_C01-CCR7,CRC.P0123_C000079:1,NoClonal
P0123,TTR93-20180123,CD4,CD4_C12-CTLA4,CRC.P0123_C000081:1,NoClonal
P0123,NTR13-20180123,CD4,CD4_C04-TCF7,CRC.P0123_C000082:1,NoClonal
P0123,TP7101-20180123,DN,NA,CRC.P0123_C000085:1,NoClonal
P0123,TTH113-20180123,CD4,CD4_C09-CXCL13,CRC.P0123_C000087:1,NoClonal
P0123,PTH16-20180123,CD4,CD4_C01-CCR7,CRC.P0123_C000088:1,NoClonal
P0123,NTC110-20180123,CD8,CD8_C05-CD6,CRC.P0123_C000089:1,NoClonal
P0123,NTH40-20180123,CD4,CD4_C04-TCF7,CRC.P0123_C000090:1,NoClonal
P0123,NTR47-20180123,CD4,CD4_C05-CXCR6,CRC.P0123_C000093:1,NoClonal
P0123,PTR41-20180123,DN,NA,CRC.P0123_C000094:1,NoClonal
P0123,NTC44-20180123,CD8,CD8_C05-CD6,CRC.P0123_C000097:1,NoClonal
P0123,TP74-20180123,CD4,CD4_C12-CTLA4,CRC.P0123_C000098:1,NoClonal
P0123,PP7-128-20180123,other,NA,CRC.P0123_C000100:1,NoClonal
P0123,PP7-103-20180123,CD4,CD4_C01-CCR7,CRC.P0123_C000102:1,NoClonal
P0123,PTR17-20180123,CD4,CD4_C10-FOXP3,CRC.P0123_C000103:1,NoClonal
P0123,NP788-20180123,CD4,CD4_C04-TCF7,CRC.P0123_C000105:1,NoClonal
P0123,TP7139-20180123,DN,NA,CRC.P0123_C000106:1,NoClonal
P0123,PTH1-20180123,CD4,CD4_C01-CCR7,CRC.P0123_C000107:1,NoClonal
P0123,NP743-20180123,CD4,CD4_C04-TCF7,CRC.P0123_C000112:1,NoClonal
P0123,PTH5-20180123,CD4,CD4_C07-GZMK,CRC.P0123_C000113:1,NoClonal
P0123,TP7149-20180123,DN,NA,CRC.P0123_C000114:1,NoClonal
P0123,NP734-20180123,DN,NA,CRC.P0123_C000116:1,NoClonal
P0123,PTH10-20180123,CD4,CD4_C02-ANXA1,CRC.P0123_C000117:1,NoClonal
P0123,NTH15-20180123,CD4,CD4_C06-CXCR5,CRC.P0123_C000118:1,NoClonal
P0123,NTR3-20180123,CD4,CD4_C11-IL10,CRC.P0123_C000119:1,NoClonal
P0123,TP7157-20180123,DN,NA,CRC.P0123_C000121:1,NoClonal
P0123,PP7-130-20180123,CD4,CD4_C02-ANXA1,CRC.P0123_C000122:1,NoClonal
P0123,NTR33-20180123,DN,NA,CRC.P0123_C000123:1,NoClonal
P0123,TP7184-20180123,CD4,CD4_C12-CTLA4,CRC.P0123_C000124:1,NoClonal
P0123,NTH14-20180123,CD4,CD4_C04-TCF7,CRC.P0123_C000125:1,NoClonal
P0123,PTH44-20180123,CD4,CD4_C01-CCR7,CRC.P0123_C000126:1,NoClonal
P0123,NP735-20180123,DN,NA,CRC.P0123_C000127:1,NoClonal
P0123,PTR36-20180123,DN,NA,CRC.P0123_C000128:1,NoClonal
P0123,PP7-190-20180123,CD4,CD4_C01-CCR7,CRC.P0123_C000129:1,NoClonal
P0123,NTC184-20180123,CD8,CD8_C05-CD6,CRC.P0123_C000130:1,NoClonal
P0123,PTC30-20180123,DN,NA,CRC.P0123_C000132:1,NoClonal
P0123,TP732-20180123,CD4,CD4_C12-CTLA4,CRC.P0123_C000133:1,NoClonal
P0123,NTH18-20180123,CD4,CD4_C04-TCF7,CRC.P0123_C000134:1,NoClonal
P0123,PTR49-20180123,CD4,CD4_C02-ANXA1,CRC.P0123_C000139:1,NoClonal
P0123,NTR9-20180123,CD4,CD4_C05-CXCR6,CRC.P0123_C000140:1,NoClonal
P0123,PTH17-20180123,CD4,CD4_C02-ANXA1,CRC.P0123_C000141:1,NoClonal
P0123,NP720-20180123,CD4,CD4_C04-TCF7,CRC.P0123_C000142:1,NoClonal
P0123,TTH84-20180123,CD4,CD4_C09-CXCL13,CRC.P0123_C000143:1,NoClonal
P0123,PP7-192-20180123,CD4,CD4_C01-CCR7,CRC.P0123_C000144:1,NoClonal
P0123,TTR4-20180123,CD4,CD4_C12-CTLA4,CRC.P0123_C000145:1,NoClonal
P0123,PP7-188-20180123,DN,NA,CRC.P0123_C000146:1,NoClonal
P0123,PP7-148-20180123,DN,NA,CRC.P0123_C000147:1,NoClonal
P0123,NTC163-20180123,CD8,CD8_C06-CD160,CRC.P0123_C000149:1,NoClonal
P0123,NTC128-20180123,CD8,CD8_C05-CD6,CRC.P0123_C000155:1,NoClonal
P0123,PTR58-20180123,other,NA,CRC.P0123_C000156:1,NoClonal
P0123,TP7106-20180123,CD4,CD4_C05-CXCR6,CRC.P0123_C000157:1,NoClonal
P0123,NP779-20180123,CD4,CD4_C06-CXCR5,CRC.P0123_C000158:1,NoClonal
P0123,PTH51-20180123,DN,NA,CRC.P0123_C000159:1,NoClonal
P0123,PP7-106-20180123,CD4,CD4_C01-CCR7,CRC.P0123_C000160:1,NoClonal
P0123,NTH22-20180123,CD4,CD4_C06-CXCR5,CRC.P0123_C000161:1,NoClonal
P0123,NTH31-20180123,DN,NA,CRC.P0123_C000162:1,NoClonal
P0123,NTC60-20180123,CD8,CD8_C01-LEF1,CRC.P0123_C000166:1,NoClonal
P0123,PTH58-20180123,CD4,CD4_C01-CCR7,CRC.P0123_C000168:1,NoClonal
P0123,TTR156-20180123,CD4,CD4_C12-CTLA4,CRC.P0123_C000170:1,NoClonal
P0123,NTC102-20180123,CD8,CD8_C05-CD6,CRC.P0123_C000171:1,NoClonal
P0123,PTR23-20180123,DN,NA,CRC.P0123_C000172:1,NoClonal
P0123,NTH5-20180123,CD4,CD4_C04-TCF7,CRC.P0123_C000173:1,NoClonal
P0123,TTH121-20180123,other,NA,CRC.P0123_C000176:1,NoClonal
P0123,TTC118-20180123,CD8,CD8_C07-LAYN,CRC.P0123_C000177:1,NoClonal
P0123,TTH165-20180123,DN,NA,CRC.P0123_C000178:1,NoClonal
P0123,TTH162-20180123,DN,NA,CRC.P0123_C000179:1,NoClonal
P0123,TP7143-20180123,CD4,CD4_C12-CTLA4,CRC.P0123_C000181:1,NoClonal
P0123,NP777-20180123,DN,NA,CRC.P0123_C000182:1,NoClonal
P0123,NTR87-20180123,DN,NA,CRC.P0123_C000184:1,NoClonal
P0123,PTH68-20180123,DN,NA,CRC.P0123_C000185:1,NoClonal
P0123,PTR29-20180123,CD4,CD4_C02-ANXA1,CRC.P0123_C000186:1,NoClonal
P0123,TTH49-20180123,CD4,CD4_C07-GZMK,CRC.P0123_C000188:1,NoClonal
P0123,NTR15-20180123,CD4,CD4_C12-CTLA4,CRC.P0123_C000189:1,NoClonal
P0123,TTR143-20180123,DN,NA,CRC.P0123_C000190:1,NoClonal
P0123,TP775-20180123,CD4,CD4_C12-CTLA4,CRC.P0123_C000191:1,NoClonal
P0123,TP722-20180123,CD4,CD4_C09-CXCL13,CRC.P0123_C000192:1,NoClonal
P0123,PTR48-20180123,CD4,CD4_C01-CCR7,CRC.P0123_C000193:1,NoClonal
P0123,PP7-132-20180123,DN,NA,CRC.P0123_C000194:1,NoClonal
P0123,PP7-163-20180123,DN,NA,CRC.P0123_C000196:1,NoClonal
P0123,PTH34-20180123,CD4,CD4_C01-CCR7,CRC.P0123_C000197:1,NoClonal
P0123,PTH3-20180123,CD4,CD4_C01-CCR7,CRC.P0123_C000198:1,NoClonal
P0123,TTH138-20180123,CD4,CD4_C08-IL23R,CRC.P0123_C000199:1,NoClonal
P0123,NTR4-20180123,CD4,CD4_C05-CXCR6,CRC.P0123_C000201:1,NoClonal
P0123,PP7-107-20180123,DN,NA,CRC.P0123_C000202:1,NoClonal
P0123,PTH52-20180123,CD4,CD4_C01-CCR7,CRC.P0123_C000203:1,NoClonal
P0123,PTR33-20180123,CD4,CD4_C02-ANXA1,CRC.P0123_C000204:1,NoClonal
P0123,PTH87-20180123,CD4,CD4_C01-CCR7,CRC.P0123_C000205:1,NoClonal
P0123,TTH30-20180123,CD4,CD4_C05-CXCR6,CRC.P0123_C000207:1,NoClonal
P0123,TTC23-20180123,other,NA,CRC.P0123_C000208:1,NoClonal
P0123,PTH72-20180123,CD4,CD4_C02-ANXA1,CRC.P0123_C000209:1,NoClonal
P0123,NTR81-20180123,CD4,CD4_C05-CXCR6,CRC.P0123_C000212:1,NoClonal
P0123,NTR40-20180123,CD4,CD4_C04-TCF7,CRC.P0123_C000214:1,NoClonal
P0123,TP7168-20180123,CD4,CD4_C05-CXCR6,CRC.P0123_C000215:1,NoClonal
P0123,TTR180-20180123,CD4,CD4_C12-CTLA4,CRC.P0123_C000217:1,NoClonal
P0123,NTR38-20180123,CD4,CD4_C05-CXCR6,CRC.P0123_C000218:1,NoClonal
P0123,PTH84-20180123,CD4,CD4_C01-CCR7,CRC.P0123_C000219:1,NoClonal
P0123,TP734-20180123,CD4,CD4_C12-CTLA4,CRC.P0123_C000220:1,NoClonal
P0123,PP7-118-20180123,CD4,CD4_C01-CCR7,CRC.P0123_C000221:1,NoClonal
P0123,PP7-129-20180123,CD4,CD4_C01-CCR7,CRC.P0123_C000222:1,NoClonal
P0123,PTR80-20180123,CD4,CD4_C02-ANXA1,CRC.P0123_C000223:1,NoClonal
P0123,NTR6-20180123,CD4,CD4_C05-CXCR6,CRC.P0123_C000224:1,NoClonal
P0123,PP7-97-20180123,CD4,CD4_C02-ANXA1,CRC.P0123_C000225:1,NoClonal
P0123,TTH70-20180123,CD4,CD4_C05-CXCR6,CRC.P0123_C000228:1,NoClonal
P0123,NTH4-20180123,other,NA,CRC.P0123_C000229:1,NoClonal
P0123,TTR7-20180123,CD4,CD4_C12-CTLA4,CRC.P0123_C000230:1,NoClonal
P0123,PTR66-20180123,DN,NA,CRC.P0123_C000231:1,NoClonal
P0123,TTH150-20180123,CD4,CD4_C05-CXCR6,CRC.P0123_C000232:1,NoClonal
P0123,NTC143-20180123,CD8,CD8_C05-CD6,CRC.P0123_C000233:1,NoClonal
P0123,PTR73-20180123,DN,NA,CRC.P0123_C000234:1,NoClonal
P0123,NTR20-20180123,other,NA,CRC.P0123_C000235:1,NoClonal
P0123,PTR32-20180123,DN,NA,CRC.P0123_C000236:1,NoClonal
P0123,TTH16-20180123,CD4,CD4_C05-CXCR6,CRC.P0123_C000237:1,NoClonal
P0123,NP74-20180123,CD4,CD4_C11-IL10,CRC.P0123_C000238:1,NoClonal
P0123,PP7-139-20180123,other,NA,CRC.P0123_C000239:1,NoClonal
P0123,NTC145-20180123,CD8,CD8_C05-CD6,CRC.P0123_C000240:1,NoClonal
P0123,NTH24-20180123,other,NA,CRC.P0123_C000243:1,NoClonal
P0123,TTR163-20180123,CD4,CD4_C12-CTLA4,CRC.P0123_C000244:1,NoClonal
P0123,NP721-20180123,other,NA,CRC.P0123_C000245:1,NoClonal
P0123,TP774-20180123,CD4,CD4_C05-CXCR6,CRC.P0123_C000246:1,NoClonal
P0123,TTH20-20180123,CD4,CD4_C12-CTLA4,CRC.P0123_C000247:1,NoClonal
P0123,TTR112-20180123,CD4,CD4_C08-IL23R,CRC.P0123_C000248:1,NoClonal
P0123,PP7-173-20180123,DN,NA,CRC.P0123_C000251:1,NoClonal
P0123,NTH27-20180123,CD4,CD4_C04-TCF7,CRC.P0123_C000252:1,NoClonal
P0123,NTH29-20180123,CD4,CD4_C06-CXCR5,CRC.P0123_C000253:1,NoClonal
P0123,NP790-20180123,other,NA,CRC.P0123_C000254:1,NoClonal
P0123,PP7-100-20180123,CD4,CD4_C01-CCR7,CRC.P0123_C000256:1,NoClonal
P0123,NP780-20180123,CD4,CD4_C04-TCF7,CRC.P0123_C000257:1,NoClonal
P0123,TTR56-20180123,CD4,CD4_C12-CTLA4,CRC.P0123_C000258:1,NoClonal
P0123,NTH80-20180123,DN,NA,CRC.P0123_C000259:1,NoClonal
P0123,NTC57-20180123,CD8,CD8_C05-CD6,CRC.P0123_C000260:1,NoClonal
P0123,TTH173-20180123,other,NA,CRC.P0123_C000264:1,NoClonal
P0123,TTH94-20180123,CD4,CD4_C12-CTLA4,CRC.P0123_C000265:1,NoClonal
P0123,PTH25-20180123,CD4,CD4_C01-CCR7,CRC.P0123_C000266:1,NoClonal
P0123,TTR2-20180123,CD4,CD4_C12-CTLA4,CRC.P0123_C000267:1,NoClonal
P0123,PP7-172-20180123,DN,NA,CRC.P0123_C000268:1,NoClonal
P0123,TP7191-20180123,CD4,CD4_C04-TCF7,CRC.P0123_C000269:1,NoClonal
P0123,PTH79-20180123,CD4,CD4_C03-GNLY,CRC.P0123_C000270:1,NoClonal
P0123,TTR115-20180123,CD4,CD4_C08-IL23R,CRC.P0123_C000271:1,NoClonal
P0123,PTR42-20180123,other,NA,CRC.P0123_C000272:1,NoClonal
P0123,NTR24-20180123,CD4,CD4_C11-IL10,CRC.P0123_C000273:1,NoClonal
P0123,PTH2-20180123,CD4,CD4_C01-CCR7,CRC.P0123_C000274:1,NoClonal
P0123,PP7-114-20180123,CD4,CD4_C01-CCR7,CRC.P0123_C000275:1,NoClonal
P0123,TTR69-20180123,CD4,CD4_C12-CTLA4,CRC.P0123_C000277:1,NoClonal
P0123,NTH62-20180123,CD4,CD4_C04-TCF7,CRC.P0123_C000278:1,NoClonal
P0123,TP710-20180123,CD4,CD4_C05-CXCR6,CRC.P0123_C000279:1,NoClonal
P0123,TP75-20180123,CD4,CD4_C05-CXCR6,CRC.P0123_C000281:1,NoClonal
P0123,NTR11-20180123,CD4,CD4_C11-IL10,CRC.P0123_C000283:1,NoClonal
P0123,TTH63-20180123,DN,NA,CRC.P0123_C000284:1,NoClonal
P0123,NTR79-20180123,CD4,CD4_C05-CXCR6,CRC.P0123_C000285:1,NoClonal
P0123,NTR45-20180123,CD4,CD4_C12-CTLA4,CRC.P0123_C000286:1,NoClonal
P0123,PP7-160-20180123,CD4,CD4_C01-CCR7,CRC.P0123_C000287:1,NoClonal
P0123,TP7176-20180123,DN,NA,CRC.P0123_C000288:1,NoClonal
P0123,PTR69-20180123,CD4,CD4_C02-ANXA1,CRC.P0123_C000289:1,NoClonal
P0123,TTC4-20180123,CD8,CD8_C07-LAYN,CRC.P0123_C000291:1,NoClonal
P0123,NTH81-20180123,CD4,CD4_C11-IL10,CRC.P0123_C000292:1,NoClonal
P0123,NP772-20180123,CD4,CD4_C05-CXCR6,CRC.P0123_C000293:1,NoClonal
P0123,NP728-20180123,DN,NA,CRC.P0123_C000294:1,NoClonal
P0123,TTH79-20180123,CD4,CD4_C05-CXCR6,CRC.P0123_C000295:1,NoClonal
P0123,TTC188-20180123,other,NA,CRC.P0123_C000297:1,NoClonal
P0123,NTC170-20180123,CD8,CD8_C06-CD160,CRC.P0123_C000298:1,NoClonal
P0123,NTR74-20180123,CD4,CD4_C07-GZMK,CRC.P0123_C000300:1,NoClonal
P0123,PTR35-20180123,DN,NA,CRC.P0123_C000301:1,NoClonal
P0123,NP739-20180123,DN,NA,CRC.P0123_C000302:1,NoClonal
P0123,NTC123-20180123,CD8,CD8_C04-GZMK,CRC.P0123_C000308:1,NoClonal
P0123,NTC186-20180123,CD8,CD8_C08-SLC4A10,CRC.P0123_C000311:1,NoClonal
P0123,PTR34-20180123,DN,NA,CRC.P0123_C000312:1,NoClonal
P0123,PTH48-20180123,DN,NA,CRC.P0123_C000313:1,NoClonal
P0123,NTC17-20180123,CD8,CD8_C04-GZMK,CRC.P0123_C000315:1,NoClonal
P0123,PP7-165-20180123,CD4,NA,CRC.P0123_C000317:1,NoClonal
P0123,TTR83-20180123,DN,NA,CRC.P0123_C000318:1,NoClonal
P0123,NP738-20180123,CD4,CD4_C11-IL10,CRC.P0123_C000319:1,NoClonal
P0123,TTR70-20180123,CD4,CD4_C12-CTLA4,CRC.P0123_C000320:1,NoClonal
P0123,TTR142-20180123,CD4,CD4_C12-CTLA4,CRC.P0123_C000321:1,NoClonal
P0123,PP7-119-20180123,CD4,CD4_C10-FOXP3,CRC.P0123_C000322:1,NoClonal
P0123,NTH21-20180123,other,NA,CRC.P0123_C000323:1,NoClonal
P0123,NTH32-20180123,CD4,CD4_C04-TCF7,CRC.P0123_C000324:1,NoClonal
P0123,NP71-20180123,CD4,CD4_C05-CXCR6,CRC.P0123_C000326:1,NoClonal
P0123,NTC24-20180123,CD8,CD8_C05-CD6,CRC.P0123_C000327:1,NoClonal
P0123,PTH92-20180123,DN,NA,CRC.P0123_C000329:1,NoClonal
P0123,PTR12-20180123,CD4,CD4_C10-FOXP3,CRC.P0123_C000330:1,NoClonal
P0123,TTH87-20180123,CD4,CD4_C07-GZMK,CRC.P0123_C000332:1,NoClonal
P0123,PTR30-20180123,DN,NA,CRC.P0123_C000334:1,NoClonal
P0123,PP7-153-20180123,DN,NA,CRC.P0123_C000335:1,NoClonal
P0123,NP731-20180123,DN,NA,CRC.P0123_C000336:1,NoClonal
P0123,PTR70-20180123,DN,NA,CRC.P0123_C000337:1,NoClonal
P0123,NP73-20180123,CD4,CD4_C04-TCF7,CRC.P0123_C000340:1,NoClonal
P0123,PP7-178-20180123,CD4,CD4_C01-CCR7,CRC.P0123_C000341:1,NoClonal
P0123,TP7150-20180123,CD4,CD4_C05-CXCR6,CRC.P0123_C000342:1,NoClonal
P0123,PTH91-20180123,CD4,CD4_C02-ANXA1,CRC.P0123_C000343:1,NoClonal
P0123,TTC127-20180123,other,NA,CRC.P0123_C000344:1,NoClonal
P0123,TP7103-20180123,CD4,CD4_C10-FOXP3,CRC.P0123_C000345:1,NoClonal
P0123,NTR73-20180123,CD4,CD4_C04-TCF7,CRC.P0123_C000346:1,NoClonal
P0123,NTC101-20180123,CD8,CD8_C04-GZMK,CRC.P0123_C000347:1,NoClonal
P0123,TTR125-20180123,CD4,NA,CRC.P0123_C000348:1,NoClonal
P0123,PTC80-20180123,CD8,CD8_C03-CX3CR1,CRC.P0123_C000350:1,NoClonal
P0123,TTC180-20180123,CD8,CD8_C07-LAYN,CRC.P0123_C000351:1,NoClonal
P0123,NTH96-20180123,CD4,CD4_C06-CXCR5,CRC.P0123_C000352:1,NoClonal
P0123,PTR43-20180123,CD4,CD4_C02-ANXA1,CRC.P0123_C000353:1,NoClonal
P0123,TTH102-20180123,other,NA,CRC.P0123_C000354:1,NoClonal
P0123,NTR39-20180123,CD4,CD4_C11-IL10,CRC.P0123_C000355:1,NoClonal
P0123,NTR16-20180123,CD4,CD4_C05-CXCR6,CRC.P0123_C000356:1,NoClonal
P0123,PTR2-20180123,CD4,CD4_C02-ANXA1,CRC.P0123_C000357:1,NoClonal
P0123,NTR95-20180123,CD4,CD4_C12-CTLA4,CRC.P0123_C000358:1,NoClonal
P0123,NTH82-20180123,CD4,CD4_C04-TCF7,CRC.P0123_C000359:1,NoClonal
P0123,NTH61-20180123,DN,NA,CRC.P0123_C000360:1,NoClonal
P0123,PTH12-20180123,CD4,CD4_C01-CCR7,CRC.P0123_C000361:1,NoClonal
P0123,TTH4-20180123,CD4,CD4_C07-GZMK,CRC.P0123_C000362:1,NoClonal
P0123,NTR12-20180123,CD4,CD4_C11-IL10,CRC.P0123_C000363:1,NoClonal
P0123,PTC10-20180123,CD8,CD8_C03-CX3CR1,CRC.P0123_C000364:1,NoClonal
P0123,NTR7-20180123,CD4,CD4_C11-IL10,CRC.P0123_C000365:1,NoClonal
P0123,PTH27-20180123,other,NA,CRC.P0123_C000366:1,NoClonal
P0123,NTR23-20180123,CD4,CD4_C11-IL10,CRC.P0123_C000367:1,NoClonal
P0123,NTR62-20180123,CD4,CD4_C05-CXCR6,CRC.P0123_C000368:1,NoClonal
P0123,PP7-127-20180123,other,NA,CRC.P0123_C000370:1,NoClonal
P0123,PTR16-20180123,CD4,CD4_C10-FOXP3,CRC.P0123_C000371:1,NoClonal
P0123,TP7147-20180123,CD4,CD4_C12-CTLA4,CRC.P0123_C000372:1,NoClonal
P0123,TTH107-20180123,CD4,CD4_C10-FOXP3,CRC.P0123_C000376:1,NoClonal
P0123,PTC13-20180123,CD8,CD8_C08-SLC4A10,CRC.P0123_C000377:1,NoClonal
P0123,NTC119-20180123,CD8,CD8_C05-CD6,CRC.P0123_C000379:1,NoClonal
P0123,NTC32-20180123,CD8,CD8_C04-GZMK,CRC.P0123_C000380:1,NoClonal
P0123,NP762-20180123,CD4,CD4_C04-TCF7,CRC.P0123_C000381:1,NoClonal
P0123,NTC165-20180123,CD8,CD8_C05-CD6,CRC.P0123_C000382:1,NoClonal
P0123,PTR40-20180123,CD4,CD4_C10-FOXP3,CRC.P0123_C000383:1,NoClonal
P0123,TTH58-20180123,other,NA,CRC.P0123_C000384:1,NoClonal
P0123,PTR65-20180123,DN,NA,CRC.P0123_C000385:1,NoClonal
P0123,PTH49-20180123,DN,NA,CRC.P0123_C000387:1,NoClonal
P0123,PTH83-20180123,DN,NA,CRC.P0123_C000388:1,NoClonal
P0123,PTR8-20180123,other,NA,CRC.P0123_C000389:1,NoClonal
P0123,PTH55-20180123,DN,NA,CRC.P0123_C000390:1,NoClonal
P0123,NTR66-20180123,DN,NA,CRC.P0123_C000391:1,NoClonal
P0123,TP757-20180123,CD4,CD4_C05-CXCR6,CRC.P0123_C000392:1,NoClonal
P0123,PTR20-20180123,other,NA,CRC.P0123_C000393:1,NoClonal
P0123,PP7-191-20180123,DN,NA,CRC.P0123_C000395:1,NoClonal
P0123,TTH32-20180123,CD4,CD4_C07-GZMK,CRC.P0123_C000396:1,NoClonal
P0123,NTH6-20180123,CD4,CD4_C05-CXCR6,CRC.P0123_C000397:1,NoClonal
P0123,TP792-20180123,CD4,CD4_C04-TCF7,CRC.P0123_C000398:1,NoClonal
P0123,PP7-146-20180123,DN,NA,CRC.P0123_C000399:1,NoClonal
P0123,TTH54-20180123,DN,NA,CRC.P0123_C000400:1,NoClonal
P0123,PTC63-20180123,other,NA,CRC.P0123_C000401:1,NoClonal
P0123,NTR86-20180123,DN,NA,CRC.P0123_C000402:1,NoClonal
P0123,PTH43-20180123,CD4,CD4_C01-CCR7,CRC.P0123_C000403:1,NoClonal
P0123,TP7100-20180123,DN,NA,CRC.P0123_C000404:1,NoClonal
P0123,TTR16-20180123,CD4,CD4_C12-CTLA4,CRC.P0123_C000405:1,NoClonal
P0123,PTR25-20180123,CD4,CD4_C01-CCR7,CRC.P0123_C000406:1,NoClonal
P0123,TTC189-20180123,CD8,CD8_C07-LAYN,CRC.P0123_C000407:1,NoClonal
P0123,NTC106-20180123,CD8,CD8_C05-CD6,CRC.P0123_C000408:1,NoClonal
P0123,PP7-135-20180123,DN,NA,CRC.P0123_C000409:1,NoClonal
P0123,NTR90-20180123,DN,NA,CRC.P0123_C000410:1,NoClonal
P0123,PTR7-20180123,DN,NA,CRC.P0123_C000411:1,NoClonal
P0123,PP7-166-20180123,CD4,CD4_C02-ANXA1,CRC.P0123_C000412:1,NoClonal
P0123,NTR21-20180123,CD4,CD4_C12-CTLA4,CRC.P0123_C000413:1,NoClonal
P0123,PTH62-20180123,CD4,CD4_C01-CCR7,CRC.P0123_C000415:1,NoClonal
P0123,TP796-20180123,CD4,CD4_C12-CTLA4,CRC.P0123_C000416:1,NoClonal
P0123,PP7-136-20180123,DN,NA,CRC.P0123_C000418:1,NoClonal
P0123,TP7102-20180123,CD4,CD4_C12-CTLA4,CRC.P0123_C000419:1,NoClonal
P0123,TTC141-20180123,CD8,CD8_C07-LAYN,CRC.P0123_C000421:1,NoClonal
P0123,NTC176-20180123,CD8,CD8_C06-CD160,CRC.P0123_C000422:1,NoClonal
P0123,TP7118-20180123,DN,NA,CRC.P0123_C000424:1,NoClonal
P0123,PTR6-20180123,CD4,CD4_C10-FOXP3,CRC.P0123_C000425:1,NoClonal
P0123,NP727-20180123,DN,NA,CRC.P0123_C000426:1,NoClonal
P0123,PTR67-20180123,CD4,CD4_C10-FOXP3,CRC.P0123_C000429:1,NoClonal
P0123,PTR93-20180123,CD4,CD4_C02-ANXA1,CRC.P0123_C000430:1,NoClonal
P0123,TP7190-20180123,CD4,CD4_C12-CTLA4,CRC.P0123_C000431:1,NoClonal
P0123,TTR55-20180123,CD4,CD4_C12-CTLA4,CRC.P0123_C000433:1,NoClonal
P0123,PP7-141-20180123,DN,NA,CRC.P0123_C000434:1,NoClonal
P0123,PTR68-20180123,CD4,CD4_C02-ANXA1,CRC.P0123_C000435:1,NoClonal
P0123,TTC99-20180123,CD8,CD8_C05-CD6,CRC.P0123_C000436:1,NoClonal
P0123,TTH154-20180123,CD4,CD4_C05-CXCR6,CRC.P0123_C000437:1,NoClonal
P0123,PTH28-20180123,DN,NA,CRC.P0123_C000438:1,NoClonal
P0123,TTH120-20180123,CD4,CD4_C05-CXCR6,CRC.P0123_C000439:1,NoClonal
P0123,TTR11-20180123,CD4,CD4_C12-CTLA4,CRC.P0123_C000440:1,NoClonal
P0123,PTR50-20180123,DN,NA,CRC.P0123_C000441:1,NoClonal
P0123,TP7117-20180123,CD4,CD4_C12-CTLA4,CRC.P0123_C000442:1,NoClonal
P0123,NTC122-20180123,CD8,CD8_C04-GZMK,CRC.P0123_C000443:1,NoClonal
P0123,TP761-20180123,CD4,CD4_C05-CXCR6,CRC.P0123_C000444:1,NoClonal
P0123,PP7-134-20180123,CD4,CD4_C01-CCR7,CRC.P0123_C000445:1,NoClonal
P0123,TTR25-20180123,DN,NA,CRC.P0123_C000447:1,NoClonal
P0123,TP7162-20180123,CD4,CD4_C05-CXCR6,CRC.P0123_C000448:1,NoClonal
P0123,NTR29-20180123,CD4,CD4_C11-IL10,CRC.P0123_C000449:1,NoClonal
P0123,TTH104-20180123,CD4,CD4_C05-CXCR6,CRC.P0123_C000450:1,NoClonal
P0123,NTR14-20180123,CD4,CD4_C12-CTLA4,CRC.P0123_C000453:1,NoClonal
P0123,NTR36-20180123,DN,NA,CRC.P0123_C000454:1,NoClonal
P0123,PP7-155-20180123,CD4,CD4_C02-ANXA1,CRC.P0123_C000455:1,NoClonal
P0123,NP713-20180123,DN,NA,CRC.P0123_C000456:1,NoClonal
P0123,PTC89-20180123,CD8,CD8_C03-CX3CR1,CRC.P0123_C000457:1,NoClonal
P0123,TTH118-20180123,CD4,CD4_C05-CXCR6,CRC.P0123_C000461:1,NoClonal
P0123,TTH34-20180123,DN,NA,CRC.P0123_C000462:1,NoClonal
P0123,TTH141-20180123,CD4,CD4_C05-CXCR6,CRC.P0123_C000463:1,NoClonal
P0123,PP7-189-20180123,DN,NA,CRC.P0123_C000464:1,NoClonal
P0123,NTH79-20180123,DN,NA,CRC.P0123_C000465:1,NoClonal
P0123,NP791-20180123,DN,NA,CRC.P0123_C000466:1,NoClonal
P0123,TTR27-20180123,DN,NA,CRC.P0123_C000467:1,NoClonal
P0123,PTH53-20180123,other,NA,CRC.P0123_C000469:1,NoClonal
P0123,NP764-20180123,CD4,CD4_C04-TCF7,CRC.P0123_C000470:1,NoClonal
P0123,PTR92-20180123,CD4,CD4_C01-CCR7,CRC.P0123_C000472:1,NoClonal
P0123,TTR170-20180123,CD4,CD4_C12-CTLA4,CRC.P0123_C000473:1,NoClonal
P0123,TTR176-20180123,CD4,CD4_C12-CTLA4,CRC.P0123_C000474:1,NoClonal
P0123,TP72-20180123,DN,NA,CRC.P0123_C000475:1,NoClonal
P0123,NP747-20180123,other,NA,CRC.P0123_C000480:1,NoClonal
P0123,PTR84-20180123,DN,NA,CRC.P0123_C000481:1,NoClonal
P0123,NP72-20180123,CD4,CD4_C06-CXCR5,CRC.P0123_C000482:1,NoClonal
P0123,PTR94-20180123,other,NA,CRC.P0123_C000485:1,NoClonal
P0123,PTC20-20180123,CD8,CD8_C03-CX3CR1,CRC.P0123_C000486:1,NoClonal
P0123,NP744-20180123,CD4,CD4_C04-TCF7,CRC.P0123_C000487:1,NoClonal
P0123,PP7-182-20180123,CD4,CD4_C01-CCR7,CRC.P0123_C000488:1,NoClonal
P0123,PTR10-20180123,other,NA,CRC.P0123_C000489:1,NoClonal
P0123,NTR54-20180123,CD4,CD4_C11-IL10,CRC.P0123_C000490:1,NoClonal
P0123,PTR39-20180123,DN,NA,CRC.P0123_C000491:1,NoClonal
P0123,PTH93-20180123,CD4,CD4_C02-ANXA1,CRC.P0123_C000492:1,NoClonal
P0123,NTR18-20180123,CD4,CD4_C11-IL10,CRC.P0123_C000493:1,NoClonal
P0123,PTH32-20180123,CD4,CD4_C02-ANXA1,CRC.P0123_C000494:1,NoClonal
P0123,PP7-124-20180123,DN,NA,CRC.P0123_C000495:1,NoClonal
P0123,NTC11-20180123,CD8,CD8_C01-LEF1,CRC.P0123_C000496:1,NoClonal
P0123,TTR61-20180123,CD4,CD4_C12-CTLA4,CRC.P0123_C000497:1,NoClonal
P0123,NTH30-20180123,DN,NA,CRC.P0123_C000498:1,NoClonal
P0123,NP79-20180123,CD4,CD4_C04-TCF7,CRC.P0123_C000501:1,NoClonal
P0123,PTR91-20180123,DN,NA,CRC.P0123_C000502:1,NoClonal
P0123,TP7109-20180123,DN,NA,CRC.P0123_C000503:1,NoClonal
P0123,PTR87-20180123,DN,NA,CRC.P0123_C000505:1,NoClonal
P0123,NP783-20180123,CD4,CD4_C04-TCF7,CRC.P0123_C000507:1,NoClonal
P0123,TP794-20180123,CD4,CD4_C07-GZMK,CRC.P0123_C000512:1,NoClonal
P0123,PTC57-20180123,DN,NA,CRC.P0123_C000513:1,NoClonal
P0123,PTH73-20180123,CD4,CD4_C02-ANXA1,CRC.P0123_C000514:1,NoClonal
P0123,TTC167-20180123,CD8,CD8_C04-GZMK,CRC.P0123_C000515:1,NoClonal
P0123,PTH26-20180123,DN,NA,CRC.P0123_C000516:1,NoClonal
P0123,PTR28-20180123,other,NA,CRC.P0123_C000519:1,NoClonal
P0123,NTC132-20180123,CD8,CD8_C04-GZMK,CRC.P0123_C000522:1,NoClonal
P0123,NTR58-20180123,CD4,CD4_C05-CXCR6,CRC.P0123_C000523:1,NoClonal
P0123,PTH37-20180123,CD4,CD4_C02-ANXA1,CRC.P0123_C000525:1,NoClonal
P0123,TTR40-20180123,other,NA,CRC.P0123_C000526:1,NoClonal
P0123,TP714-20180123,CD4,CD4_C09-CXCL13,CRC.P0123_C000527:1,NoClonal
P0123,PP7-125-20180123,DN,NA,CRC.P0123_C000529:1,NoClonal
P0123,TTR133-20180123,CD4,CD4_C12-CTLA4,CRC.P0123_C000530:1,NoClonal
P0123,PTR27-20180123,CD4,CD4_C02-ANXA1,CRC.P0123_C000531:1,NoClonal
P0123,PP7-140-20180123,other,NA,CRC.P0123_C000532:1,NoClonal
P0123,PP7-126-20180123,DN,NA,CRC.P0123_C000533:1,NoClonal
P0123,PTH69-20180123,CD4,CD4_C01-CCR7,CRC.P0123_C000534:1,NoClonal
P0123,PTR4-20180123,DN,NA,CRC.P0123_C000535:1,NoClonal
P0123,PTR52-20180123,CD4,CD4_C02-ANXA1,CRC.P0123_C000536:1,NoClonal
P0123,TTR104-20180123,CD4,CD4_C12-CTLA4,CRC.P0123_C000537:1,NoClonal
P0123,TP743-20180123,DN,NA,CRC.P0123_C000538:1,NoClonal
P0123,NP754-20180123,CD4,CD4_C06-CXCR5,CRC.P0123_C000539:1,NoClonal
P0123,TP760-20180123,CD4,CD4_C12-CTLA4,CRC.P0123_C000540:1,NoClonal
P0123,NTH71-20180123,CD4,CD4_C04-TCF7,CRC.P0123_C000541:1,NoClonal
P0123,NTR53-20180123,CD4,CD4_C05-CXCR6,CRC.P0123_C000542:1,NoClonal
P0123,TTR10-20180123,DN,NA,CRC.P0123_C000543:1,NoClonal
P0123,PTR90-20180123,CD4,CD4_C10-FOXP3,CRC.P0123_C000544:1,NoClonal
P0123,TTH64-20180123,CD4,CD4_C07-GZMK,CRC.P0123_C000545:1,NoClonal
P0123,NTR76-20180123,DN,NA,CRC.P0123_C000546:1,NoClonal
P0123,NTH94-20180123,CD4,CD4_C04-TCF7,CRC.P0123_C000547:1,NoClonal
P0123,PTR77-20180123,CD4,CD4_C10-FOXP3,CRC.P0123_C000548:1,NoClonal
P0123,TTC130-20180123,CD8,CD8_C07-LAYN,CRC.P0123_C000549:1,NoClonal
P0123,PTH11-20180123,CD4,CD4_C01-CCR7,CRC.P0123_C000550:1,NoClonal
P0123,TP771-20180123,DN,NA,CRC.P0123_C000551:1,NoClonal
P0123,TTR110-20180123,CD4,CD4_C12-CTLA4,CRC.P0123_C000553:1,NoClonal
P0123,NP724-20180123,CD4,CD4_C05-CXCR6,CRC.P0123_C000554:1,NoClonal
P0123,NP763-20180123,CD4,CD4_C11-IL10,CRC.P0123_C000556:1,NoClonal
P0123,NTR80-20180123,CD4,CD4_C11-IL10,CRC.P0123_C000557:1,NoClonal
P0123,PTH96-20180123,CD4,CD4_C01-CCR7,CRC.P0123_C000558:1,NoClonal
P0123,TTR47-20180123,CD4,CD4_C12-CTLA4,CRC.P0123_C000559:1,NoClonal
P0123,PTH59-20180123,other,NA,CRC.P0123_C000560:1,NoClonal
P0123,PTH95-20180123,CD4,CD4_C01-CCR7,CRC.P0123_C000561:1,NoClonal
P0123,TTH66-20180123,CD4,CD4_C09-CXCL13,CRC.P0123_C000562:1,NoClonal
P0123,TTC168-20180123,CD8,CD8_C07-LAYN,CRC.P0123_C000563:1,NoClonal
P0123,PTR86-20180123,CD4,CD4_C10-FOXP3,CRC.P0123_C000564:1,NoClonal
P0123,NP755-20180123,CD4,CD4_C04-TCF7,CRC.P0123_C000565:1,NoClonal
P0123,PTR1-20180123,DN,NA,CRC.P0123_C000567:1,NoClonal
P0123,TP727-20180123,CD4,CD4_C12-CTLA4,CRC.P0123_C000568:1,NoClonal
P0123,TTH11-20180123,DN,NA,CRC.P0123_C000569:1,NoClonal
P0123,NTC144-20180123,CD8,CD8_C04-GZMK,CRC.P0123_C000571:1,NoClonal
P0123,TTR34-20180123,CD4,CD4_C12-CTLA4,CRC.P0123_C000572:1,NoClonal
P0123,TTC129-20180123,CD8,CD8_C07-LAYN,CRC.P0123_C000573:1,NoClonal
P0123,TTR39-20180123,DN,NA,CRC.P0123_C000576:1,NoClonal
P0123,NTR85-20180123,DN,NA,CRC.P0123_C000577:1,NoClonal
P0123,TTH98-20180123,other,NA,CRC.P0123_C000579:1,NoClonal
P0123,NTR22-20180123,CD4,CD4_C11-IL10,CRC.P0123_C000580:1,NoClonal
P0123,TTH95-20180123,DN,NA,CRC.P0123_C000582:1,NoClonal
P0123,NTR46-20180123,CD4,CD4_C11-IL10,CRC.P0123_C000583:1,NoClonal
P0123,PTH40-20180123,CD4,CD4_C01-CCR7,CRC.P0123_C000584:1,NoClonal
P0123,PTR89-20180123,DN,NA,CRC.P0123_C000585:1,NoClonal
P0123,PTR64-20180123,CD4,CD4_C02-ANXA1,CRC.P0123_C000586:1,NoClonal
P0123,TTR126-20180123,CD4,CD4_C12-CTLA4,CRC.P0123_C000587:1,NoClonal
P0123,PTH19-20180123,CD4,CD4_C01-CCR7,CRC.P0123_C000588:1,NoClonal
P0123,TTR135-20180123,CD4,CD4_C12-CTLA4,CRC.P0123_C000589:1,NoClonal
P0123,TTH10-20180123,CD4,CD4_C12-CTLA4,CRC.P0123_C000590:1,NoClonal
P0123,PP7-156-20180123,CD4,CD4_C02-ANXA1,CRC.P0123_C000591:1,NoClonal
P0123,PTR81-20180123,DN,NA,CRC.P0123_C000592:1,NoClonal
P0123,PTC37-20180123,CD8,CD8_C03-CX3CR1,CRC.P0123_C000593:1,NoClonal
P0123,TTR13-20180123,CD4,CD4_C12-CTLA4,CRC.P0123_C000594:1,NoClonal
P0123,TP7129-20180123,CD4,CD4_C11-IL10,CRC.P0123_C000595:1,NoClonal
P0123,PTH45-20180123,CD4,CD4_C02-ANXA1,CRC.P0123_C000596:1,NoClonal
P0123,NTR27-20180123,other,NA,CRC.P0123_C000597:1,NoClonal
P0123,NTC157-20180123,CD8,CD8_C05-CD6,CRC.P0123_C000598:1,NoClonal
P0123,PTR76-20180123,CD4,CD4_C10-FOXP3,CRC.P0123_C000599:1,NoClonal
P0123,TP7155-20180123,CD4,CD4_C02-ANXA1,CRC.P0123_C000600:1,NoClonal
P0123,PTH18-20180123,DN,NA,CRC.P0123_C000601:1,NoClonal
P0123,TTR29-20180123,CD4,CD4_C12-CTLA4,CRC.P0123_C000602:1,NoClonal
P0123,TTC132-20180123,CD8,CD8_C07-LAYN,CRC.P0123_C000605:1,NoClonal
P0123,NTR34-20180123,CD4,CD4_C04-TCF7,CRC.P0123_C000606:1,NoClonal
P0123,TP7167-20180123,CD4,CD4_C05-CXCR6,CRC.P0123_C000607:1,NoClonal
P0123,PTC73-20180123,other,NA,CRC.P0123_C000608:1,NoClonal
P0123,TTR97-20180123,CD4,CD4_C12-CTLA4,CRC.P0123_C000609:1,NoClonal
P0123,TTH129-20180123,CD4,CD4_C07-GZMK,CRC.P0123_C000610:1,NoClonal
P0123,TTR181-20180123,CD4,CD4_C12-CTLA4,CRC.P0123_C000611:1,NoClonal
P0123,TTH71-20180123,CD4,CD4_C12-CTLA4,CRC.P0123_C000612:1,NoClonal
P0123,TTR120-20180123,CD4,CD4_C12-CTLA4,CRC.P0123_C000613:1,NoClonal
P0123,NTR67-20180123,DN,NA,CRC.P0123_C000614:1,NoClonal
P0123,TP758-20180123,DN,NA,CRC.P0123_C000615:1,NoClonal
P0123,NTC168-20180123,CD8,CD8_C06-CD160,CRC.P0123_C000616:1,NoClonal
P0123,NTR49-20180123,DN,NA,CRC.P0123_C000617:1,NoClonal
P0123,TTH115-20180123,CD4,CD4_C07-GZMK,CRC.P0123_C000618:1,NoClonal
P0123,NP769-20180123,DN,NA,CRC.P0123_C000619:1,NoClonal
P0123,TTR19-20180123,CD4,CD4_C12-CTLA4,CRC.P0123_C000620:1,NoClonal
P0123,TTH167-20180123,CD4,CD4_C05-CXCR6,CRC.P0123_C000621:1,NoClonal
P0123,PTH82-20180123,CD4,CD4_C01-CCR7,CRC.P0123_C000622:1,NoClonal
P0123,PTH80-20180123,CD4,CD4_C01-CCR7,CRC.P0123_C000623:1,NoClonal
P0123,PTH89-20180123,CD4,CD4_C01-CCR7,CRC.P0123_C000626:1,NoClonal
P0123,NTH19-20180123,CD4,CD4_C05-CXCR6,CRC.P0123_C000628:1,NoClonal
P0123,PTH74-20180123,CD4,CD4_C01-CCR7,CRC.P0123_C000629:1,NoClonal
P0123,PTR71-20180123,DN,NA,CRC.P0123_C000630:1,NoClonal
P0123,NTH85-20180123,DN,NA,CRC.P0123_C000631:1,NoClonal
P0123,PTC77-20180123,CD8,CD8_C02-GPR183,CRC.P0123_C000633:1,NoClonal
P0123,PTR9-20180123,CD4,CD4_C10-FOXP3,CRC.P0123_C000634:1,NoClonal
P0123,NTR31-20180123,DN,NA,CRC.P0123_C000635:1,NoClonal
P0123,PTH60-20180123,CD4,CD4_C01-CCR7,CRC.P0123_C000636:1,NoClonal
P0123,NTC138-20180123,CD8,CD8_C05-CD6,CRC.P0123_C000638:1,NoClonal
P0123,NTH54-20180123,CD4,CD4_C04-TCF7,CRC.P0123_C000639:1,NoClonal
P0123,NTR72-20180123,CD4,CD4_C12-CTLA4,CRC.P0123_C000640:1,NoClonal
P0123,TTC3-20180123,CD8,CD8_C07-LAYN,CRC.P0123_C000641:1,NoClonal
P0123,NTH46-20180123,other,NA,CRC.P0123_C000643:1,NoClonal
P0123,NTH72-20180123,DN,NA,CRC.P0123_C000644:1,NoClonal
P0123,NTH13-20180123,DN,NA,CRC.P0123_C000645:1,NoClonal
P0123,PTR95-20180123,DN,NA,CRC.P0123_C000650:1,NoClonal
P0123,NP714-20180123,CD4,CD4_C05-CXCR6,CRC.P0123_C000651:1,NoClonal
P0123,PTH54-20180123,CD4,CD4_C01-CCR7,CRC.P0123_C000652:1,NoClonal
P0123,TP7104-20180123,DN,NA,CRC.P0123_C000653:1,NoClonal
P0123,PTC86-20180123,CD8,CD8_C03-CX3CR1,CRC.P0123_C000654:1,NoClonal
P0123,PP7-152-20180123,CD4,CD4_C02-ANXA1,CRC.P0123_C000656:1,NoClonal
P0123,NTR10-20180123,other,NA,CRC.P0123_C000657:1,NoClonal
P0123,PP7-158-20180123,DN,NA,CRC.P0123_C000658:1,NoClonal
P0123,TTC143-20180123,CD8,CD8_C07-LAYN,CRC.P0123_C000659:1,NoClonal
P0123,PTH94-20180123,CD4,CD4_C01-CCR7,CRC.P0123_C000660:1,NoClonal
P0123,TTH111-20180123,CD4,CD4_C05-CXCR6,CRC.P0123_C000662:1,NoClonal
P0123,NTR57-20180123,CD4,CD4_C01-CCR7,CRC.P0123_C000663:1,NoClonal
P0123,PP7-99-20180123,CD4,CD4_C02-ANXA1,CRC.P0123_C000664:1,NoClonal
P0123,NP795-20180123,CD4,CD4_C04-TCF7,CRC.P0123_C000665:1,NoClonal
P0123,TP7108-20180123,CD4,CD4_C05-CXCR6,CRC.P0123_C000666:1,NoClonal
P0123,NTH35-20180123,CD4,CD4_C04-TCF7,CRC.P0123_C000668:1,NoClonal
P0123,TP799-20180123,CD4,CD4_C12-CTLA4,CRC.P0123_C000669:1,NoClonal
P0123,TP7114-20180123,DN,NA,CRC.P0123_C000670:1,NoClonal
P0123,PP7-162-20180123,CD4,CD4_C01-CCR7,CRC.P0123_C000671:1,NoClonal
P0123,TTC152-20180123,CD8,CD8_C07-LAYN,CRC.P0123_C000672:1,NoClonal
P0123,TTC181-20180123,CD8,CD8_C07-LAYN,CRC.P0123_C000673:1,NoClonal
P0123,NTC152-20180123,CD8,CD8_C05-CD6,CRC.P0123_C000674:1,NoClonal
P0123,NTR69-20180123,CD4,CD4_C04-TCF7,CRC.P0123_C000675:1,NoClonal
P0123,TTH44-20180123,CD4,CD4_C06-CXCR5,CRC.P0123_C000676:1,NoClonal
P0123,PTH30-20180123,CD4,CD4_C01-CCR7,CRC.P0123_C000677:1,NoClonal
P0123,TP7141-20180123,DN,NA,CRC.P0123_C000678:1,NoClonal
P0123,PTH56-20180123,CD4,CD4_C01-CCR7,CRC.P0123_C000679:1,NoClonal
P0123,PP7-122-20180123,CD4,CD4_C03-GNLY,CRC.P0123_C000680:1,NoClonal
P0123,PTR13-20180123,DN,NA,CRC.P0123_C000682:1,NoClonal
P0123,NTC180-20180123,CD8,CD8_C04-GZMK,CRC.P0123_C000683:1,NoClonal
P0123,PP7-168-20180123,DN,NA,CRC.P0123_C000685:1,NoClonal
P0123,NTH47-20180123,CD4,CD4_C04-TCF7,CRC.P0123_C000687:1,NoClonal
P0123,NTH59-20180123,DN,NA,CRC.P0123_C000688:1,NoClonal
P0123,NTH76-20180123,DN,NA,CRC.P0123_C000689:1,NoClonal
P0123,NTH8-20180123,DN,NA,CRC.P0123_C000690:1,NoClonal
P0123,TP7151-20180123,CD4,CD4_C12-CTLA4,CRC.P0123_C000691:1,NoClonal
P0123,TP778-20180123,CD4,CD4_C12-CTLA4,CRC.P0123_C000692:1,NoClonal
P0123,TTC142-20180123,CD8,CD8_C07-LAYN,CRC.P0123_C000693:1,NoClonal
P0123,TP762-20180123,DN,NA,CRC.P0123_C000694:1,NoClonal
P0123,PTH61-20180123,CD4,CD4_C01-CCR7,CRC.P0123_C000695:1,NoClonal
P0123,TP7192-20180123,CD4,CD4_C12-CTLA4,CRC.P0123_C000696:1,NoClonal
P0123,NTH17-20180123,CD4,CD4_C04-TCF7,CRC.P0123_C000697:1,NoClonal
P0123,NTC48-20180123,CD8,CD8_C05-CD6,CRC.P0123_C000698:1,NoClonal
P0123,NTH41-20180123,DN,NA,CRC.P0123_C000699:1,NoClonal
P0123,NTC171-20180123,CD8,CD8_C06-CD160,CRC.P0123_C000700:1,NoClonal
P0123,NP75-20180123,CD4,CD4_C04-TCF7,CRC.P0123_C000701:1,NoClonal
P0123,NTR8-20180123,DN,NA,CRC.P0123_C000702:1,NoClonal
P0123,PTR78-20180123,CD4,CD4_C02-ANXA1,CRC.P0123_C000703:1,NoClonal
P0123,NTC130-20180123,DN,NA,CRC.P0123_C000704:1,NoClonal
P0123,NTH95-20180123,CD4,CD4_C04-TCF7,CRC.P0123_C000705:1,NoClonal
P0123,NP732-20180123,DN,NA,CRC.P0123_C000706:1,NoClonal
P0123,PP7-102-20180123,other,NA,CRC.P0123_C000707:1,NoClonal
P0123,TTR179-20180123,CD4,CD4_C12-CTLA4,CRC.P0123_C000708:1,NoClonal
P0123,NP787-20180123,DN,NA,CRC.P0123_C000709:1,NoClonal
P0123,TTR35-20180123,CD4,CD4_C12-CTLA4,CRC.P0123_C000710:1,NoClonal
P0123,TTR191-20180123,CD4,CD4_C12-CTLA4,CRC.P0123_C000711:1,NoClonal
P0123,TTH47-20180123,CD4,CD4_C06-CXCR5,CRC.P0123_C000712:1,NoClonal
P0123,PTH36-20180123,CD4,CD4_C01-CCR7,CRC.P0123_C000713:1,NoClonal
P0123,TTC131-20180123,CD8,CD8_C07-LAYN,CRC.P0123_C000714:1,NoClonal
P0123,PP7-138-20180123,DN,NA,CRC.P0123_C000715:1,NoClonal
P0123,TTR87-20180123,DN,NA,CRC.P0123_C000716:1,NoClonal
P0123,NTC124-20180123,CD8,CD8_C04-GZMK,CRC.P0123_C000717:1,NoClonal
P0123,TTH26-20180123,CD4,CD4_C12-CTLA4,CRC.P0123_C000718:1,NoClonal
P0123,TTH124-20180123,DN,NA,CRC.P0123_C000720:1,NoClonal
P0123,NTR5-20180123,CD4,CD4_C05-CXCR6,CRC.P0123_C000721:1,NoClonal
P0123,TTH45-20180123,DN,NA,CRC.P0123_C000723:1,NoClonal
P0123,TTH57-20180123,CD4,CD4_C05-CXCR6,CRC.P0123_C000725:1,NoClonal
P0123,TTC1-20180123,CD8,CD8_C04-GZMK,CRC.P0123_C000726:1,NoClonal
P0123,PTR38-20180123,CD4,CD4_C02-ANXA1,CRC.P0123_C000727:1,NoClonal
P0123,PTR88-20180123,DN,NA,CRC.P0123_C000728:1,NoClonal
P0123,TTC146-20180123,CD8,CD8_C04-GZMK,CRC.P0123_C000730:1,NoClonal
P0123,TTC7-20180123,CD8,CD8_C07-LAYN,CRC.P0123_C000731:1,NoClonal
P0123,NP796-20180123,CD4,CD4_C04-TCF7,CRC.P0123_C000732:1,NoClonal
P0123,NTR37-20180123,CD4,CD4_C05-CXCR6,CRC.P0123_C000733:1,NoClonal
P0123,TTR173-20180123,CD4,CD4_C12-CTLA4,CRC.P0123_C000734:1,NoClonal
P0123,TTH117-20180123,other,NA,CRC.P0123_C000735:1,NoClonal
P0123,TP7134-20180123,DN,NA,CRC.P0123_C000736:1,NoClonal
P0123,PTR14-20180123,CD4,CD4_C10-FOXP3,CRC.P0123_C000737:1,NoClonal
P0123,PTH70-20180123,CD4,CD4_C01-CCR7,CRC.P0123_C000738:1,NoClonal
P0123,PTC16-20180123,other,NA,CRC.P0123_C000740:1,NoClonal
P0123,PTC1-20180123,CD8,CD8_C03-CX3CR1,CRC.P0123_C000741:1,NoClonal
P0123,TTH125-20180123,CD4,CD4_C05-CXCR6,CRC.P0123_C000742:1,NoClonal
P0123,NP770-20180123,DN,NA,CRC.P0123_C000743:1,NoClonal
P0123,NTC187-20180123,CD8,CD8_C05-CD6,CRC.P0123_C000745:1,NoClonal
P0123,TP7128-20180123,CD4,CD4_C09-CXCL13,CRC.P0123_C000746:1,NoClonal
P0123,NTH93-20180123,DN,NA,CRC.P0123_C000747:1,NoClonal
P0123,NTH37-20180123,CD4,CD4_C06-CXCR5,CRC.P0123_C000748:1,NoClonal
P0123,PTH21-20180123,CD4,CD4_C03-GNLY,CRC.P0123_C000749:1,NoClonal
P0123,PTR3-20180123,DN,NA,CRC.P0123_C000751:1,NoClonal
P0123,PP7-116-20180123,CD4,CD4_C02-ANXA1,CRC.P0123_C000752:1,NoClonal
P0123,PTR44-20180123,CD4,CD4_C01-CCR7,CRC.P0123_C000753:1,NoClonal
P0123,PP7-111-20180123,other,NA,CRC.P0123_C000755:1,NoClonal
P0123,NTR71-20180123,CD4,CD4_C05-CXCR6,CRC.P0123_C000756:1,NoClonal
P0123,TTH1-20180123,CD4,CD4_C10-FOXP3,CRC.P0123_C000757:1,NoClonal
P0123,TTR21-20180123,CD4,CD4_C12-CTLA4,CRC.P0123_C000758:1,NoClonal
P0123,TTH90-20180123,CD4,CD4_C07-GZMK,CRC.P0123_C000759:1,NoClonal
P0123,NTH52-20180123,CD4,CD4_C04-TCF7,CRC.P0123_C000760:1,NoClonal
P0123,PP7-105-20180123,other,NA,CRC.P0123_C000761:1,NoClonal
P0123,NP710-20180123,CD4,CD4_C11-IL10,CRC.P0123_C000762:1,NoClonal
P0123,NTC146-20180123,CD8,CD8_C04-GZMK,CRC.P0123_C000763:1,NoClonal
P0123,TTR85-20180123,CD4,CD4_C12-CTLA4,CRC.P0123_C000764:1,NoClonal
P0123,TTH97-20180123,CD4,CD4_C05-CXCR6,CRC.P0123_C000765:1,NoClonal
P0123,PTR72-20180123,CD4,CD4_C01-CCR7,CRC.P0123_C000766:1,NoClonal
P0123,NTH20-20180123,CD4,CD4_C04-TCF7,CRC.P0123_C000767:1,NoClonal
P0123,NTH3-20180123,DN,NA,CRC.P0123_C000768:1,NoClonal
P0123,TTH159-20180123,DN,NA,CRC.P0123_C000769:1,NoClonal
P0123,PTC21-20180123,CD8,CD8_C08-SLC4A10,CRC.P0123_C000770:1,NoClonal
P0123,TP788-20180123,CD4,CD4_C12-CTLA4,CRC.P0123_C000771:1,NoClonal
P0123,TTH31-20180123,CD4,CD4_C05-CXCR6,CRC.P0123_C000772:1,NoClonal
P0123,NTH70-20180123,other,NA,CRC.P0123_C000774:1,NoClonal
P0123,PP7-185-20180123,CD4,CD4_C01-CCR7,CRC.P0123_C000775:1,NoClonal
P0123,TTH68-20180123,other,NA,CRC.P0123_C000776:1,NoClonal
P0123,PP7-161-20180123,DN,NA,CRC.P0123_C000777:1,NoClonal
P0123,NTH38-20180123,CD4,CD4_C04-TCF7,CRC.P0123_C000778:1,NoClonal
P0123,TP7171-20180123,CD4,CD4_C05-CXCR6,CRC.P0123_C000779:1,NoClonal
P0123,NTH48-20180123,DN,NA,CRC.P0123_C000781:1,NoClonal
P0123,NTH89-20180123,other,NA,CRC.P0123_C000783:1,NoClonal
P0123,PP7-121-20180123,other,NA,CRC.P0123_C000784:1,NoClonal
P0123,PTR46-20180123,CD4,CD4_C10-FOXP3,CRC.P0123_C000785:1,NoClonal
P0123,NP789-20180123,DN,NA,CRC.P0123_C000786:1,NoClonal
P0123,NTC72-20180123,CD8,CD8_C04-GZMK,CRC.P0123_C000787:1,NoClonal
P0123,PP7-110-20180123,DN,NA,CRC.P0123_C000788:1,NoClonal
P0123,NTR42-20180123,CD4,CD4_C06-CXCR5,CRC.P0123_C000789:1,NoClonal
P0123,NTR70-20180123,CD4,CD4_C11-IL10,CRC.P0123_C000790:1,NoClonal
P0123,NTC21-20180123,CD8,CD8_C05-CD6,CRC.P0123_C000791:1,NoClonal
P0123,NP794-20180123,other,NA,CRC.P0123_C000792:1,NoClonal
P0123,TTR42-20180123,CD4,CD4_C12-CTLA4,CRC.P0123_C000793:1,NoClonal
P0123,NTH60-20180123,DN,NA,CRC.P0123_C000794:1,NoClonal
P0123,PP7-179-20180123,CD4,CD4_C02-ANXA1,CRC.P0123_C000796:1,NoClonal
P0123,NTH86-20180123,DN,NA,CRC.P0123_C000797:1,NoClonal
P0123,PTH13-20180123,DN,NA,CRC.P0123_C000798:1,NoClonal
P0123,TP718-20180123,CD4,CD4_C08-IL23R,CRC.P0123_C000799:1,NoClonal
P0123,NP746-20180123,CD4,CD4_C04-TCF7,CRC.P0123_C000801:1,NoClonal
P0123,TTH27-20180123,DN,NA,CRC.P0123_C000802:1,NoClonal
P0123,TP790-20180123,CD4,CD4_C12-CTLA4,CRC.P0123_C000803:1,NoClonal
P0123,NTC118-20180123,CD8,CD8_C06-CD160,CRC.P0123_C000804:1,NoClonal
P0123,NTH63-20180123,DN,NA,CRC.P0123_C000805:1,NoClonal
P0123,NTH57-20180123,CD4,CD4_C05-CXCR6,CRC.P0123_C000806:1,NoClonal
P0123,PTH64-20180123,CD4,CD4_C01-CCR7,CRC.P0123_C000807:1,NoClonal
P0123,NTR59-20180123,CD4,CD4_C12-CTLA4,CRC.P0123_C000808:1,NoClonal
P0123,PP7-171-20180123,CD4,CD4_C01-CCR7,CRC.P0123_C000809:1,NoClonal
P0123,NP740-20180123,other,NA,CRC.P0123_C000810:1,NoClonal
P0123,TTC165-20180123,CD8,CD8_C07-LAYN,CRC.P0123_C000811:1,NoClonal
P0123,TTC176-20180123,CD8,CD8_C07-LAYN,CRC.P0123_C000813:1,NoClonal
P0123,NTH64-20180123,CD4,CD4_C04-TCF7,CRC.P0123_C000814:1,NoClonal
P0123,PTR51-20180123,CD4,CD4_C02-ANXA1,CRC.P0123_C000815:1,NoClonal
P0123,TP7140-20180123,CD4,CD4_C09-CXCL13,CRC.P0123_C000816:1,NoClonal
P0123,NTR19-20180123,CD4,CD4_C11-IL10,CRC.P0123_C000817:1,NoClonal
P0123,PTC68-20180123,CD8,CD8_C02-GPR183,CRC.P0123_C000818:1,NoClonal
P0123,TTR118-20180123,CD4,CD4_C12-CTLA4,CRC.P0123_C000819:1,NoClonal
P0123,PTC62-20180123,CD8,CD8_C03-CX3CR1,CRC.P0123_C000820:1,NoClonal
P0123,NTH44-20180123,other,NA,CRC.P0123_C000821:1,NoClonal
P0123,PTR54-20180123,CD4,CD4_C01-CCR7,CRC.P0123_C000822:1,NoClonal
P0123,NTR93-20180123,CD4,CD4_C11-IL10,CRC.P0123_C000823:1,NoClonal
P0123,NTR89-20180123,DN,NA,CRC.P0123_C000824:1,NoClonal
P0123,PTH23-20180123,DN,NA,CRC.P0123_C000825:1,NoClonal
P0123,PTC72-20180123,CD8,CD8_C08-SLC4A10,CRC.P0123_C000826:1,NoClonal
P0123,NTC167-20180123,CD8,CD8_C04-GZMK,CRC.P0123_C000827:1,NoClonal
P0123,PTR24-20180123,DN,NA,CRC.P0123_C000828:1,NoClonal
P0123,TTC135-20180123,DN,NA,CRC.P0123_C000829:1,NoClonal
P0123,TTH25-20180123,CD4,CD4_C12-CTLA4,CRC.P0123_C000830:1,NoClonal
P0123,NTR65-20180123,DN,NA,CRC.P0123_C000831:1,NoClonal
P0123,TTR168-20180123,CD4,CD4_C12-CTLA4,CRC.P0123_C000832:1,NoClonal
P0123,PTR59-20180123,CD4,CD4_C01-CCR7,CRC.P0123_C000834:1,NoClonal
P0123,PTR85-20180123,CD4,CD4_C10-FOXP3,CRC.P0123_C000835:1,NoClonal
P0123,NP768-20180123,DN,NA,CRC.P0123_C000836:1,NoClonal
P0123,PTH88-20180123,other,NA,CRC.P0123_C000838:1,NoClonal
P0123,NTH7-20180123,CD4,CD4_C07-GZMK,CRC.P0123_C000839:1,NoClonal
P0123,PTC91-20180123,other,NA,CRC.P0123_C000840:1,NoClonal
P0123,PP7-157-20180123,other,NA,CRC.P0123_C000841:1,NoClonal
P0215,TTC52-20170215,CD8,CD8_C02-GPR183,CRC.P0215_C000013:36,Clonal
P0215,PTC46-20170215,CD8,CD8_C03-CX3CR1,CRC.P0215_C000013:36,Clonal
P0215,PTC49-20170215,CD8,CD8_C03-CX3CR1,CRC.P0215_C000013:36,Clonal
P0215,PTC45-20170215,CD8,CD8_C03-CX3CR1,CRC.P0215_C000013:36,Clonal
P0215,PTC28-20170215,CD8,CD8_C03-CX3CR1,CRC.P0215_C000013:36,Clonal
P0215,PTC58-20170215,CD8,CD8_C03-CX3CR1,CRC.P0215_C000013:36,Clonal
P0215,PTC9-20170215,CD8,CD8_C03-CX3CR1,CRC.P0215_C000013:36,Clonal
P0215,PTC11-20170215,CD8,CD8_C03-CX3CR1,CRC.P0215_C000013:36,Clonal
P0215,PTC60-20170215,CD8,CD8_C03-CX3CR1,CRC.P0215_C000013:36,Clonal
P0215,TTC61-20170215,CD8,CD8_C04-GZMK,CRC.P0215_C000013:36,Clonal
P0215,TTC170-20170215,CD8,CD8_C04-GZMK,CRC.P0215_C000013:36,Clonal
P0215,TTC161-20170215,CD8,CD8_C04-GZMK,CRC.P0215_C000013:36,Clonal
P0215,TTC173-20170215,CD8,CD8_C04-GZMK,CRC.P0215_C000013:36,Clonal
P0215,TTC166-20170215,CD8,CD8_C04-GZMK,CRC.P0215_C000013:36,Clonal
P0215,TTC131-20170215,CD8,CD8_C04-GZMK,CRC.P0215_C000013:36,Clonal
P0215,TTC94-20170215,CD8,CD8_C04-GZMK,CRC.P0215_C000013:36,Clonal
P0215,NTC43-20170215,CD8,CD8_C04-GZMK,CRC.P0215_C000013:36,Clonal
P0215,TTC110-20170215,CD8,CD8_C04-GZMK,CRC.P0215_C000013:36,Clonal
P0215,TTC87-20170215,CD8,CD8_C04-GZMK,CRC.P0215_C000013:36,Clonal
P0215,TTC175-20170215,CD8,CD8_C04-GZMK,CRC.P0215_C000013:36,Clonal
P0215,NTC61-20170215,CD8,CD8_C04-GZMK,CRC.P0215_C000013:36,Clonal
P0215,TTC103-20170215,CD8,CD8_C04-GZMK,CRC.P0215_C000013:36,Clonal
P0215,TTC178-20170215,CD8,CD8_C04-GZMK,CRC.P0215_C000013:36,Clonal
P0215,TTC77-20170215,CD8,CD8_C04-GZMK,CRC.P0215_C000013:36,Clonal
P0215,TTC42-20170215,CD8,CD8_C04-GZMK,CRC.P0215_C000013:36,Clonal
P0215,TTC184-20170215,CD8,CD8_C04-GZMK,CRC.P0215_C000013:36,Clonal
P0215,TTC164-20170215,CD8,CD8_C04-GZMK,CRC.P0215_C000013:36,Clonal
P0215,TTC83-20170215,CD8,CD8_C04-GZMK,CRC.P0215_C000013:36,Clonal
P0215,TTC74-20170215,CD8,CD8_C04-GZMK,CRC.P0215_C000013:36,Clonal
P0215,TTC153-20170215,CD8,CD8_C04-GZMK,CRC.P0215_C000013:36,Clonal
P0215,TTC104-20170215,CD8,CD8_C04-GZMK,CRC.P0215_C000013:36,Clonal
P0215,TTC140-20170215,CD8,CD8_C04-GZMK,CRC.P0215_C000013:36,Clonal
P0215,TTC124-20170215,CD8,CD8_C04-GZMK,CRC.P0215_C000013:36,Clonal
P0215,TTC149-20170215,CD8,CD8_C07-LAYN,CRC.P0215_C000013:36,Clonal
P0215,TTC68-20170215,CD8,CD8_C07-LAYN,CRC.P0215_C000013:36,Clonal
P0215,TTC36-20170215,other,NA,CRC.P0215_C000013:36,Clonal
P0215,TTC120-20170215,CD8,CD8_C05-CD6,CRC.P0215_C000084:18,Clonal
P0215,NTC20-20170215,CD8,CD8_C05-CD6,CRC.P0215_C000084:18,Clonal
P0215,NTC80-20170215,CD8,CD8_C05-CD6,CRC.P0215_C000084:18,Clonal
P0215,NTC38-20170215,CD8,CD8_C05-CD6,CRC.P0215_C000084:18,Clonal
P0215,NTC53-20170215,CD8,CD8_C05-CD6,CRC.P0215_C000084:18,Clonal
P0215,TTC157-20170215,CD8,CD8_C05-CD6,CRC.P0215_C000084:18,Clonal
P0215,TTC151-20170215,CD8,CD8_C05-CD6,CRC.P0215_C000084:18,Clonal
P0215,NTC87-20170215,CD8,CD8_C05-CD6,CRC.P0215_C000084:18,Clonal
P0215,NTC91-20170215,CD8,CD8_C05-CD6,CRC.P0215_C000084:18,Clonal
P0215,NTC48-20170215,CD8,CD8_C05-CD6,CRC.P0215_C000084:18,Clonal
P0215,NTC93-20170215,CD8,CD8_C05-CD6,CRC.P0215_C000084:18,Clonal
P0215,NTC37-20170215,CD8,CD8_C05-CD6,CRC.P0215_C000084:18,Clonal
P0215,NTC14-20170215,CD8,CD8_C05-CD6,CRC.P0215_C000084:18,Clonal
P0215,NTC18-20170215,CD8,CD8_C05-CD6,CRC.P0215_C000084:18,Clonal
P0215,NTC46-20170215,CD8,CD8_C05-CD6,CRC.P0215_C000084:18,Clonal
P0215,NTC26-20170215,CD8,CD8_C05-CD6,CRC.P0215_C000084:18,Clonal
P0215,NTC6-20170215,CD8,CD8_C05-CD6,CRC.P0215_C000084:18,Clonal
P0215,NTC49-20170215,CD8,CD8_C05-CD6,CRC.P0215_C000084:18,Clonal
P0215,TTC129-20170215,CD8,CD8_C04-GZMK,CRC.P0215_C000034:16,Clonal
P0215,TTC183-20170215,CD8,CD8_C04-GZMK,CRC.P0215_C000034:16,Clonal
P0215,TTC105-20170215,CD8,CD8_C04-GZMK,CRC.P0215_C000034:16,Clonal
P0215,NTC52-20170215,CD8,CD8_C04-GZMK,CRC.P0215_C000034:16,Clonal
P0215,NTC70-20170215,CD8,CD8_C04-GZMK,CRC.P0215_C000034:16,Clonal
P0215,TTC53-20170215,CD8,CD8_C04-GZMK,CRC.P0215_C000034:16,Clonal
P0215,TTC85-20170215,CD8,CD8_C04-GZMK,CRC.P0215_C000034:16,Clonal
P0215,TTC91-20170215,CD8,CD8_C04-GZMK,CRC.P0215_C000034:16,Clonal
P0215,TTC189-20170215,CD8,CD8_C07-LAYN,CRC.P0215_C000034:16,Clonal
P0215,TTC147-20170215,CD8,CD8_C07-LAYN,CRC.P0215_C000034:16,Clonal
P0215,TTC167-20170215,CD8,CD8_C07-LAYN,CRC.P0215_C000034:16,Clonal
P0215,TTC118-20170215,CD8,CD8_C07-LAYN,CRC.P0215_C000034:16,Clonal
P0215,NTC47-20170215,CD8,CD8_C07-LAYN,CRC.P0215_C000034:16,Clonal
P0215,TTC97-20170215,CD8,CD8_C07-LAYN,CRC.P0215_C000034:16,Clonal
P0215,TTC38-20170215,DP,NA,CRC.P0215_C000034:16,Clonal
P0215,TTC50-20170215,DP,NA,CRC.P0215_C000034:16,Clonal
P0215,TTC181-20170215,CD8,CD8_C07-LAYN,CRC.P0215_C000040:13,Clonal
P0215,TTC79-20170215,CD8,CD8_C07-LAYN,CRC.P0215_C000040:13,Clonal
P0215,TTC33-20170215,CD8,CD8_C07-LAYN,CRC.P0215_C000040:13,Clonal
P0215,TTC177-20170215,CD8,CD8_C07-LAYN,CRC.P0215_C000040:13,Clonal
P0215,TTC67-20170215,CD8,CD8_C07-LAYN,CRC.P0215_C000040:13,Clonal
P0215,TTC126-20170215,CD8,CD8_C07-LAYN,CRC.P0215_C000040:13,Clonal
P0215,TTC89-20170215,CD8,CD8_C07-LAYN,CRC.P0215_C000040:13,Clonal
P0215,TTC107-20170215,CD8,CD8_C07-LAYN,CRC.P0215_C000040:13,Clonal
P0215,TTC180-20170215,CD8,CD8_C07-LAYN,CRC.P0215_C000040:13,Clonal
P0215,TTC81-20170215,CD8,CD8_C07-LAYN,CRC.P0215_C000040:13,Clonal
P0215,TTC65-20170215,CD8,CD8_C07-LAYN,CRC.P0215_C000040:13,Clonal
P0215,TTC162-20170215,CD8,CD8_C07-LAYN,CRC.P0215_C000040:13,Clonal
P0215,TTC95-20170215,CD8,CD8_C07-LAYN,CRC.P0215_C000040:13,Clonal
P0215,PTC57-20170215,CD8,CD8_C03-CX3CR1,CRC.P0215_C000196:12,Clonal
P0215,PTC33-20170215,CD8,CD8_C03-CX3CR1,CRC.P0215_C000196:12,Clonal
P0215,TTC179-20170215,CD8,CD8_C03-CX3CR1,CRC.P0215_C000196:12,Clonal
P0215,PTC74-20170215,CD8,CD8_C03-CX3CR1,CRC.P0215_C000196:12,Clonal
P0215,PTC75-20170215,CD8,CD8_C03-CX3CR1,CRC.P0215_C000196:12,Clonal
P0215,PTC18-20170215,CD8,CD8_C03-CX3CR1,CRC.P0215_C000196:12,Clonal
P0215,PTC95-20170215,CD8,CD8_C03-CX3CR1,CRC.P0215_C000196:12,Clonal
P0215,PTC21-20170215,CD8,CD8_C03-CX3CR1,CRC.P0215_C000196:12,Clonal
P0215,PTC32-20170215,CD8,CD8_C03-CX3CR1,CRC.P0215_C000196:12,Clonal
P0215,PTC17-20170215,CD8,CD8_C03-CX3CR1,CRC.P0215_C000196:12,Clonal
P0215,TTC96-20170215,CD8,CD8_C04-GZMK,CRC.P0215_C000196:12,Clonal
P0215,TTC113-20170215,CD8,CD8_C04-GZMK,CRC.P0215_C000196:12,Clonal
P0215,TTR23-20170215,CD4,CD4_C08-IL23R,CRC.P0215_C000031:6,Clonal
P0215,TTH19-20170215,CD4,CD4_C08-IL23R,CRC.P0215_C000031:6,Clonal
P0215,TTR42-20170215,CD4,CD4_C08-IL23R,CRC.P0215_C000031:6,Clonal
P0215,TTR66-20170215,CD4,CD4_C12-CTLA4,CRC.P0215_C000031:6,Clonal
P0215,TTR25-20170215,CD4,CD4_C12-CTLA4,CRC.P0215_C000031:6,Clonal
P0215,TTH62-20170215,DN,NA,CRC.P0215_C000031:6,Clonal
P0215,NTC60-20170215,CD8,CD8_C05-CD6,CRC.P0215_C000001:5,Clonal
P0215,NTC27-20170215,CD8,CD8_C05-CD6,CRC.P0215_C000001:5,Clonal
P0215,NTC96-20170215,CD8,CD8_C05-CD6,CRC.P0215_C000001:5,Clonal
P0215,NTC84-20170215,CD8,CD8_C05-CD6,CRC.P0215_C000001:5,Clonal
P0215,NTC23-20170215,CD8,CD8_C05-CD6,CRC.P0215_C000001:5,Clonal
P0215,TTC154-20170215,CD8,CD8_C05-CD6,CRC.P0215_C000043:5,Clonal
P0215,NTC67-20170215,CD8,CD8_C05-CD6,CRC.P0215_C000043:5,Clonal
P0215,NTC45-20170215,CD8,CD8_C05-CD6,CRC.P0215_C000043:5,Clonal
P0215,NTC66-20170215,CD8,CD8_C05-CD6,CRC.P0215_C000043:5,Clonal
P0215,NTC64-20170215,CD8,CD8_C05-CD6,CRC.P0215_C000043:5,Clonal
P0215,TTC88-20170215,CD8,CD8_C06-CD160,CRC.P0215_C000112:5,Clonal
P0215,NTC4-20170215,CD8,CD8_C06-CD160,CRC.P0215_C000112:5,Clonal
P0215,NTC44-20170215,CD8,CD8_C06-CD160,CRC.P0215_C000112:5,Clonal
P0215,NTC92-20170215,CD8,CD8_C06-CD160,CRC.P0215_C000112:5,Clonal
P0215,NTC86-20170215,CD8,CD8_C06-CD160,CRC.P0215_C000112:5,Clonal
P0215,PTC87-20170215,CD8,CD8_C02-GPR183,CRC.P0215_C000012:4,Clonal
P0215,TTC76-20170215,CD8,CD8_C04-GZMK,CRC.P0215_C000012:4,Clonal
P0215,TTC119-20170215,CD8,CD8_C04-GZMK,CRC.P0215_C000012:4,Clonal
P0215,TTC43-20170215,other,NA,CRC.P0215_C000012:4,Clonal
P0215,TTH5-20170215,CD4,CD4_C08-IL23R,CRC.P0215_C000065:4,Clonal
P0215,TTR79-20170215,CD4,CD4_C08-IL23R,CRC.P0215_C000065:4,Clonal
P0215,TTR84-20170215,CD4,CD4_C09-CXCL13,CRC.P0215_C000065:4,Clonal
P0215,TTH121-20170215,DN,NA,CRC.P0215_C000065:4,Clonal
P0215,NTC63-20170215,CD8,CD8_C06-CD160,CRC.P0215_C000102:4,Clonal
P0215,NTC41-20170215,CD8,CD8_C06-CD160,CRC.P0215_C000102:4,Clonal
P0215,NTC68-20170215,CD8,CD8_C06-CD160,CRC.P0215_C000102:4,Clonal
P0215,NTC59-20170215,other,NA,CRC.P0215_C000102:4,Clonal
P0215,TTR103-20170215,CD4,CD4_C08-IL23R,CRC.P0215_C000142:4,Clonal
P0215,TTR37-20170215,CD4,CD4_C08-IL23R,CRC.P0215_C000142:4,Clonal
P0215,TTH106-20170215,other,NA,CRC.P0215_C000142:4,Clonal
P0215,TTH115-20170215,DN,NA,CRC.P0215_C000142:4,Clonal
P0215,TTH2-20170215,CD4,CD4_C05-CXCR6,CRC.P0215_C000026:3,Clonal
P0215,TTH61-20170215,CD4,CD4_C09-CXCL13,CRC.P0215_C000026:3,Clonal
P0215,PTH142-20170215,DN,NA,CRC.P0215_C000026:3,Clonal
P0215,NTC35-20170215,CD8,CD8_C06-CD160,CRC.P0215_C000032:3,Clonal
P0215,TTC70-20170215,CD8,CD8_C06-CD160,CRC.P0215_C000032:3,Clonal
P0215,NTC34-20170215,CD8,CD8_C06-CD160,CRC.P0215_C000032:3,Clonal
P0215,PTC26-20170215,CD8,CD8_C03-CX3CR1,CRC.P0215_C000041:3,Clonal
P0215,TTC155-20170215,CD8,CD8_C04-GZMK,CRC.P0215_C000041:3,Clonal
P0215,NTC7-20170215,CD8,CD8_C05-CD6,CRC.P0215_C000041:3,Clonal
P0215,NTC5-20170215,CD8,CD8_C05-CD6,CRC.P0215_C000120:3,Clonal
P0215,NTC39-20170215,CD8,CD8_C05-CD6,CRC.P0215_C000120:3,Clonal
P0215,NTC81-20170215,CD8,CD8_C05-CD6,CRC.P0215_C000120:3,Clonal
P0215,NTC74-20170215,CD8,CD8_C05-CD6,CRC.P0215_C000126:3,Clonal
P0215,TTC63-20170215,CD8,CD8_C05-CD6,CRC.P0215_C000126:3,Clonal
P0215,NTC28-20170215,CD8,CD8_C05-CD6,CRC.P0215_C000126:3,Clonal
P0215,NTC21-20170215,CD8,CD8_C04-GZMK,CRC.P0215_C000162:3,Clonal
P0215,TTC185-20170215,CD8,CD8_C04-GZMK,CRC.P0215_C000162:3,Clonal
P0215,TTC69-20170215,CD8,CD8_C05-CD6,CRC.P0215_C000162:3,Clonal
P0215,NTC1-20170215,CD8,CD8_C04-GZMK,CRC.P0215_C000188:3,Clonal
P0215,NTC8-20170215,CD8,CD8_C05-CD6,CRC.P0215_C000188:3,Clonal
P0215,NTC83-20170215,CD8,CD8_C05-CD6,CRC.P0215_C000188:3,Clonal
P0215,TTH16-20170215,CD4,CD4_C12-CTLA4,CRC.P0215_C000221:3,Clonal
P0215,TTR65-20170215,CD4,CD4_C12-CTLA4,CRC.P0215_C000221:3,Clonal
P0215,NTR17-20170215,CD4,CD4_C12-CTLA4,CRC.P0215_C000221:3,Clonal
P0215,TTR1-20170215,CD4,CD4_C12-CTLA4,CRC.P0215_C000257:3,Clonal
P0215,NTR7-20170215,CD4,CD4_C12-CTLA4,CRC.P0215_C000257:3,Clonal
P0215,TTR83-20170215,CD4,CD4_C12-CTLA4,CRC.P0215_C000257:3,Clonal
P0215,TTC159-20170215,CD8,CD8_C07-LAYN,CRC.P0215_C000029:2,Clonal
P0215,NTC88-20170215,CD8,CD8_C07-LAYN,CRC.P0215_C000029:2,Clonal
P0215,TTH11-20170215,CD4,CD4_C08-IL23R,CRC.P0215_C000030:2,Clonal
P0215,TTH127-20170215,DN,NA,CRC.P0215_C000030:2,Clonal
P0215,NTH56-20170215,CD4,CD4_C08-IL23R,CRC.P0215_C000037:2,Clonal
P0215,NTH69-20170215,DN,NA,CRC.P0215_C000037:2,Clonal
P0215,TTH87-20170215,CD4,CD4_C08-IL23R,CRC.P0215_C000044:2,Clonal
P0215,TTR90-20170215,CD4,CD4_C08-IL23R,CRC.P0215_C000044:2,Clonal
P0215,TTC142-20170215,CD8,CD8_C04-GZMK,CRC.P0215_C000046:2,Clonal
P0215,TTC92-20170215,CD8,CD8_C04-GZMK,CRC.P0215_C000046:2,Clonal
P0215,TTR93-20170215,CD4,CD4_C12-CTLA4,CRC.P0215_C000053:2,Clonal
P0215,TTR75-20170215,CD4,CD4_C12-CTLA4,CRC.P0215_C000053:2,Clonal
P0215,TTR24-20170215,CD4,CD4_C05-CXCR6,CRC.P0215_C000077:2,Clonal
P0215,TTR55-20170215,CD4,CD4_C07-GZMK,CRC.P0215_C000077:2,Clonal
P0215,TTC127-20170215,CD8,CD8_C04-GZMK,CRC.P0215_C000101:2,Clonal
P0215,TTC98-20170215,CD8,CD8_C07-LAYN,CRC.P0215_C000101:2,Clonal
P0215,TTC171-20170215,CD8,CD8_C06-CD160,CRC.P0215_C000113:2,Clonal
P0215,NTC32-20170215,CD8,CD8_C06-CD160,CRC.P0215_C000113:2,Clonal
P0215,NTR3-20170215,CD4,CD4_C08-IL23R,CRC.P0215_C000119:2,Clonal
P0215,TTH79-20170215,CD4,CD4_C08-IL23R,CRC.P0215_C000119:2,Clonal
P0215,NTC11-20170215,CD8,CD8_C05-CD6,CRC.P0215_C000125:2,Clonal
P0215,TTC146-20170215,CD8,CD8_C05-CD6,CRC.P0215_C000125:2,Clonal
P0215,TTR34-20170215,CD4,CD4_C12-CTLA4,CRC.P0215_C000127:2,Clonal
P0215,NTR1-20170215,CD4,CD4_C12-CTLA4,CRC.P0215_C000127:2,Clonal
P0215,TTC156-20170215,CD8,CD8_C04-GZMK,CRC.P0215_C000129:2,Clonal
P0215,NTC82-20170215,CD8,CD8_C05-CD6,CRC.P0215_C000129:2,Clonal
P0215,TTR21-20170215,CD4,CD4_C12-CTLA4,CRC.P0215_C000134:2,Clonal
P0215,NTR12-20170215,CD4,CD4_C12-CTLA4,CRC.P0215_C000134:2,Clonal
P0215,NTH12-20170215,CD4,CD4_C05-CXCR6,CRC.P0215_C000147:2,Clonal
P0215,NTH20-20170215,DN,NA,CRC.P0215_C000147:2,Clonal
P0215,TTR8-20170215,CD4,CD4_C12-CTLA4,CRC.P0215_C000174:2,Clonal
P0215,TTR11-20170215,CD4,CD4_C12-CTLA4,CRC.P0215_C000174:2,Clonal
P0215,TTR31-20170215,CD4,CD4_C12-CTLA4,CRC.P0215_C000176:2,Clonal
P0215,NTR19-20170215,other,NA,CRC.P0215_C000176:2,Clonal
P0215,NTC65-20170215,CD8,CD8_C05-CD6,CRC.P0215_C000180:2,Clonal
P0215,NTC56-20170215,CD8,CD8_C05-CD6,CRC.P0215_C000180:2,Clonal
P0215,TTR127-20170215,CD4,CD4_C05-CXCR6,CRC.P0215_C000195:2,Clonal
P0215,TTH48-20170215,CD4,CD4_C08-IL23R,CRC.P0215_C000195:2,Clonal
P0215,TTC46-20170215,CD8,CD8_C04-GZMK,CRC.P0215_C000197:2,Clonal
P0215,NTH7-20170215,DN,NA,CRC.P0215_C000197:2,Clonal
P0215,NTR4-20170215,CD4,CD4_C12-CTLA4,CRC.P0215_C000212:2,Clonal
P0215,NTR21-20170215,CD4,CD4_C12-CTLA4,CRC.P0215_C000212:2,Clonal
P0215,TTC152-20170215,CD8,CD8_C05-CD6,CRC.P0215_C000218:2,Clonal
P0215,NTC15-20170215,CD8,CD8_C05-CD6,CRC.P0215_C000218:2,Clonal
P0215,PTC70-20170215,CD8,CD8_C03-CX3CR1,CRC.P0215_C000220:2,Clonal
P0215,TTC93-20170215,CD8,CD8_C04-GZMK,CRC.P0215_C000220:2,Clonal
P0215,PTC10-20170215,CD8,CD8_C03-CX3CR1,CRC.P0215_C000306:2,Clonal
P0215,TTC71-20170215,CD8,CD8_C04-GZMK,CRC.P0215_C000306:2,Clonal
P0215,TTC34-20170215,DP,NA,CRC.P0215_C000367:2,Clonal
P0215,TTH91-20170215,other,NA,CRC.P0215_C000367:2,Clonal
P0215,TTH123-20170215,CD4,CD4_C05-CXCR6,CRC.P0215_C000392:2,Clonal
P0215,TTH1-20170215,CD4,CD4_C09-CXCL13,CRC.P0215_C000392:2,Clonal
P0215,PTC2-20170215,CD8,CD8_C03-CX3CR1,CRC.P0215_C000402:2,Clonal
P0215,TTC62-20170215,CD8,CD8_C04-GZMK,CRC.P0215_C000402:2,Clonal
P0215,PTR28-20170215,CD4,CD4_C02-ANXA1,CRC.P0215_C000426:2,Clonal
P0215,PTR75-20170215,other,NA,CRC.P0215_C000426:2,Clonal
P0215,TTH92-20170215,CD4,CD4_C05-CXCR6,CRC.P0215_C000491:2,Clonal
P0215,TTC35-20170215,other,NA,CRC.P0215_C000491:2,Clonal
P0215,NTH9-20170215,CD4,CD4_C05-CXCR6,CRC.P0215_C000548:2,Clonal
P0215,TTC48-20170215,DP,NA,CRC.P0215_C000548:2,Clonal
P0215,NTH21-20170215,CD4,CD4_C05-CXCR6,CRC.P0215_C000002:1,NoClonal
P0215,NTH24-20170215,CD4,CD4_C06-CXCR5,CRC.P0215_C000003:1,NoClonal
P0215,TTC187-20170215,CD8,CD8_C05-CD6,CRC.P0215_C000005:1,NoClonal
P0215,NTC3-20170215,CD8,CD8_C05-CD6,CRC.P0215_C000006:1,NoClonal
P0215,TTH65-20170215,CD4,CD4_C08-IL23R,CRC.P0215_C000007:1,NoClonal
P0215,PTH89-20170215,CD4,CD4_C10-FOXP3,CRC.P0215_C000008:1,NoClonal
P0215,PTH101-20170215,DN,NA,CRC.P0215_C000009:1,NoClonal
P0215,PTR69-20170215,CD4,CD4_C02-ANXA1,CRC.P0215_C000010:1,NoClonal
P0215,NTH3-20170215,CD4,CD4_C04-TCF7,CRC.P0215_C000011:1,NoClonal
P0215,NTH1-20170215,DN,NA,CRC.P0215_C000017:1,NoClonal
P0215,NTH11-20170215,DN,NA,CRC.P0215_C000019:1,NoClonal
P0215,PTC48-20170215,CD8,CD8_C01-LEF1,CRC.P0215_C000023:1,NoClonal
P0215,NTH22-20170215,DN,NA,CRC.P0215_C000024:1,NoClonal
P0215,PTR54-20170215,DN,NA,CRC.P0215_C000025:1,NoClonal
P0215,TTR78-20170215,CD4,CD4_C12-CTLA4,CRC.P0215_C000028:1,NoClonal
P0215,NTC2-20170215,CD8,CD8_C05-CD6,CRC.P0215_C000033:1,NoClonal
P0215,NTH10-20170215,CD4,CD4_C04-TCF7,CRC.P0215_C000035:1,NoClonal
P0215,TTH95-20170215,other,NA,CRC.P0215_C000036:1,NoClonal
P0215,PTH150-20170215,DN,NA,CRC.P0215_C000038:1,NoClonal
P0215,TTH90-20170215,DN,NA,CRC.P0215_C000039:1,NoClonal
P0215,TTR124-20170215,CD4,CD4_C12-CTLA4,CRC.P0215_C000042:1,NoClonal
P0215,TTH27-20170215,CD4,CD4_C05-CXCR6,CRC.P0215_C000045:1,NoClonal
P0215,PTH159-20170215,CD4,CD4_C01-CCR7,CRC.P0215_C000047:1,NoClonal
P0215,PTR14-20170215,CD4,CD4_C10-FOXP3,CRC.P0215_C000049:1,NoClonal
P0215,PTH130-20170215,other,NA,CRC.P0215_C000050:1,NoClonal
P0215,PTH137-20170215,DN,NA,CRC.P0215_C000051:1,NoClonal
P0215,NTH55-20170215,CD4,CD4_C04-TCF7,CRC.P0215_C000054:1,NoClonal
P0215,PTC25-20170215,CD8,CD8_C08-SLC4A10,CRC.P0215_C000057:1,NoClonal
P0215,TTC44-20170215,other,NA,CRC.P0215_C000061:1,NoClonal
P0215,NTH4-20170215,CD4,CD4_C05-CXCR6,CRC.P0215_C000062:1,NoClonal
P0215,TTH30-20170215,other,NA,CRC.P0215_C000064:1,NoClonal
P0215,PTR45-20170215,DN,NA,CRC.P0215_C000067:1,NoClonal
P0215,NTH48-20170215,CD4,CD4_C05-CXCR6,CRC.P0215_C000069:1,NoClonal
P0215,PTH112-20170215,CD4,CD4_C01-CCR7,CRC.P0215_C000073:1,NoClonal
P0215,PTR8-20170215,CD4,CD4_C10-FOXP3,CRC.P0215_C000074:1,NoClonal
P0215,PTH189-20170215,DN,NA,CRC.P0215_C000075:1,NoClonal
P0215,PTH102-20170215,DN,NA,CRC.P0215_C000076:1,NoClonal
P0215,PTH182-20170215,CD4,CD4_C01-CCR7,CRC.P0215_C000078:1,NoClonal
P0215,TTR14-20170215,CD4,CD4_C12-CTLA4,CRC.P0215_C000079:1,NoClonal
P0215,NTH66-20170215,CD4,CD4_C04-TCF7,CRC.P0215_C000080:1,NoClonal
P0215,TTR5-20170215,DN,NA,CRC.P0215_C000081:1,NoClonal
P0215,PTC63-20170215,other,NA,CRC.P0215_C000082:1,NoClonal
P0215,NTC90-20170215,CD8,CD8_C05-CD6,CRC.P0215_C000085:1,NoClonal
P0215,PTC73-20170215,CD8,CD8_C01-LEF1,CRC.P0215_C000086:1,NoClonal
P0215,TTH45-20170215,CD4,CD4_C12-CTLA4,CRC.P0215_C000088:1,NoClonal
P0215,PTC50-20170215,CD8,CD8_C01-LEF1,CRC.P0215_C000089:1,NoClonal
P0215,PTH114-20170215,CD4,CD4_C01-CCR7,CRC.P0215_C000091:1,NoClonal
P0215,PTC59-20170215,CD8,CD8_C01-LEF1,CRC.P0215_C000092:1,NoClonal
P0215,PTH100-20170215,CD4,CD4_C01-CCR7,CRC.P0215_C000093:1,NoClonal
P0215,TTH40-20170215,DN,NA,CRC.P0215_C000094:1,NoClonal
P0215,TTC99-20170215,CD8,CD8_C04-GZMK,CRC.P0215_C000095:1,NoClonal
P0215,TTR105-20170215,DN,NA,CRC.P0215_C000096:1,NoClonal
P0215,TTH15-20170215,CD4,CD4_C05-CXCR6,CRC.P0215_C000097:1,NoClonal
P0215,PTR36-20170215,CD4,CD4_C01-CCR7,CRC.P0215_C000098:1,NoClonal
P0215,NTH45-20170215,CD4,CD4_C05-CXCR6,CRC.P0215_C000099:1,NoClonal
P0215,TTH107-20170215,CD4,CD4_C09-CXCL13,CRC.P0215_C000100:1,NoClonal
P0215,TTC145-20170215,CD8,CD8_C05-CD6,CRC.P0215_C000103:1,NoClonal
P0215,TTR81-20170215,CD4,CD4_C12-CTLA4,CRC.P0215_C000105:1,NoClonal
P0215,PTH144-20170215,CD4,CD4_C01-CCR7,CRC.P0215_C000106:1,NoClonal
P0215,PTH135-20170215,other,NA,CRC.P0215_C000107:1,NoClonal
P0215,NTH33-20170215,CD4,CD4_C04-TCF7,CRC.P0215_C000108:1,NoClonal
P0215,PTR59-20170215,DN,NA,CRC.P0215_C000109:1,NoClonal
P0215,PTR65-20170215,CD4,CD4_C02-ANXA1,CRC.P0215_C000110:1,NoClonal
P0215,PTR22-20170215,CD4,CD4_C10-FOXP3,CRC.P0215_C000111:1,NoClonal
P0215,PTR67-20170215,DN,NA,CRC.P0215_C000114:1,NoClonal
P0215,TTH64-20170215,CD4,CD4_C08-IL23R,CRC.P0215_C000115:1,NoClonal
P0215,TTH20-20170215,CD4,CD4_C05-CXCR6,CRC.P0215_C000116:1,NoClonal
P0215,PTH109-20170215,CD4,CD4_C01-CCR7,CRC.P0215_C000117:1,NoClonal
P0215,TTR95-20170215,CD4,CD4_C12-CTLA4,CRC.P0215_C000118:1,NoClonal
P0215,PTC85-20170215,CD8,CD8_C02-GPR183,CRC.P0215_C000121:1,NoClonal
P0215,NTH16-20170215,CD4,CD4_C05-CXCR6,CRC.P0215_C000122:1,NoClonal
P0215,PTC42-20170215,CD8,CD8_C01-LEF1,CRC.P0215_C000123:1,NoClonal
P0215,NTH37-20170215,CD4,CD4_C05-CXCR6,CRC.P0215_C000124:1,NoClonal
P0215,NTH77-20170215,CD4,CD4_C11-IL10,CRC.P0215_C000128:1,NoClonal
P0215,PTH127-20170215,CD4,CD4_C01-CCR7,CRC.P0215_C000130:1,NoClonal
P0215,PTH128-20170215,CD4,CD4_C01-CCR7,CRC.P0215_C000132:1,NoClonal
P0215,TTR109-20170215,CD4,CD4_C05-CXCR6,CRC.P0215_C000135:1,NoClonal
P0215,NTR10-20170215,CD4,CD4_C12-CTLA4,CRC.P0215_C000136:1,NoClonal
P0215,TTH56-20170215,CD4,CD4_C12-CTLA4,CRC.P0215_C000137:1,NoClonal
P0215,NTC33-20170215,CD8,CD8_C05-CD6,CRC.P0215_C000138:1,NoClonal
P0215,TTH63-20170215,CD4,CD4_C05-CXCR6,CRC.P0215_C000139:1,NoClonal
P0215,PTH146-20170215,other,NA,CRC.P0215_C000140:1,NoClonal
P0215,NTH28-20170215,CD4,CD4_C04-TCF7,CRC.P0215_C000141:1,NoClonal
P0215,PTR83-20170215,CD4,CD4_C10-FOXP3,CRC.P0215_C000143:1,NoClonal
P0215,TTR88-20170215,CD4,CD4_C12-CTLA4,CRC.P0215_C000144:1,NoClonal
P0215,TTH34-20170215,CD4,CD4_C08-IL23R,CRC.P0215_C000145:1,NoClonal
P0215,PTR37-20170215,CD4,CD4_C10-FOXP3,CRC.P0215_C000146:1,NoClonal
P0215,PTR33-20170215,CD4,CD4_C10-FOXP3,CRC.P0215_C000148:1,NoClonal
P0215,TTH108-20170215,other,NA,CRC.P0215_C000150:1,NoClonal
P0215,PTR21-20170215,CD4,CD4_C10-FOXP3,CRC.P0215_C000151:1,NoClonal
P0215,NTR2-20170215,CD4,CD4_C12-CTLA4,CRC.P0215_C000152:1,NoClonal
P0215,TTR54-20170215,CD4,CD4_C05-CXCR6,CRC.P0215_C000153:1,NoClonal
P0215,TTH3-20170215,CD4,CD4_C08-IL23R,CRC.P0215_C000154:1,NoClonal
P0215,PTH136-20170215,CD4,CD4_C01-CCR7,CRC.P0215_C000155:1,NoClonal
P0215,NTR13-20170215,DN,NA,CRC.P0215_C000156:1,NoClonal
P0215,PTC89-20170215,CD8,CD8_C01-LEF1,CRC.P0215_C000157:1,NoClonal
P0215,PTH168-20170215,CD4,CD4_C01-CCR7,CRC.P0215_C000158:1,NoClonal
P0215,TTH55-20170215,CD4,CD4_C05-CXCR6,CRC.P0215_C000159:1,NoClonal
P0215,TTR97-20170215,DN,NA,CRC.P0215_C000160:1,NoClonal
P0215,PTH108-20170215,CD4,CD4_C01-CCR7,CRC.P0215_C000161:1,NoClonal
P0215,NTH47-20170215,CD4,CD4_C05-CXCR6,CRC.P0215_C000163:1,NoClonal
P0215,NTH80-20170215,DN,NA,CRC.P0215_C000165:1,NoClonal
P0215,TTR96-20170215,CD4,CD4_C12-CTLA4,CRC.P0215_C000166:1,NoClonal
P0215,TTR110-20170215,CD4,CD4_C12-CTLA4,CRC.P0215_C000167:1,NoClonal
P0215,TTR46-20170215,CD4,CD4_C08-IL23R,CRC.P0215_C000168:1,NoClonal
P0215,TTR35-20170215,CD4,CD4_C12-CTLA4,CRC.P0215_C000170:1,NoClonal
P0215,NTR15-20170215,CD4,CD4_C12-CTLA4,CRC.P0215_C000171:1,NoClonal
P0215,TTR13-20170215,CD4,CD4_C12-CTLA4,CRC.P0215_C000172:1,NoClonal
P0215,TTH75-20170215,CD4,CD4_C08-IL23R,CRC.P0215_C000173:1,NoClonal
P0215,TTH66-20170215,CD4,CD4_C05-CXCR6,CRC.P0215_C000175:1,NoClonal
P0215,PTC3-20170215,CD8,CD8_C01-LEF1,CRC.P0215_C000179:1,NoClonal
P0215,PTR81-20170215,CD4,CD4_C02-ANXA1,CRC.P0215_C000181:1,NoClonal
P0215,TTC125-20170215,CD8,CD8_C05-CD6,CRC.P0215_C000182:1,NoClonal
P0215,PTH185-20170215,DN,NA,CRC.P0215_C000183:1,NoClonal
P0215,TTR80-20170215,CD4,CD4_C05-CXCR6,CRC.P0215_C000184:1,NoClonal
P0215,NTH35-20170215,DN,NA,CRC.P0215_C000185:1,NoClonal
P0215,NTH18-20170215,other,NA,CRC.P0215_C000186:1,NoClonal
P0215,TTH23-20170215,CD4,CD4_C05-CXCR6,CRC.P0215_C000187:1,NoClonal
P0215,PTH88-20170215,DN,NA,CRC.P0215_C000189:1,NoClonal
P0215,PTR68-20170215,other,NA,CRC.P0215_C000190:1,NoClonal
P0215,NTH96-20170215,DN,NA,CRC.P0215_C000191:1,NoClonal
P0215,TTH119-20170215,CD4,CD4_C08-IL23R,CRC.P0215_C000192:1,NoClonal
P0215,TTR29-20170215,DN,NA,CRC.P0215_C000193:1,NoClonal
P0215,NTH67-20170215,CD4,CD4_C04-TCF7,CRC.P0215_C000194:1,NoClonal
P0215,PTR52-20170215,CD4,CD4_C10-FOXP3,CRC.P0215_C000200:1,NoClonal
P0215,TTR98-20170215,DN,NA,CRC.P0215_C000201:1,NoClonal
P0215,PTH186-20170215,CD4,CD4_C01-CCR7,CRC.P0215_C000202:1,NoClonal
P0215,TTR85-20170215,CD4,CD4_C08-IL23R,CRC.P0215_C000203:1,NoClonal
P0215,PTC91-20170215,CD8,CD8_C03-CX3CR1,CRC.P0215_C000204:1,NoClonal
P0215,TTH38-20170215,DN,NA,CRC.P0215_C000205:1,NoClonal
P0215,NTC76-20170215,CD8,CD8_C07-LAYN,CRC.P0215_C000207:1,NoClonal
P0215,PTR26-20170215,DN,NA,CRC.P0215_C000208:1,NoClonal
P0215,NTR9-20170215,CD4,CD4_C12-CTLA4,CRC.P0215_C000209:1,NoClonal
P0215,NTC55-20170215,CD8,CD8_C01-LEF1,CRC.P0215_C000210:1,NoClonal
P0215,TTH8-20170215,CD4,CD4_C07-GZMK,CRC.P0215_C000211:1,NoClonal
P0215,NTH51-20170215,DN,NA,CRC.P0215_C000214:1,NoClonal
P0215,TTH126-20170215,CD4,CD4_C11-IL10,CRC.P0215_C000215:1,NoClonal
P0215,NTC71-20170215,CD8,CD8_C04-GZMK,CRC.P0215_C000216:1,NoClonal
P0215,PTR60-20170215,other,NA,CRC.P0215_C000219:1,NoClonal
P0215,TTR64-20170215,DN,NA,CRC.P0215_C000222:1,NoClonal
P0215,PTR46-20170215,CD4,CD4_C10-FOXP3,CRC.P0215_C000223:1,NoClonal
P0215,TTC121-20170215,DN,NA,CRC.P0215_C000224:1,NoClonal
P0215,TTR7-20170215,CD4,CD4_C12-CTLA4,CRC.P0215_C000225:1,NoClonal
P0215,PTH175-20170215,DN,NA,CRC.P0215_C000226:1,NoClonal
P0215,TTR22-20170215,CD4,CD4_C12-CTLA4,CRC.P0215_C000227:1,NoClonal
P0215,TTC115-20170215,CD8,CD8_C04-GZMK,CRC.P0215_C000229:1,NoClonal
P0215,TTH17-20170215,CD4,CD4_C12-CTLA4,CRC.P0215_C000230:1,NoClonal
P0215,PTC40-20170215,CD8,CD8_C01-LEF1,CRC.P0215_C000231:1,NoClonal
P0215,NTH81-20170215,CD4,CD4_C06-CXCR5,CRC.P0215_C000232:1,NoClonal
P0215,PTR19-20170215,CD4,CD4_C10-FOXP3,CRC.P0215_C000233:1,NoClonal
P0215,TTH109-20170215,DN,NA,CRC.P0215_C000234:1,NoClonal
P0215,NTH30-20170215,CD4,CD4_C05-CXCR6,CRC.P0215_C000236:1,NoClonal
P0215,PTC82-20170215,CD8,CD8_C01-LEF1,CRC.P0215_C000238:1,NoClonal
P0215,PTR53-20170215,DN,NA,CRC.P0215_C000239:1,NoClonal
P0215,NTR20-20170215,CD4,CD4_C12-CTLA4,CRC.P0215_C000241:1,NoClonal
P0215,TTR73-20170215,CD4,CD4_C05-CXCR6,CRC.P0215_C000242:1,NoClonal
P0215,PTR93-20170215,CD4,CD4_C02-ANXA1,CRC.P0215_C000243:1,NoClonal
P0215,TTH85-20170215,CD4,CD4_C12-CTLA4,CRC.P0215_C000244:1,NoClonal
P0215,NTC95-20170215,CD8,CD8_C05-CD6,CRC.P0215_C000245:1,NoClonal
P0215,TTH128-20170215,CD4,CD4_C12-CTLA4,CRC.P0215_C000246:1,NoClonal
P0215,NTH75-20170215,CD4,CD4_C05-CXCR6,CRC.P0215_C000247:1,NoClonal
P0215,TTR43-20170215,CD4,CD4_C04-TCF7,CRC.P0215_C000248:1,NoClonal
P0215,TTH25-20170215,CD4,CD4_C09-CXCL13,CRC.P0215_C000249:1,NoClonal
P0215,PTH133-20170215,CD4,CD4_C01-CCR7,CRC.P0215_C000250:1,NoClonal
P0215,PTR32-20170215,DN,NA,CRC.P0215_C000251:1,NoClonal
P0215,PTH104-20170215,CD4,CD4_C01-CCR7,CRC.P0215_C000252:1,NoClonal
P0215,TTC100-20170215,CD8,CD8_C04-GZMK,CRC.P0215_C000253:1,NoClonal
P0215,PTR1-20170215,CD4,CD4_C02-ANXA1,CRC.P0215_C000254:1,NoClonal
P0215,PTR66-20170215,other,NA,CRC.P0215_C000255:1,NoClonal
P0215,NTR14-20170215,DN,NA,CRC.P0215_C000256:1,NoClonal
P0215,TTH52-20170215,CD4,CD4_C09-CXCL13,CRC.P0215_C000258:1,NoClonal
P0215,PTR51-20170215,CD4,CD4_C10-FOXP3,CRC.P0215_C000259:1,NoClonal
P0215,TTR82-20170215,DN,NA,CRC.P0215_C000260:1,NoClonal
P0215,NTH84-20170215,CD4,CD4_C04-TCF7,CRC.P0215_C000261:1,NoClonal
P0215,PTR86-20170215,CD4,CD4_C10-FOXP3,CRC.P0215_C000262:1,NoClonal
P0215,PTR3-20170215,CD4,CD4_C02-ANXA1,CRC.P0215_C000263:1,NoClonal
P0215,TTR50-20170215,CD4,CD4_C08-IL23R,CRC.P0215_C000264:1,NoClonal
P0215,PTR58-20170215,CD4,CD4_C10-FOXP3,CRC.P0215_C000265:1,NoClonal
P0215,TTR94-20170215,CD4,CD4_C08-IL23R,CRC.P0215_C000266:1,NoClonal
P0215,TTR52-20170215,CD4,CD4_C12-CTLA4,CRC.P0215_C000267:1,NoClonal
P0215,TTH105-20170215,CD4,CD4_C05-CXCR6,CRC.P0215_C000268:1,NoClonal
P0215,NTC57-20170215,CD8,CD8_C04-GZMK,CRC.P0215_C000269:1,NoClonal
P0215,NTH8-20170215,other,NA,CRC.P0215_C000271:1,NoClonal
P0215,TTR120-20170215,CD4,CD4_C12-CTLA4,CRC.P0215_C000272:1,NoClonal
P0215,PTR16-20170215,CD4,CD4_C10-FOXP3,CRC.P0215_C000273:1,NoClonal
P0215,TTR126-20170215,CD4,CD4_C05-CXCR6,CRC.P0215_C000274:1,NoClonal
P0215,PTH152-20170215,DN,NA,CRC.P0215_C000275:1,NoClonal
P0215,TTC106-20170215,CD8,CD8_C07-LAYN,CRC.P0215_C000276:1,NoClonal
P0215,NTC19-20170215,CD8,CD8_C05-CD6,CRC.P0215_C000277:1,NoClonal
P0215,NTH34-20170215,CD4,CD4_C04-TCF7,CRC.P0215_C000278:1,NoClonal
P0215,PTC16-20170215,CD8,CD8_C01-LEF1,CRC.P0215_C000279:1,NoClonal
P0215,PTR25-20170215,CD4,CD4_C02-ANXA1,CRC.P0215_C000280:1,NoClonal
P0215,PTR31-20170215,other,NA,CRC.P0215_C000281:1,NoClonal
P0215,TTR17-20170215,CD4,CD4_C12-CTLA4,CRC.P0215_C000282:1,NoClonal
P0215,PTR57-20170215,CD4,CD4_C10-FOXP3,CRC.P0215_C000283:1,NoClonal
P0215,TTH54-20170215,CD4,CD4_C07-GZMK,CRC.P0215_C000284:1,NoClonal
P0215,NTH82-20170215,CD4,CD4_C11-IL10,CRC.P0215_C000285:1,NoClonal
P0215,TTR58-20170215,CD4,CD4_C12-CTLA4,CRC.P0215_C000286:1,NoClonal
P0215,PTC19-20170215,CD8,CD8_C01-LEF1,CRC.P0215_C000287:1,NoClonal
P0215,TTC40-20170215,DP,NA,CRC.P0215_C000288:1,NoClonal
P0215,TTH96-20170215,CD4,CD4_C12-CTLA4,CRC.P0215_C000289:1,NoClonal
P0215,NTH71-20170215,CD4,CD4_C05-CXCR6,CRC.P0215_C000290:1,NoClonal
P0215,PTH107-20170215,CD4,CD4_C01-CCR7,CRC.P0215_C000291:1,NoClonal
P0215,NTR11-20170215,CD4,CD4_C12-CTLA4,CRC.P0215_C000292:1,NoClonal
P0215,PTC83-20170215,CD8,CD8_C01-LEF1,CRC.P0215_C000293:1,NoClonal
P0215,NTH36-20170215,DN,NA,CRC.P0215_C000294:1,NoClonal
P0215,PTR63-20170215,CD4,CD4_C10-FOXP3,CRC.P0215_C000295:1,NoClonal
P0215,PTR2-20170215,CD4,CD4_C02-ANXA1,CRC.P0215_C000296:1,NoClonal
P0215,TTC109-20170215,CD8,CD8_C04-GZMK,CRC.P0215_C000297:1,NoClonal
P0215,PTC96-20170215,CD8,CD8_C04-GZMK,CRC.P0215_C000298:1,NoClonal
P0215,NTH65-20170215,CD4,CD4_C05-CXCR6,CRC.P0215_C000299:1,NoClonal
P0215,PTC76-20170215,CD8,CD8_C01-LEF1,CRC.P0215_C000300:1,NoClonal
P0215,TTR76-20170215,CD4,CD4_C12-CTLA4,CRC.P0215_C000301:1,NoClonal
P0215,NTC10-20170215,CD8,CD8_C05-CD6,CRC.P0215_C000303:1,NoClonal
P0215,PTR42-20170215,CD4,CD4_C02-ANXA1,CRC.P0215_C000304:1,NoClonal
P0215,TTH70-20170215,DN,NA,CRC.P0215_C000307:1,NoClonal
P0215,PTR12-20170215,CD4,CD4_C02-ANXA1,CRC.P0215_C000308:1,NoClonal
P0215,NTH44-20170215,DN,NA,CRC.P0215_C000309:1,NoClonal
P0215,PTC55-20170215,CD8,CD8_C04-GZMK,CRC.P0215_C000310:1,NoClonal
P0215,PTR79-20170215,other,NA,CRC.P0215_C000311:1,NoClonal
P0215,TTC150-20170215,CD8,CD8_C06-CD160,CRC.P0215_C000313:1,NoClonal
P0215,PTH123-20170215,CD4,CD4_C01-CCR7,CRC.P0215_C000314:1,NoClonal
P0215,TTR116-20170215,CD4,CD4_C12-CTLA4,CRC.P0215_C000315:1,NoClonal
P0215,PTH113-20170215,CD4,CD4_C01-CCR7,CRC.P0215_C000316:1,NoClonal
P0215,TTH39-20170215,DN,NA,CRC.P0215_C000317:1,NoClonal
P0215,NTH85-20170215,CD4,CD4_C05-CXCR6,CRC.P0215_C000318:1,NoClonal
P0215,PTH90-20170215,CD4,CD4_C10-FOXP3,CRC.P0215_C000319:1,NoClonal
P0215,TTR60-20170215,CD4,CD4_C07-GZMK,CRC.P0215_C000320:1,NoClonal
P0215,TTR36-20170215,CD4,CD4_C12-CTLA4,CRC.P0215_C000321:1,NoClonal
P0215,PTH173-20170215,CD4,CD4_C01-CCR7,CRC.P0215_C000323:1,NoClonal
P0215,NTH59-20170215,DP,NA,CRC.P0215_C000324:1,NoClonal
P0215,PTH179-20170215,DN,NA,CRC.P0215_C000325:1,NoClonal
P0215,TTR87-20170215,DN,NA,CRC.P0215_C000326:1,NoClonal
P0215,PTH143-20170215,DN,NA,CRC.P0215_C000327:1,NoClonal
P0215,PTR48-20170215,CD4,CD4_C02-ANXA1,CRC.P0215_C000328:1,NoClonal
P0215,PTH125-20170215,DN,NA,CRC.P0215_C000329:1,NoClonal
P0215,PTH158-20170215,CD4,CD4_C01-CCR7,CRC.P0215_C000330:1,NoClonal
P0215,PTR44-20170215,CD4,CD4_C10-FOXP3,CRC.P0215_C000331:1,NoClonal
P0215,PTC53-20170215,CD8,CD8_C03-CX3CR1,CRC.P0215_C000332:1,NoClonal
P0215,PTR24-20170215,CD4,CD4_C10-FOXP3,CRC.P0215_C000333:1,NoClonal
P0215,TTH14-20170215,CD4,CD4_C05-CXCR6,CRC.P0215_C000334:1,NoClonal
P0215,TTH18-20170215,CD4,CD4_C11-IL10,CRC.P0215_C000335:1,NoClonal
P0215,NTH54-20170215,CD4,CD4_C06-CXCR5,CRC.P0215_C000336:1,NoClonal
P0215,PTR38-20170215,DN,NA,CRC.P0215_C000337:1,NoClonal
P0215,PTC51-20170215,CD8,CD8_C01-LEF1,CRC.P0215_C000338:1,NoClonal
P0215,PTH165-20170215,CD4,CD4_C01-CCR7,CRC.P0215_C000339:1,NoClonal
P0215,TTH120-20170215,DN,NA,CRC.P0215_C000340:1,NoClonal
P0215,PTR85-20170215,other,NA,CRC.P0215_C000341:1,NoClonal
P0215,PTH117-20170215,CD4,CD4_C01-CCR7,CRC.P0215_C000342:1,NoClonal
P0215,TTH72-20170215,CD4,CD4_C08-IL23R,CRC.P0215_C000343:1,NoClonal
P0215,TTR86-20170215,CD4,CD4_C12-CTLA4,CRC.P0215_C000344:1,NoClonal
P0215,PTR77-20170215,CD4,CD4_C10-FOXP3,CRC.P0215_C000345:1,NoClonal
P0215,TTH50-20170215,CD4,CD4_C12-CTLA4,CRC.P0215_C000346:1,NoClonal
P0215,TTR70-20170215,other,NA,CRC.P0215_C000347:1,NoClonal
P0215,PTH103-20170215,CD4,CD4_C02-ANXA1,CRC.P0215_C000348:1,NoClonal
P0215,PTH126-20170215,CD4,CD4_C01-CCR7,CRC.P0215_C000349:1,NoClonal
P0215,NTC30-20170215,CD8,CD8_C04-GZMK,CRC.P0215_C000350:1,NoClonal
P0215,PTR61-20170215,CD4,CD4_C10-FOXP3,CRC.P0215_C000351:1,NoClonal
P0215,PTR96-20170215,CD4,CD4_C02-ANXA1,CRC.P0215_C000352:1,NoClonal
P0215,PTH163-20170215,CD4,CD4_C01-CCR7,CRC.P0215_C000353:1,NoClonal
P0215,TTR12-20170215,CD4,CD4_C07-GZMK,CRC.P0215_C000354:1,NoClonal
P0215,TTR48-20170215,CD4,CD4_C12-CTLA4,CRC.P0215_C000355:1,NoClonal
P0215,NTH79-20170215,CD4,CD4_C04-TCF7,CRC.P0215_C000356:1,NoClonal
P0215,TTH124-20170215,CD4,CD4_C08-IL23R,CRC.P0215_C000357:1,NoClonal
P0215,PTR35-20170215,CD4,CD4_C02-ANXA1,CRC.P0215_C000358:1,NoClonal
P0215,TTR61-20170215,CD4,CD4_C12-CTLA4,CRC.P0215_C000359:1,NoClonal
P0215,NTH60-20170215,CD4,CD4_C05-CXCR6,CRC.P0215_C000360:1,NoClonal
P0215,PTH160-20170215,CD4,CD4_C01-CCR7,CRC.P0215_C000361:1,NoClonal
P0215,NTH6-20170215,other,NA,CRC.P0215_C000362:1,NoClonal
P0215,TTC45-20170215,CD8,CD8_C05-CD6,CRC.P0215_C000363:1,NoClonal
P0215,PTH151-20170215,CD4,CD4_C01-CCR7,CRC.P0215_C000364:1,NoClonal
P0215,TTC141-20170215,CD8,CD8_C04-GZMK,CRC.P0215_C000365:1,NoClonal
P0215,NTC42-20170215,other,NA,CRC.P0215_C000366:1,NoClonal
P0215,TTR2-20170215,CD4,CD4_C12-CTLA4,CRC.P0215_C000368:1,NoClonal
P0215,PTH174-20170215,CD4,CD4_C01-CCR7,CRC.P0215_C000369:1,NoClonal
P0215,TTH42-20170215,CD4,CD4_C08-IL23R,CRC.P0215_C000370:1,NoClonal
P0215,PTH170-20170215,CD4,CD4_C01-CCR7,CRC.P0215_C000371:1,NoClonal
P0215,TTR111-20170215,CD4,CD4_C12-CTLA4,CRC.P0215_C000372:1,NoClonal
P0215,NTH70-20170215,CD4,CD4_C05-CXCR6,CRC.P0215_C000373:1,NoClonal
P0215,PTC56-20170215,CD8,CD8_C08-SLC4A10,CRC.P0215_C000374:1,NoClonal
P0215,PTH147-20170215,CD4,CD4_C01-CCR7,CRC.P0215_C000375:1,NoClonal
P0215,PTH105-20170215,CD4,CD4_C01-CCR7,CRC.P0215_C000376:1,NoClonal
P0215,NTH17-20170215,CD4,CD4_C04-TCF7,CRC.P0215_C000377:1,NoClonal
P0215,TTR27-20170215,CD4,CD4_C12-CTLA4,CRC.P0215_C000378:1,NoClonal
P0215,TTR99-20170215,CD4,CD4_C12-CTLA4,CRC.P0215_C000379:1,NoClonal
P0215,TTR117-20170215,CD4,CD4_C12-CTLA4,CRC.P0215_C000380:1,NoClonal
P0215,TTC186-20170215,CD8,CD8_C04-GZMK,CRC.P0215_C000382:1,NoClonal
P0215,TTH100-20170215,CD4,CD4_C06-CXCR5,CRC.P0215_C000383:1,NoClonal
P0215,TTH89-20170215,CD4,CD4_C12-CTLA4,CRC.P0215_C000384:1,NoClonal
P0215,PTH99-20170215,DN,NA,CRC.P0215_C000385:1,NoClonal
P0215,PTH166-20170215,CD4,CD4_C01-CCR7,CRC.P0215_C000386:1,NoClonal
P0215,NTH13-20170215,DN,NA,CRC.P0215_C000387:1,NoClonal
P0215,TTH37-20170215,CD4,CD4_C06-CXCR5,CRC.P0215_C000388:1,NoClonal
P0215,TTC66-20170215,CD8,CD8_C04-GZMK,CRC.P0215_C000389:1,NoClonal
P0215,TTH88-20170215,CD4,CD4_C12-CTLA4,CRC.P0215_C000390:1,NoClonal
P0215,TTH102-20170215,CD4,CD4_C12-CTLA4,CRC.P0215_C000391:1,NoClonal
P0215,TTH114-20170215,CD4,CD4_C05-CXCR6,CRC.P0215_C000393:1,NoClonal
P0215,PTH111-20170215,DN,NA,CRC.P0215_C000394:1,NoClonal
P0215,NTH61-20170215,CD4,CD4_C05-CXCR6,CRC.P0215_C000395:1,NoClonal
P0215,TTH80-20170215,CD4,CD4_C04-TCF7,CRC.P0215_C000397:1,NoClonal
P0215,PTR80-20170215,CD4,CD4_C02-ANXA1,CRC.P0215_C000398:1,NoClonal
P0215,TTR56-20170215,CD4,CD4_C12-CTLA4,CRC.P0215_C000399:1,NoClonal
P0215,PTC13-20170215,CD8,CD8_C01-LEF1,CRC.P0215_C000401:1,NoClonal
P0215,NTH15-20170215,CD4,CD4_C04-TCF7,CRC.P0215_C000403:1,NoClonal
P0215,PTR11-20170215,CD4,CD4_C02-ANXA1,CRC.P0215_C000404:1,NoClonal
P0215,TTH116-20170215,DN,NA,CRC.P0215_C000405:1,NoClonal
P0215,PTH177-20170215,DN,NA,CRC.P0215_C000406:1,NoClonal
P0215,TTH28-20170215,CD4,CD4_C12-CTLA4,CRC.P0215_C000407:1,NoClonal
P0215,PTH118-20170215,CD4,CD4_C01-CCR7,CRC.P0215_C000408:1,NoClonal
P0215,PTC27-20170215,CD8,CD8_C03-CX3CR1,CRC.P0215_C000409:1,NoClonal
P0215,PTR27-20170215,CD4,CD4_C02-ANXA1,CRC.P0215_C000410:1,NoClonal
P0215,TTH26-20170215,DN,NA,CRC.P0215_C000411:1,NoClonal
P0215,TTR89-20170215,CD4,CD4_C12-CTLA4,CRC.P0215_C000412:1,NoClonal
P0215,PTH178-20170215,DN,NA,CRC.P0215_C000413:1,NoClonal
P0215,TTH93-20170215,CD4,CD4_C04-TCF7,CRC.P0215_C000414:1,NoClonal
P0215,NTC78-20170215,CD8,CD8_C05-CD6,CRC.P0215_C000415:1,NoClonal
P0215,NTH29-20170215,DN,NA,CRC.P0215_C000416:1,NoClonal
P0215,TTR71-20170215,CD4,CD4_C08-IL23R,CRC.P0215_C000417:1,NoClonal
P0215,PTH106-20170215,CD4,CD4_C01-CCR7,CRC.P0215_C000418:1,NoClonal
P0215,PTR10-20170215,CD4,CD4_C02-ANXA1,CRC.P0215_C000419:1,NoClonal
P0215,PTC47-20170215,CD8,CD8_C01-LEF1,CRC.P0215_C000420:1,NoClonal
P0215,PTC64-20170215,CD8,CD8_C01-LEF1,CRC.P0215_C000421:1,NoClonal
P0215,TTH94-20170215,CD4,CD4_C08-IL23R,CRC.P0215_C000422:1,NoClonal
P0215,TTC37-20170215,DP,NA,CRC.P0215_C000423:1,NoClonal
P0215,PTH132-20170215,DN,NA,CRC.P0215_C000424:1,NoClonal
P0215,NTH78-20170215,CD4,CD4_C09-CXCL13,CRC.P0215_C000425:1,NoClonal
P0215,TTR28-20170215,CD4,CD4_C05-CXCR6,CRC.P0215_C000427:1,NoClonal
P0215,TTH78-20170215,CD4,CD4_C12-CTLA4,CRC.P0215_C000428:1,NoClonal
P0215,TTH81-20170215,CD4,CD4_C08-IL23R,CRC.P0215_C000429:1,NoClonal
P0215,TTH99-20170215,CD4,CD4_C08-IL23R,CRC.P0215_C000430:1,NoClonal
P0215,PTR84-20170215,CD4,CD4_C10-FOXP3,CRC.P0215_C000431:1,NoClonal
P0215,PTH181-20170215,CD4,CD4_C01-CCR7,CRC.P0215_C000432:1,NoClonal
P0215,PTC1-20170215,CD8,CD8_C01-LEF1,CRC.P0215_C000433:1,NoClonal
P0215,NTC58-20170215,CD8,CD8_C05-CD6,CRC.P0215_C000434:1,NoClonal
P0215,PTC5-20170215,CD8,CD8_C01-LEF1,CRC.P0215_C000435:1,NoClonal
P0215,PTR55-20170215,CD4,CD4_C02-ANXA1,CRC.P0215_C000436:1,NoClonal
P0215,PTH98-20170215,other,NA,CRC.P0215_C000437:1,NoClonal
P0215,TTR39-20170215,CD4,CD4_C05-CXCR6,CRC.P0215_C000438:1,NoClonal
P0215,PTR47-20170215,CD4,CD4_C02-ANXA1,CRC.P0215_C000439:1,NoClonal
P0215,PTH184-20170215,CD4,CD4_C02-ANXA1,CRC.P0215_C000440:1,NoClonal
P0215,TTH82-20170215,CD4,CD4_C07-GZMK,CRC.P0215_C000441:1,NoClonal
P0215,PTH169-20170215,CD4,CD4_C01-CCR7,CRC.P0215_C000442:1,NoClonal
P0215,PTR20-20170215,DN,NA,CRC.P0215_C000443:1,NoClonal
P0215,TTR47-20170215,CD4,CD4_C12-CTLA4,CRC.P0215_C000444:1,NoClonal
P0215,TTH9-20170215,DN,NA,CRC.P0215_C000445:1,NoClonal
P0215,TTH103-20170215,DN,NA,CRC.P0215_C000446:1,NoClonal
P0215,TTR51-20170215,CD4,CD4_C08-IL23R,CRC.P0215_C000447:1,NoClonal
P0215,TTR68-20170215,CD4,CD4_C12-CTLA4,CRC.P0215_C000448:1,NoClonal
P0215,NTH57-20170215,CD4,CD4_C05-CXCR6,CRC.P0215_C000449:1,NoClonal
P0215,TTR108-20170215,CD4,CD4_C08-IL23R,CRC.P0215_C000450:1,NoClonal
P0215,PTR17-20170215,DN,NA,CRC.P0215_C000451:1,NoClonal
P0215,PTH180-20170215,DN,NA,CRC.P0215_C000453:1,NoClonal
P0215,TTC158-20170215,CD8,CD8_C04-GZMK,CRC.P0215_C000454:1,NoClonal
P0215,TTH10-20170215,CD4,CD4_C12-CTLA4,CRC.P0215_C000455:1,NoClonal
P0215,TTH117-20170215,CD4,CD4_C05-CXCR6,CRC.P0215_C000456:1,NoClonal
P0215,PTH91-20170215,CD4,CD4_C02-ANXA1,CRC.P0215_C000457:1,NoClonal
P0215,NTH26-20170215,CD4,CD4_C05-CXCR6,CRC.P0215_C000458:1,NoClonal
P0215,PTC8-20170215,CD8,CD8_C01-LEF1,CRC.P0215_C000459:1,NoClonal
P0215,PTH110-20170215,CD4,CD4_C01-CCR7,CRC.P0215_C000460:1,NoClonal
P0215,PTH162-20170215,DN,NA,CRC.P0215_C000461:1,NoClonal
P0215,TTH98-20170215,CD4,CD4_C12-CTLA4,CRC.P0215_C000463:1,NoClonal
P0215,PTH139-20170215,DN,NA,CRC.P0215_C000464:1,NoClonal
P0215,TTH21-20170215,CD4,CD4_C08-IL23R,CRC.P0215_C000465:1,NoClonal
P0215,TTR115-20170215,CD4,CD4_C09-CXCL13,CRC.P0215_C000466:1,NoClonal
P0215,TTR92-20170215,CD4,CD4_C12-CTLA4,CRC.P0215_C000467:1,NoClonal
P0215,TTH104-20170215,CD4,CD4_C04-TCF7,CRC.P0215_C000468:1,NoClonal
P0215,TTH12-20170215,other,NA,CRC.P0215_C000469:1,NoClonal
P0215,TTH24-20170215,CD4,CD4_C05-CXCR6,CRC.P0215_C000470:1,NoClonal
P0215,PTH171-20170215,other,NA,CRC.P0215_C000471:1,NoClonal
P0215,TTR19-20170215,CD4,CD4_C09-CXCL13,CRC.P0215_C000472:1,NoClonal
P0215,TTH112-20170215,DN,NA,CRC.P0215_C000473:1,NoClonal
P0215,PTC68-20170215,CD8,CD8_C01-LEF1,CRC.P0215_C000474:1,NoClonal
P0215,TTR113-20170215,DN,NA,CRC.P0215_C000475:1,NoClonal
P0215,PTC61-20170215,CD8,CD8_C02-GPR183,CRC.P0215_C000476:1,NoClonal
P0215,PTC62-20170215,CD8,CD8_C01-LEF1,CRC.P0215_C000477:1,NoClonal
P0215,TTR44-20170215,DN,NA,CRC.P0215_C000478:1,NoClonal
P0215,TTR72-20170215,CD4,CD4_C12-CTLA4,CRC.P0215_C000479:1,NoClonal
P0215,PTC37-20170215,CD8,CD8_C01-LEF1,CRC.P0215_C000480:1,NoClonal
P0215,NTC24-20170215,CD8,CD8_C05-CD6,CRC.P0215_C000481:1,NoClonal
P0215,TTR125-20170215,CD4,CD4_C12-CTLA4,CRC.P0215_C000482:1,NoClonal
P0215,PTR4-20170215,DN,NA,CRC.P0215_C000485:1,NoClonal
P0215,PTR15-20170215,DN,NA,CRC.P0215_C000486:1,NoClonal
P0215,NTH42-20170215,CD4,CD4_C04-TCF7,CRC.P0215_C000487:1,NoClonal
P0215,TTH32-20170215,CD4,CD4_C09-CXCL13,CRC.P0215_C000488:1,NoClonal
P0215,TTR69-20170215,CD4,CD4_C08-IL23R,CRC.P0215_C000489:1,NoClonal
P0215,PTH141-20170215,DN,NA,CRC.P0215_C000490:1,NoClonal
P0215,NTH50-20170215,CD4,CD4_C12-CTLA4,CRC.P0215_C000492:1,NoClonal
P0215,TTR4-20170215,CD4,CD4_C12-CTLA4,CRC.P0215_C000493:1,NoClonal
P0215,PTR64-20170215,other,NA,CRC.P0215_C000494:1,NoClonal
P0215,TTR33-20170215,CD4,CD4_C12-CTLA4,CRC.P0215_C000495:1,NoClonal
P0215,PTR62-20170215,CD4,CD4_C02-ANXA1,CRC.P0215_C000496:1,NoClonal
P0215,TTR20-20170215,DN,NA,CRC.P0215_C000497:1,NoClonal
P0215,TTH68-20170215,DN,NA,CRC.P0215_C000498:1,NoClonal
P0215,TTR107-20170215,CD4,CD4_C05-CXCR6,CRC.P0215_C000499:1,NoClonal
P0215,NTH41-20170215,DN,NA,CRC.P0215_C000500:1,NoClonal
P0215,TTH73-20170215,CD4,CD4_C11-IL10,CRC.P0215_C000501:1,NoClonal
P0215,PTR73-20170215,CD4,CD4_C02-ANXA1,CRC.P0215_C000502:1,NoClonal
P0215,PTR5-20170215,CD4,CD4_C01-CCR7,CRC.P0215_C000503:1,NoClonal
P0215,NTH38-20170215,other,NA,CRC.P0215_C000504:1,NoClonal
P0215,NTH62-20170215,DN,NA,CRC.P0215_C000505:1,NoClonal
P0215,PTR23-20170215,CD4,CD4_C10-FOXP3,CRC.P0215_C000506:1,NoClonal
P0215,NTR16-20170215,other,NA,CRC.P0215_C000507:1,NoClonal
P0215,PTR13-20170215,other,NA,CRC.P0215_C000509:1,NoClonal
P0215,TTH33-20170215,CD4,CD4_C09-CXCL13,CRC.P0215_C000510:1,NoClonal
P0215,PTR71-20170215,CD4,CD4_C02-ANXA1,CRC.P0215_C000511:1,NoClonal
P0215,NTH74-20170215,DN,NA,CRC.P0215_C000512:1,NoClonal
P0215,TTH57-20170215,DN,NA,CRC.P0215_C000513:1,NoClonal
P0215,TTR30-20170215,CD4,CD4_C12-CTLA4,CRC.P0215_C000514:1,NoClonal
P0215,TTH83-20170215,CD4,CD4_C05-CXCR6,CRC.P0215_C000515:1,NoClonal
P0215,PTR92-20170215,DN,NA,CRC.P0215_C000516:1,NoClonal
P0215,TTR102-20170215,CD4,CD4_C12-CTLA4,CRC.P0215_C000517:1,NoClonal
P0215,PTH157-20170215,CD4,CD4_C01-CCR7,CRC.P0215_C000518:1,NoClonal
P0215,PTH131-20170215,CD4,CD4_C01-CCR7,CRC.P0215_C000519:1,NoClonal
P0215,NTC69-20170215,other,NA,CRC.P0215_C000520:1,NoClonal
P0215,PTH155-20170215,DN,NA,CRC.P0215_C000521:1,NoClonal
P0215,PTC66-20170215,CD8,CD8_C01-LEF1,CRC.P0215_C000522:1,NoClonal
P0215,PTH149-20170215,DN,NA,CRC.P0215_C000523:1,NoClonal
P0215,NTH19-20170215,CD4,CD4_C05-CXCR6,CRC.P0215_C000524:1,NoClonal
P0215,TTR32-20170215,CD4,CD4_C12-CTLA4,CRC.P0215_C000525:1,NoClonal
P0215,NTH52-20170215,CD4,CD4_C04-TCF7,CRC.P0215_C000526:1,NoClonal
P0215,NTH43-20170215,CD4,CD4_C05-CXCR6,CRC.P0215_C000528:1,NoClonal
P0215,TTC169-20170215,CD8,CD8_C04-GZMK,CRC.P0215_C000529:1,NoClonal
P0215,NTC79-20170215,CD8,CD8_C05-CD6,CRC.P0215_C000530:1,NoClonal
P0215,TTH122-20170215,CD4,CD4_C12-CTLA4,CRC.P0215_C000531:1,NoClonal
P0215,PTR34-20170215,CD4,CD4_C10-FOXP3,CRC.P0215_C000532:1,NoClonal
P0215,TTR119-20170215,CD4,CD4_C12-CTLA4,CRC.P0215_C000533:1,NoClonal
P0215,PTR30-20170215,CD4,CD4_C10-FOXP3,CRC.P0215_C000534:1,NoClonal
P0215,PTR29-20170215,CD4,CD4_C10-FOXP3,CRC.P0215_C000536:1,NoClonal
P0215,NTH73-20170215,CD4,CD4_C05-CXCR6,CRC.P0215_C000537:1,NoClonal
P0215,TTR62-20170215,DN,NA,CRC.P0215_C000538:1,NoClonal
P0215,TTR16-20170215,CD4,CD4_C12-CTLA4,CRC.P0215_C000539:1,NoClonal
P0215,TTH58-20170215,DN,NA,CRC.P0215_C000540:1,NoClonal
P0215,NTR6-20170215,CD4,CD4_C12-CTLA4,CRC.P0215_C000541:1,NoClonal
P0215,TTH59-20170215,CD4,CD4_C08-IL23R,CRC.P0215_C000542:1,NoClonal
P0215,TTR114-20170215,CD4,CD4_C12-CTLA4,CRC.P0215_C000544:1,NoClonal
P0215,PTR9-20170215,CD4,CD4_C10-FOXP3,CRC.P0215_C000545:1,NoClonal
P0215,NTH39-20170215,CD4,CD4_C04-TCF7,CRC.P0215_C000546:1,NoClonal
P0215,PTH192-20170215,DN,NA,CRC.P0215_C000549:1,NoClonal
P0215,PTH121-20170215,DN,NA,CRC.P0215_C000550:1,NoClonal
P0215,PTR56-20170215,CD4,CD4_C10-FOXP3,CRC.P0215_C000552:1,NoClonal
P0215,PTR41-20170215,CD4,CD4_C10-FOXP3,CRC.P0215_C000553:1,NoClonal
P0215,PTC34-20170215,CD8,CD8_C02-GPR183,CRC.P0215_C000554:1,NoClonal
P0215,PTH119-20170215,CD4,CD4_C01-CCR7,CRC.P0215_C000555:1,NoClonal
P0215,TTC174-20170215,CD8,CD8_C04-GZMK,CRC.P0215_C000556:1,NoClonal
P0215,TTH84-20170215,other,NA,CRC.P0215_C000557:1,NoClonal
P0215,TTH36-20170215,CD4,CD4_C05-CXCR6,CRC.P0215_C000558:1,NoClonal
P0215,PTC94-20170215,CD8,CD8_C01-LEF1,CRC.P0215_C000559:1,NoClonal
P0215,PTH140-20170215,CD4,CD4_C01-CCR7,CRC.P0215_C000560:1,NoClonal
P0215,PTH191-20170215,CD4,CD4_C12-CTLA4,CRC.P0215_C000561:1,NoClonal
P0215,TTR18-20170215,DN,NA,CRC.P0215_C000563:1,NoClonal
P0309,PTC19-20180309,CD8,CD8_C03-CX3CR1,CRC.P0309_C000011:35,Clonal
P0309,PTC55-20180309,CD8,CD8_C03-CX3CR1,CRC.P0309_C000011:35,Clonal
P0309,PTC52-20180309,CD8,CD8_C03-CX3CR1,CRC.P0309_C000011:35,Clonal
P0309,TTC30-20180309,CD8,CD8_C03-CX3CR1,CRC.P0309_C000011:35,Clonal
P0309,PTC20-20180309,CD8,CD8_C03-CX3CR1,CRC.P0309_C000011:35,Clonal
P0309,PTC54-20180309,CD8,CD8_C03-CX3CR1,CRC.P0309_C000011:35,Clonal
P0309,PTC53-20180309,CD8,CD8_C03-CX3CR1,CRC.P0309_C000011:35,Clonal
P0309,TTC126-20180309,CD8,CD8_C03-CX3CR1,CRC.P0309_C000011:35,Clonal
P0309,PTC31-20180309,CD8,CD8_C03-CX3CR1,CRC.P0309_C000011:35,Clonal
P0309,TTC16-20180309,CD8,CD8_C03-CX3CR1,CRC.P0309_C000011:35,Clonal
P0309,PTC28-20180309,CD8,CD8_C03-CX3CR1,CRC.P0309_C000011:35,Clonal
P0309,PTC43-20180309,CD8,CD8_C03-CX3CR1,CRC.P0309_C000011:35,Clonal
P0309,PTC29-20180309,CD8,CD8_C03-CX3CR1,CRC.P0309_C000011:35,Clonal
P0309,PTC71-20180309,CD8,CD8_C03-CX3CR1,CRC.P0309_C000011:35,Clonal
P0309,PTC46-20180309,CD8,CD8_C03-CX3CR1,CRC.P0309_C000011:35,Clonal
P0309,TTC120-20180309,CD8,CD8_C03-CX3CR1,CRC.P0309_C000011:35,Clonal
P0309,PTC7-20180309,CD8,CD8_C03-CX3CR1,CRC.P0309_C000011:35,Clonal
P0309,PTC69-20180309,CD8,CD8_C03-CX3CR1,CRC.P0309_C000011:35,Clonal
P0309,PTC9-20180309,CD8,CD8_C03-CX3CR1,CRC.P0309_C000011:35,Clonal
P0309,PTC10-20180309,CD8,CD8_C03-CX3CR1,CRC.P0309_C000011:35,Clonal
P0309,PTC42-20180309,CD8,CD8_C03-CX3CR1,CRC.P0309_C000011:35,Clonal
P0309,PTC39-20180309,CD8,CD8_C03-CX3CR1,CRC.P0309_C000011:35,Clonal
P0309,PTC48-20180309,CD8,CD8_C03-CX3CR1,CRC.P0309_C000011:35,Clonal
P0309,PTC25-20180309,CD8,CD8_C03-CX3CR1,CRC.P0309_C000011:35,Clonal
P0309,PTC51-20180309,CD8,CD8_C03-CX3CR1,CRC.P0309_C000011:35,Clonal
P0309,PTC32-20180309,CD8,CD8_C03-CX3CR1,CRC.P0309_C000011:35,Clonal
P0309,PTC89-20180309,CD8,CD8_C03-CX3CR1,CRC.P0309_C000011:35,Clonal
P0309,PTC95-20180309,CD8,CD8_C03-CX3CR1,CRC.P0309_C000011:35,Clonal
P0309,PTC18-20180309,CD8,CD8_C03-CX3CR1,CRC.P0309_C000011:35,Clonal
P0309,TTC39-20180309,CD8,CD8_C04-GZMK,CRC.P0309_C000011:35,Clonal
P0309,TTC123-20180309,CD8,CD8_C04-GZMK,CRC.P0309_C000011:35,Clonal
P0309,TTC10-20180309,CD8,CD8_C04-GZMK,CRC.P0309_C000011:35,Clonal
P0309,PTC82-20180309,other,NA,CRC.P0309_C000011:35,Clonal
P0309,PTC92-20180309,other,NA,CRC.P0309_C000011:35,Clonal
P0309,PTC34-20180309,other,NA,CRC.P0309_C000011:35,Clonal
P0309,PTH16-20180309,CD4,CD4_C03-GNLY,CRC.P0309_C000138:16,Clonal
P0309,PTH71-20180309,CD4,CD4_C03-GNLY,CRC.P0309_C000138:16,Clonal
P0309,PTH18-20180309,CD4,CD4_C03-GNLY,CRC.P0309_C000138:16,Clonal
P0309,PP728-20180309,CD4,CD4_C03-GNLY,CRC.P0309_C000138:16,Clonal
P0309,PTH38-20180309,CD4,CD4_C03-GNLY,CRC.P0309_C000138:16,Clonal
P0309,PTH55-20180309,CD4,CD4_C03-GNLY,CRC.P0309_C000138:16,Clonal
P0309,PTH4-20180309,CD4,CD4_C03-GNLY,CRC.P0309_C000138:16,Clonal
P0309,PTH9-20180309,CD4,CD4_C03-GNLY,CRC.P0309_C000138:16,Clonal
P0309,PTH96-20180309,CD4,CD4_C03-GNLY,CRC.P0309_C000138:16,Clonal
P0309,PTH66-20180309,CD4,CD4_C03-GNLY,CRC.P0309_C000138:16,Clonal
P0309,PP749-20180309,CD4,CD4_C03-GNLY,CRC.P0309_C000138:16,Clonal
P0309,PP739-20180309,CD4,CD4_C03-GNLY,CRC.P0309_C000138:16,Clonal
P0309,PTH51-20180309,DN,NA,CRC.P0309_C000138:16,Clonal
P0309,PP759-20180309,DN,NA,CRC.P0309_C000138:16,Clonal
P0309,PTH17-20180309,DN,NA,CRC.P0309_C000138:16,Clonal
P0309,TP78-20180309,other,NA,CRC.P0309_C000138:16,Clonal
P0309,PTC17-20180309,CD8,CD8_C03-CX3CR1,CRC.P0309_C000046:13,Clonal
P0309,PTC64-20180309,CD8,CD8_C03-CX3CR1,CRC.P0309_C000046:13,Clonal
P0309,PTC84-20180309,CD8,CD8_C03-CX3CR1,CRC.P0309_C000046:13,Clonal
P0309,PTC85-20180309,CD8,CD8_C03-CX3CR1,CRC.P0309_C000046:13,Clonal
P0309,PTC88-20180309,CD8,CD8_C03-CX3CR1,CRC.P0309_C000046:13,Clonal
P0309,PTC24-20180309,CD8,CD8_C03-CX3CR1,CRC.P0309_C000046:13,Clonal
P0309,PTC78-20180309,CD8,CD8_C03-CX3CR1,CRC.P0309_C000046:13,Clonal
P0309,PTC81-20180309,CD8,CD8_C03-CX3CR1,CRC.P0309_C000046:13,Clonal
P0309,PTC14-20180309,CD8,CD8_C03-CX3CR1,CRC.P0309_C000046:13,Clonal
P0309,PTC15-20180309,CD8,CD8_C03-CX3CR1,CRC.P0309_C000046:13,Clonal
P0309,PTC37-20180309,other,NA,CRC.P0309_C000046:13,Clonal
P0309,TTC12-20180309,other,NA,CRC.P0309_C000046:13,Clonal
P0309,PTC1-20180309,other,NA,CRC.P0309_C000046:13,Clonal
P0309,PP714-20180309,CD4,CD4_C03-GNLY,CRC.P0309_C000040:9,Clonal
P0309,PTH73-20180309,CD4,CD4_C03-GNLY,CRC.P0309_C000040:9,Clonal
P0309,PP751-20180309,CD4,CD4_C03-GNLY,CRC.P0309_C000040:9,Clonal
P0309,TTH68-20180309,CD4,CD4_C07-GZMK,CRC.P0309_C000040:9,Clonal
P0309,TP716-20180309,DN,NA,CRC.P0309_C000040:9,Clonal
P0309,PTH70-20180309,other,NA,CRC.P0309_C000040:9,Clonal
P0309,TTH29-20180309,DN,NA,CRC.P0309_C000040:9,Clonal
P0309,TTH45-20180309,DN,NA,CRC.P0309_C000040:9,Clonal
P0309,PP732-20180309,DN,NA,CRC.P0309_C000040:9,Clonal
P0309,TTH5-20180309,CD4,CD4_C07-GZMK,CRC.P0309_C000043:8,Clonal
P0309,TTH139-20180309,CD4,CD4_C07-GZMK,CRC.P0309_C000043:8,Clonal
P0309,TTH63-20180309,CD4,CD4_C07-GZMK,CRC.P0309_C000043:8,Clonal
P0309,TTH18-20180309,CD4,CD4_C07-GZMK,CRC.P0309_C000043:8,Clonal
P0309,TTH48-20180309,DN,NA,CRC.P0309_C000043:8,Clonal
P0309,TTH156-20180309,DN,NA,CRC.P0309_C000043:8,Clonal
P0309,TTH31-20180309,DN,NA,CRC.P0309_C000043:8,Clonal
P0309,TTH83-20180309,other,NA,CRC.P0309_C000043:8,Clonal
P0309,TTH93-20180309,CD4,CD4_C07-GZMK,CRC.P0309_C000173:8,Clonal
P0309,TTH90-20180309,CD4,CD4_C07-GZMK,CRC.P0309_C000173:8,Clonal
P0309,TTH87-20180309,CD4,CD4_C07-GZMK,CRC.P0309_C000173:8,Clonal
P0309,TTH162-20180309,other,NA,CRC.P0309_C000173:8,Clonal
P0309,TTH78-20180309,DN,NA,CRC.P0309_C000173:8,Clonal
P0309,TP777-20180309,DN,NA,CRC.P0309_C000173:8,Clonal
P0309,PTH90-20180309,DN,NA,CRC.P0309_C000173:8,Clonal
P0309,TTH37-20180309,DN,NA,CRC.P0309_C000173:8,Clonal
P0309,PTC5-20180309,CD8,CD8_C03-CX3CR1,CRC.P0309_C000230:6,Clonal
P0309,PTC13-20180309,CD8,CD8_C03-CX3CR1,CRC.P0309_C000230:6,Clonal
P0309,PTC83-20180309,CD8,CD8_C03-CX3CR1,CRC.P0309_C000230:6,Clonal
P0309,PTC77-20180309,CD8,CD8_C03-CX3CR1,CRC.P0309_C000230:6,Clonal
P0309,TTC56-20180309,CD8,CD8_C03-CX3CR1,CRC.P0309_C000230:6,Clonal
P0309,TTC49-20180309,CD8,CD8_C04-GZMK,CRC.P0309_C000230:6,Clonal
P0309,TTC94-20180309,CD8,CD8_C06-CD160,CRC.P0309_C000066:5,Clonal
P0309,TTC130-20180309,CD8,CD8_C06-CD160,CRC.P0309_C000066:5,Clonal
P0309,TTC59-20180309,CD8,CD8_C06-CD160,CRC.P0309_C000066:5,Clonal
P0309,TTC58-20180309,CD8,CD8_C06-CD160,CRC.P0309_C000066:5,Clonal
P0309,TTC151-20180309,DN,NA,CRC.P0309_C000066:5,Clonal
P0309,PTC96-20180309,CD8,CD8_C03-CX3CR1,CRC.P0309_C000137:5,Clonal
P0309,PTC68-20180309,CD8,CD8_C03-CX3CR1,CRC.P0309_C000137:5,Clonal
P0309,TTC70-20180309,CD8,CD8_C04-GZMK,CRC.P0309_C000137:5,Clonal
P0309,TTC111-20180309,CD8,CD8_C04-GZMK,CRC.P0309_C000137:5,Clonal
P0309,TTC114-20180309,CD8,CD8_C04-GZMK,CRC.P0309_C000137:5,Clonal
P0309,TTR12-20180309,CD4,CD4_C12-CTLA4,CRC.P0309_C000157:5,Clonal
P0309,TP759-20180309,CD4,CD4_C12-CTLA4,CRC.P0309_C000157:5,Clonal
P0309,TTR92-20180309,CD4,CD4_C12-CTLA4,CRC.P0309_C000157:5,Clonal
P0309,TP780-20180309,CD4,CD4_C12-CTLA4,CRC.P0309_C000157:5,Clonal
P0309,TTR68-20180309,DN,NA,CRC.P0309_C000157:5,Clonal
P0309,TTC88-20180309,CD8,CD8_C04-GZMK,CRC.P0309_C000025:4,Clonal
P0309,TTC17-20180309,CD8,CD8_C05-CD6,CRC.P0309_C000025:4,Clonal
P0309,TTC2-20180309,CD8,CD8_C05-CD6,CRC.P0309_C000025:4,Clonal
P0309,TTC80-20180309,other,NA,CRC.P0309_C000025:4,Clonal
P0309,TTH11-20180309,CD4,CD4_C06-CXCR5,CRC.P0309_C000023:3,Clonal
P0309,TTH2-20180309,CD4,CD4_C06-CXCR5,CRC.P0309_C000023:3,Clonal
P0309,TTH104-20180309,CD4,CD4_C06-CXCR5,CRC.P0309_C000023:3,Clonal
P0309,PTC79-20180309,CD8,CD8_C03-CX3CR1,CRC.P0309_C000035:3,Clonal
P0309,TTC1-20180309,CD8,CD8_C03-CX3CR1,CRC.P0309_C000035:3,Clonal
P0309,PTC23-20180309,CD8,CD8_C03-CX3CR1,CRC.P0309_C000035:3,Clonal
P0309,TTR38-20180309,CD4,CD4_C12-CTLA4,CRC.P0309_C000041:3,Clonal
P0309,TTR73-20180309,other,NA,CRC.P0309_C000041:3,Clonal
P0309,TTR91-20180309,DN,NA,CRC.P0309_C000041:3,Clonal
P0309,PTC94-20180309,CD8,CD8_C03-CX3CR1,CRC.P0309_C000056:3,Clonal
P0309,PTC72-20180309,CD8,CD8_C03-CX3CR1,CRC.P0309_C000056:3,Clonal
P0309,TTC100-20180309,CD8,CD8_C04-GZMK,CRC.P0309_C000056:3,Clonal
P0309,TTC41-20180309,CD8,CD8_C03-CX3CR1,CRC.P0309_C000081:3,Clonal
P0309,PTC26-20180309,CD8,CD8_C03-CX3CR1,CRC.P0309_C000081:3,Clonal
P0309,PTC60-20180309,CD8,CD8_C03-CX3CR1,CRC.P0309_C000081:3,Clonal
P0309,PTH40-20180309,CD4,CD4_C03-GNLY,CRC.P0309_C000096:3,Clonal
P0309,TTH69-20180309,CD4,CD4_C07-GZMK,CRC.P0309_C000096:3,Clonal
P0309,TTH147-20180309,DN,NA,CRC.P0309_C000096:3,Clonal
P0309,TTR23-20180309,CD4,CD4_C12-CTLA4,CRC.P0309_C000114:3,Clonal
P0309,TTR19-20180309,CD4,CD4_C12-CTLA4,CRC.P0309_C000114:3,Clonal
P0309,TP727-20180309,CD4,CD4_C12-CTLA4,CRC.P0309_C000114:3,Clonal
P0309,TTC53-20180309,CD8,CD8_C06-CD160,CRC.P0309_C000129:3,Clonal
P0309,TTC149-20180309,CD8,CD8_C06-CD160,CRC.P0309_C000129:3,Clonal
P0309,TTC69-20180309,CD8,CD8_C06-CD160,CRC.P0309_C000129:3,Clonal
P0309,TTC48-20180309,CD8,CD8_C05-CD6,CRC.P0309_C000249:3,Clonal
P0309,TTC132-20180309,CD8,CD8_C05-CD6,CRC.P0309_C000249:3,Clonal
P0309,TTC29-20180309,other,NA,CRC.P0309_C000249:3,Clonal
P0309,TTC23-20180309,CD8,CD8_C06-CD160,CRC.P0309_C000253:3,Clonal
P0309,TTC50-20180309,other,NA,CRC.P0309_C000253:3,Clonal
P0309,TTC119-20180309,other,NA,CRC.P0309_C000253:3,Clonal
P0309,TTR5-20180309,CD4,CD4_C12-CTLA4,CRC.P0309_C000283:3,Clonal
P0309,TTR2-20180309,CD4,CD4_C12-CTLA4,CRC.P0309_C000283:3,Clonal
P0309,TTR56-20180309,CD4,CD4_C12-CTLA4,CRC.P0309_C000283:3,Clonal
P0309,TTC51-20180309,CD8,CD8_C04-GZMK,CRC.P0309_C000328:3,Clonal
P0309,TTC11-20180309,CD8,CD8_C04-GZMK,CRC.P0309_C000328:3,Clonal
P0309,TTC89-20180309,DP,NA,CRC.P0309_C000328:3,Clonal
P0309,TTC122-20180309,CD8,CD8_C04-GZMK,CRC.P0309_C000017:2,Clonal
P0309,TTC142-20180309,DN,NA,CRC.P0309_C000017:2,Clonal
P0309,PTC8-20180309,CD8,CD8_C03-CX3CR1,CRC.P0309_C000027:2,Clonal
P0309,PTC27-20180309,CD8,CD8_C03-CX3CR1,CRC.P0309_C000027:2,Clonal
P0309,TTC115-20180309,CD8,CD8_C07-LAYN,CRC.P0309_C000029:2,Clonal
P0309,TTC55-20180309,CD8,CD8_C07-LAYN,CRC.P0309_C000029:2,Clonal
P0309,TTC86-20180309,other,NA,CRC.P0309_C000038:2,Clonal
P0309,TTC146-20180309,DN,NA,CRC.P0309_C000038:2,Clonal
P0309,TTH4-20180309,CD4,CD4_C07-GZMK,CRC.P0309_C000055:2,Clonal
P0309,TP756-20180309,DN,NA,CRC.P0309_C000055:2,Clonal
P0309,TTR55-20180309,DN,NA,CRC.P0309_C000067:2,Clonal
P0309,TTH157-20180309,DN,NA,CRC.P0309_C000067:2,Clonal
P0309,TTR71-20180309,CD4,CD4_C12-CTLA4,CRC.P0309_C000118:2,Clonal
P0309,TTR27-20180309,CD4,CD4_C12-CTLA4,CRC.P0309_C000118:2,Clonal
P0309,TTR41-20180309,CD4,CD4_C12-CTLA4,CRC.P0309_C000124:2,Clonal
P0309,TTR45-20180309,other,NA,CRC.P0309_C000124:2,Clonal
P0309,TTR82-20180309,CD4,CD4_C12-CTLA4,CRC.P0309_C000141:2,Clonal
P0309,TTR80-20180309,CD4,CD4_C12-CTLA4,CRC.P0309_C000141:2,Clonal
P0309,TTC45-20180309,CD8,CD8_C05-CD6,CRC.P0309_C000162:2,Clonal
P0309,TTC125-20180309,other,NA,CRC.P0309_C000162:2,Clonal
P0309,TTR10-20180309,CD4,CD4_C12-CTLA4,CRC.P0309_C000163:2,Clonal
P0309,TTR83-20180309,other,NA,CRC.P0309_C000163:2,Clonal
P0309,TTR47-20180309,CD4,CD4_C12-CTLA4,CRC.P0309_C000164:2,Clonal
P0309,TTR54-20180309,CD4,CD4_C12-CTLA4,CRC.P0309_C000164:2,Clonal
P0309,TTH88-20180309,CD4,CD4_C06-CXCR5,CRC.P0309_C000183:2,Clonal
P0309,TTH30-20180309,DN,NA,CRC.P0309_C000183:2,Clonal
P0309,TTC6-20180309,CD8,CD8_C05-CD6,CRC.P0309_C000247:2,Clonal
P0309,TTC13-20180309,CD8,CD8_C05-CD6,CRC.P0309_C000247:2,Clonal
P0309,TTR77-20180309,CD4,CD4_C12-CTLA4,CRC.P0309_C000270:2,Clonal
P0309,TTR84-20180309,CD4,CD4_C12-CTLA4,CRC.P0309_C000270:2,Clonal
P0309,TTC118-20180309,CD8,CD8_C06-CD160,CRC.P0309_C000304:2,Clonal
P0309,TTC131-20180309,CD8,CD8_C06-CD160,CRC.P0309_C000304:2,Clonal
P0309,TTR17-20180309,CD4,CD4_C12-CTLA4,CRC.P0309_C000308:2,Clonal
P0309,TTR18-20180309,CD4,CD4_C12-CTLA4,CRC.P0309_C000308:2,Clonal
P0309,TTR94-20180309,CD4,CD4_C12-CTLA4,CRC.P0309_C000323:2,Clonal
P0309,TTR4-20180309,CD4,CD4_C12-CTLA4,CRC.P0309_C000323:2,Clonal
P0309,TP758-20180309,CD4,CD4_C06-CXCR5,CRC.P0309_C000329:2,Clonal
P0309,TTH153-20180309,DN,NA,CRC.P0309_C000329:2,Clonal
P0309,TTC73-20180309,CD8,CD8_C05-CD6,CRC.P0309_C000377:2,Clonal
P0309,TTC75-20180309,CD8,CD8_C05-CD6,CRC.P0309_C000377:2,Clonal
P0309,TTC31-20180309,CD8,CD8_C05-CD6,CRC.P0309_C000408:2,Clonal
P0309,TTC27-20180309,CD8,CD8_C05-CD6,CRC.P0309_C000408:2,Clonal
P0309,TTR34-20180309,CD4,CD4_C12-CTLA4,CRC.P0309_C000001:1,NoClonal
P0309,PTC62-20180309,CD8,CD8_C03-CX3CR1,CRC.P0309_C000003:1,NoClonal
P0309,TTH20-20180309,DN,NA,CRC.P0309_C000005:1,NoClonal
P0309,TTR28-20180309,CD4,CD4_C12-CTLA4,CRC.P0309_C000006:1,NoClonal
P0309,PTR57-20180309,CD4,CD4_C02-ANXA1,CRC.P0309_C000007:1,NoClonal
P0309,TP773-20180309,DN,NA,CRC.P0309_C000008:1,NoClonal
P0309,TTC139-20180309,CD8,CD8_C05-CD6,CRC.P0309_C000009:1,NoClonal
P0309,TTC128-20180309,CD8,CD8_C04-GZMK,CRC.P0309_C000010:1,NoClonal
P0309,PTR26-20180309,CD4,CD4_C10-FOXP3,CRC.P0309_C000012:1,NoClonal
P0309,TTR7-20180309,other,NA,CRC.P0309_C000013:1,NoClonal
P0309,PP713-20180309,DN,NA,CRC.P0309_C000014:1,NoClonal
P0309,PTH21-20180309,CD4,CD4_C01-CCR7,CRC.P0309_C000015:1,NoClonal
P0309,PTR79-20180309,CD4,CD4_C10-FOXP3,CRC.P0309_C000016:1,NoClonal
P0309,PTR16-20180309,other,NA,CRC.P0309_C000018:1,NoClonal
P0309,TP77-20180309,DN,NA,CRC.P0309_C000019:1,NoClonal
P0309,TP732-20180309,CD4,CD4_C06-CXCR5,CRC.P0309_C000020:1,NoClonal
P0309,TP730-20180309,CD4,CD4_C12-CTLA4,CRC.P0309_C000021:1,NoClonal
P0309,TTH159-20180309,CD4,CD4_C12-CTLA4,CRC.P0309_C000022:1,NoClonal
P0309,TTH44-20180309,CD4,CD4_C05-CXCR6,CRC.P0309_C000024:1,NoClonal
P0309,TTH79-20180309,CD4,CD4_C04-TCF7,CRC.P0309_C000026:1,NoClonal
P0309,PTH6-20180309,other,NA,CRC.P0309_C000028:1,NoClonal
P0309,TTH80-20180309,DN,NA,CRC.P0309_C000030:1,NoClonal
P0309,PTH14-20180309,CD4,CD4_C10-FOXP3,CRC.P0309_C000031:1,NoClonal
P0309,PTR63-20180309,CD4,CD4_C10-FOXP3,CRC.P0309_C000032:1,NoClonal
P0309,PTR12-20180309,CD4,CD4_C10-FOXP3,CRC.P0309_C000033:1,NoClonal
P0309,PTR58-20180309,CD4,CD4_C02-ANXA1,CRC.P0309_C000034:1,NoClonal
P0309,TTH70-20180309,CD4,CD4_C05-CXCR6,CRC.P0309_C000037:1,NoClonal
P0309,TTH140-20180309,CD4,CD4_C04-TCF7,CRC.P0309_C000044:1,NoClonal
P0309,TP750-20180309,DN,NA,CRC.P0309_C000045:1,NoClonal
P0309,TP787-20180309,CD4,CD4_C12-CTLA4,CRC.P0309_C000048:1,NoClonal
P0309,TTH164-20180309,DN,NA,CRC.P0309_C000049:1,NoClonal
P0309,PTR96-20180309,CD4,CD4_C10-FOXP3,CRC.P0309_C000052:1,NoClonal
P0309,PTC41-20180309,CD8,CD8_C02-GPR183,CRC.P0309_C000053:1,NoClonal
P0309,TP755-20180309,CD4,CD4_C04-TCF7,CRC.P0309_C000054:1,NoClonal
P0309,PTC63-20180309,CD8,CD8_C03-CX3CR1,CRC.P0309_C000057:1,NoClonal
P0309,PTH52-20180309,CD4,CD4_C01-CCR7,CRC.P0309_C000058:1,NoClonal
P0309,TP774-20180309,CD4,CD4_C08-IL23R,CRC.P0309_C000059:1,NoClonal
P0309,TTH7-20180309,CD4,CD4_C05-CXCR6,CRC.P0309_C000060:1,NoClonal
P0309,PTH50-20180309,DN,NA,CRC.P0309_C000061:1,NoClonal
P0309,TTH144-20180309,CD4,CD4_C08-IL23R,CRC.P0309_C000062:1,NoClonal
P0309,TTC129-20180309,other,NA,CRC.P0309_C000063:1,NoClonal
P0309,PTH15-20180309,CD4,CD4_C01-CCR7,CRC.P0309_C000064:1,NoClonal
P0309,TTH89-20180309,CD4,CD4_C04-TCF7,CRC.P0309_C000065:1,NoClonal
P0309,TTC40-20180309,CD8,CD8_C08-SLC4A10,CRC.P0309_C000073:1,NoClonal
P0309,TP796-20180309,CD4,CD4_C08-IL23R,CRC.P0309_C000074:1,NoClonal
P0309,PTH61-20180309,CD4,CD4_C03-GNLY,CRC.P0309_C000075:1,NoClonal
P0309,PTR90-20180309,CD4,CD4_C10-FOXP3,CRC.P0309_C000077:1,NoClonal
P0309,PTR11-20180309,CD4,CD4_C02-ANXA1,CRC.P0309_C000078:1,NoClonal
P0309,TTH50-20180309,DN,NA,CRC.P0309_C000079:1,NoClonal
P0309,TTR96-20180309,other,NA,CRC.P0309_C000082:1,NoClonal
P0309,TTC148-20180309,CD8,CD8_C04-GZMK,CRC.P0309_C000084:1,NoClonal
P0309,TTH160-20180309,CD4,CD4_C04-TCF7,CRC.P0309_C000085:1,NoClonal
P0309,TTH67-20180309,other,NA,CRC.P0309_C000086:1,NoClonal
P0309,PTR78-20180309,DN,NA,CRC.P0309_C000087:1,NoClonal
P0309,PTR10-20180309,CD4,CD4_C02-ANXA1,CRC.P0309_C000088:1,NoClonal
P0309,PTC66-20180309,CD8,CD8_C03-CX3CR1,CRC.P0309_C000089:1,NoClonal
P0309,TTR53-20180309,CD4,CD4_C12-CTLA4,CRC.P0309_C000090:1,NoClonal
P0309,PTR20-20180309,CD4,CD4_C02-ANXA1,CRC.P0309_C000091:1,NoClonal
P0309,PTR33-20180309,other,NA,CRC.P0309_C000092:1,NoClonal
P0309,PTR32-20180309,CD4,CD4_C10-FOXP3,CRC.P0309_C000093:1,NoClonal
P0309,PTH59-20180309,DN,NA,CRC.P0309_C000094:1,NoClonal
P0309,TP789-20180309,CD4,CD4_C05-CXCR6,CRC.P0309_C000095:1,NoClonal
P0309,TP772-20180309,DN,NA,CRC.P0309_C000098:1,NoClonal
P0309,TTH34-20180309,other,NA,CRC.P0309_C000099:1,NoClonal
P0309,PP734-20180309,DN,NA,CRC.P0309_C000100:1,NoClonal
P0309,TTH3-20180309,CD4,CD4_C05-CXCR6,CRC.P0309_C000101:1,NoClonal
P0309,TTR62-20180309,CD4,CD4_C12-CTLA4,CRC.P0309_C000103:1,NoClonal
P0309,PTR91-20180309,CD4,CD4_C10-FOXP3,CRC.P0309_C000104:1,NoClonal
P0309,PTR48-20180309,CD4,CD4_C10-FOXP3,CRC.P0309_C000105:1,NoClonal
P0309,TTC42-20180309,CD8,CD8_C05-CD6,CRC.P0309_C000106:1,NoClonal
P0309,TTC127-20180309,other,NA,CRC.P0309_C000107:1,NoClonal
P0309,PP711-20180309,CD4,CD4_C02-ANXA1,CRC.P0309_C000108:1,NoClonal
P0309,PTC30-20180309,other,NA,CRC.P0309_C000109:1,NoClonal
P0309,TTC38-20180309,CD8,CD8_C04-GZMK,CRC.P0309_C000110:1,NoClonal
P0309,PTH47-20180309,CD4,CD4_C01-CCR7,CRC.P0309_C000111:1,NoClonal
P0309,PP77-20180309,DN,NA,CRC.P0309_C000115:1,NoClonal
P0309,TTH6-20180309,DN,NA,CRC.P0309_C000116:1,NoClonal
P0309,PTR77-20180309,CD4,CD4_C10-FOXP3,CRC.P0309_C000117:1,NoClonal
P0309,TP764-20180309,CD4,CD4_C12-CTLA4,CRC.P0309_C000119:1,NoClonal
P0309,PTC61-20180309,CD8,CD8_C03-CX3CR1,CRC.P0309_C000120:1,NoClonal
P0309,TTR81-20180309,CD4,CD4_C12-CTLA4,CRC.P0309_C000121:1,NoClonal
P0309,TTR76-20180309,CD4,CD4_C12-CTLA4,CRC.P0309_C000122:1,NoClonal
P0309,PTC35-20180309,CD8,CD8_C02-GPR183,CRC.P0309_C000123:1,NoClonal
P0309,TTR58-20180309,DN,NA,CRC.P0309_C000125:1,NoClonal
P0309,PP710-20180309,CD4,CD4_C02-ANXA1,CRC.P0309_C000127:1,NoClonal
P0309,PTC2-20180309,CD8,CD8_C03-CX3CR1,CRC.P0309_C000128:1,NoClonal
P0309,TTC145-20180309,CD8,CD8_C04-GZMK,CRC.P0309_C000130:1,NoClonal
P0309,TTR8-20180309,CD4,CD4_C12-CTLA4,CRC.P0309_C000131:1,NoClonal
P0309,TTH142-20180309,CD4,CD4_C06-CXCR5,CRC.P0309_C000132:1,NoClonal
P0309,TTH158-20180309,CD4,CD4_C04-TCF7,CRC.P0309_C000133:1,NoClonal
P0309,TP728-20180309,CD4,CD4_C12-CTLA4,CRC.P0309_C000134:1,NoClonal
P0309,TTH59-20180309,CD4,CD4_C04-TCF7,CRC.P0309_C000135:1,NoClonal
P0309,PTH79-20180309,CD4,CD4_C02-ANXA1,CRC.P0309_C000136:1,NoClonal
P0309,TP741-20180309,CD4,CD4_C12-CTLA4,CRC.P0309_C000139:1,NoClonal
P0309,TP73-20180309,CD4,CD4_C12-CTLA4,CRC.P0309_C000140:1,NoClonal
P0309,TTC137-20180309,CD8,CD8_C04-GZMK,CRC.P0309_C000142:1,NoClonal
P0309,TTH32-20180309,CD4,CD4_C08-IL23R,CRC.P0309_C000144:1,NoClonal
P0309,TTH8-20180309,CD4,CD4_C05-CXCR6,CRC.P0309_C000145:1,NoClonal
P0309,TTH39-20180309,CD4,CD4_C08-IL23R,CRC.P0309_C000146:1,NoClonal
P0309,TTH102-20180309,CD4,CD4_C05-CXCR6,CRC.P0309_C000147:1,NoClonal
P0309,TP710-20180309,DN,NA,CRC.P0309_C000148:1,NoClonal
P0309,PTC45-20180309,CD8,CD8_C02-GPR183,CRC.P0309_C000149:1,NoClonal
P0309,TTH60-20180309,CD4,CD4_C05-CXCR6,CRC.P0309_C000150:1,NoClonal
P0309,PP735-20180309,CD4,CD4_C01-CCR7,CRC.P0309_C000151:1,NoClonal
P0309,TP754-20180309,DN,NA,CRC.P0309_C000152:1,NoClonal
P0309,TTR40-20180309,CD4,CD4_C05-CXCR6,CRC.P0309_C000153:1,NoClonal
P0309,PP716-20180309,CD4,CD4_C02-ANXA1,CRC.P0309_C000154:1,NoClonal
P0309,TP731-20180309,DN,NA,CRC.P0309_C000155:1,NoClonal
P0309,PTH19-20180309,CD4,CD4_C01-CCR7,CRC.P0309_C000156:1,NoClonal
P0309,TTR59-20180309,CD4,CD4_C12-CTLA4,CRC.P0309_C000158:1,NoClonal
P0309,TTC110-20180309,CD8,CD8_C05-CD6,CRC.P0309_C000159:1,NoClonal
P0309,PP71-20180309,CD4,CD4_C01-CCR7,CRC.P0309_C000160:1,NoClonal
P0309,TTR22-20180309,CD4,CD4_C02-ANXA1,CRC.P0309_C000161:1,NoClonal
P0309,TTH56-20180309,CD4,CD4_C08-IL23R,CRC.P0309_C000165:1,NoClonal
P0309,PTH53-20180309,DN,NA,CRC.P0309_C000166:1,NoClonal
P0309,PTC67-20180309,CD8,CD8_C08-SLC4A10,CRC.P0309_C000169:1,NoClonal
P0309,TTH17-20180309,CD4,CD4_C07-GZMK,CRC.P0309_C000170:1,NoClonal
P0309,PP74-20180309,CD4,CD4_C01-CCR7,CRC.P0309_C000174:1,NoClonal
P0309,TTH55-20180309,CD4,CD4_C08-IL23R,CRC.P0309_C000175:1,NoClonal
P0309,TTC96-20180309,CD8,CD8_C06-CD160,CRC.P0309_C000176:1,NoClonal
P0309,TTH23-20180309,CD4,CD4_C04-TCF7,CRC.P0309_C000177:1,NoClonal
P0309,TTH22-20180309,CD4,CD4_C06-CXCR5,CRC.P0309_C000179:1,NoClonal
P0309,PTH10-20180309,CD4,CD4_C02-ANXA1,CRC.P0309_C000180:1,NoClonal
P0309,PP76-20180309,CD4,CD4_C03-GNLY,CRC.P0309_C000181:1,NoClonal
P0309,TTH126-20180309,CD4,CD4_C07-GZMK,CRC.P0309_C000182:1,NoClonal
P0309,TTC68-20180309,CD8,CD8_C05-CD6,CRC.P0309_C000184:1,NoClonal
P0309,PTR50-20180309,CD4,CD4_C10-FOXP3,CRC.P0309_C000185:1,NoClonal
P0309,PTC50-20180309,CD8,CD8_C03-CX3CR1,CRC.P0309_C000186:1,NoClonal
P0309,PTH72-20180309,DN,NA,CRC.P0309_C000187:1,NoClonal
P0309,TP711-20180309,CD4,CD4_C08-IL23R,CRC.P0309_C000189:1,NoClonal
P0309,PTR17-20180309,other,NA,CRC.P0309_C000191:1,NoClonal
P0309,PTR41-20180309,CD4,CD4_C01-CCR7,CRC.P0309_C000192:1,NoClonal
P0309,PTH92-20180309,DN,NA,CRC.P0309_C000193:1,NoClonal
P0309,TTR33-20180309,CD4,CD4_C12-CTLA4,CRC.P0309_C000194:1,NoClonal
P0309,PTH7-20180309,CD4,CD4_C02-ANXA1,CRC.P0309_C000195:1,NoClonal
P0309,TTC135-20180309,CD8,CD8_C05-CD6,CRC.P0309_C000196:1,NoClonal
P0309,PTR37-20180309,CD4,CD4_C01-CCR7,CRC.P0309_C000197:1,NoClonal
P0309,PTR87-20180309,CD4,CD4_C10-FOXP3,CRC.P0309_C000198:1,NoClonal
P0309,TTC61-20180309,CD8,CD8_C04-GZMK,CRC.P0309_C000199:1,NoClonal
P0309,PTR88-20180309,CD4,CD4_C01-CCR7,CRC.P0309_C000200:1,NoClonal
P0309,TTC19-20180309,CD8,CD8_C04-GZMK,CRC.P0309_C000201:1,NoClonal
P0309,PTR49-20180309,CD4,CD4_C10-FOXP3,CRC.P0309_C000202:1,NoClonal
P0309,PTH56-20180309,DN,NA,CRC.P0309_C000203:1,NoClonal
P0309,TTR93-20180309,DN,NA,CRC.P0309_C000204:1,NoClonal
P0309,TP737-20180309,CD4,CD4_C12-CTLA4,CRC.P0309_C000205:1,NoClonal
P0309,TTH96-20180309,CD4,CD4_C07-GZMK,CRC.P0309_C000206:1,NoClonal
P0309,PTH20-20180309,CD4,CD4_C01-CCR7,CRC.P0309_C000207:1,NoClonal
P0309,PTR94-20180309,DN,NA,CRC.P0309_C000208:1,NoClonal
P0309,TTH25-20180309,CD4,CD4_C04-TCF7,CRC.P0309_C000209:1,NoClonal
P0309,PTC47-20180309,CD8,CD8_C03-CX3CR1,CRC.P0309_C000210:1,NoClonal
P0309,TP790-20180309,CD4,CD4_C05-CXCR6,CRC.P0309_C000211:1,NoClonal
P0309,TTH1-20180309,DN,NA,CRC.P0309_C000212:1,NoClonal
P0309,TTH51-20180309,DN,NA,CRC.P0309_C000213:1,NoClonal
P0309,PTR5-20180309,DN,NA,CRC.P0309_C000214:1,NoClonal
P0309,TTC7-20180309,CD8,CD8_C06-CD160,CRC.P0309_C000215:1,NoClonal
P0309,TTR46-20180309,CD4,CD4_C12-CTLA4,CRC.P0309_C000217:1,NoClonal
P0309,TTC136-20180309,CD8,CD8_C04-GZMK,CRC.P0309_C000218:1,NoClonal
P0309,PTR76-20180309,CD4,CD4_C10-FOXP3,CRC.P0309_C000219:1,NoClonal
P0309,TP785-20180309,CD4,CD4_C05-CXCR6,CRC.P0309_C000220:1,NoClonal
P0309,TTR30-20180309,CD4,CD4_C12-CTLA4,CRC.P0309_C000222:1,NoClonal
P0309,TP778-20180309,CD4,CD4_C10-FOXP3,CRC.P0309_C000223:1,NoClonal
P0309,PTH94-20180309,DN,NA,CRC.P0309_C000224:1,NoClonal
P0309,TTH101-20180309,CD4,CD4_C07-GZMK,CRC.P0309_C000225:1,NoClonal
P0309,PTH49-20180309,DN,NA,CRC.P0309_C000226:1,NoClonal
P0309,TTC71-20180309,CD8,CD8_C04-GZMK,CRC.P0309_C000227:1,NoClonal
P0309,PTH1-20180309,DN,NA,CRC.P0309_C000228:1,NoClonal
P0309,PTR4-20180309,CD4,CD4_C10-FOXP3,CRC.P0309_C000229:1,NoClonal
P0309,PTH93-20180309,CD4,CD4_C01-CCR7,CRC.P0309_C000231:1,NoClonal
P0309,TTH110-20180309,CD4,CD4_C05-CXCR6,CRC.P0309_C000232:1,NoClonal
P0309,PTC73-20180309,CD8,CD8_C02-GPR183,CRC.P0309_C000233:1,NoClonal
P0309,TTR43-20180309,CD4,CD4_C12-CTLA4,CRC.P0309_C000234:1,NoClonal
P0309,PTR42-20180309,other,NA,CRC.P0309_C000235:1,NoClonal
P0309,TTH58-20180309,CD4,CD4_C04-TCF7,CRC.P0309_C000237:1,NoClonal
P0309,PTR95-20180309,CD4,CD4_C10-FOXP3,CRC.P0309_C000238:1,NoClonal
P0309,TTH148-20180309,DN,NA,CRC.P0309_C000239:1,NoClonal
P0309,PTR6-20180309,DN,NA,CRC.P0309_C000240:1,NoClonal
P0309,PTR39-20180309,DN,NA,CRC.P0309_C000241:1,NoClonal
P0309,TTH132-20180309,DN,NA,CRC.P0309_C000242:1,NoClonal
P0309,TTH119-20180309,DN,NA,CRC.P0309_C000243:1,NoClonal
P0309,TP761-20180309,DN,NA,CRC.P0309_C000244:1,NoClonal
P0309,PTH11-20180309,CD4,CD4_C01-CCR7,CRC.P0309_C000245:1,NoClonal
P0309,PP768-20180309,DN,NA,CRC.P0309_C000246:1,NoClonal
P0309,PP723-20180309,DN,NA,CRC.P0309_C000248:1,NoClonal
P0309,TTR1-20180309,CD4,CD4_C12-CTLA4,CRC.P0309_C000250:1,NoClonal
P0309,PP712-20180309,CD4,CD4_C02-ANXA1,CRC.P0309_C000252:1,NoClonal
P0309,TTR75-20180309,CD4,CD4_C12-CTLA4,CRC.P0309_C000255:1,NoClonal
P0309,PP753-20180309,DN,NA,CRC.P0309_C000256:1,NoClonal
P0309,TTC28-20180309,CD8,CD8_C05-CD6,CRC.P0309_C000257:1,NoClonal
P0309,TTR67-20180309,CD4,CD4_C12-CTLA4,CRC.P0309_C000258:1,NoClonal
P0309,TTR79-20180309,CD4,CD4_C12-CTLA4,CRC.P0309_C000259:1,NoClonal
P0309,TTH111-20180309,DN,NA,CRC.P0309_C000260:1,NoClonal
P0309,PTH62-20180309,DN,NA,CRC.P0309_C000261:1,NoClonal
P0309,TP760-20180309,CD4,CD4_C05-CXCR6,CRC.P0309_C000263:1,NoClonal
P0309,TP715-20180309,CD4,CD4_C02-ANXA1,CRC.P0309_C000264:1,NoClonal
P0309,TTC60-20180309,CD8,CD8_C06-CD160,CRC.P0309_C000266:1,NoClonal
P0309,TTH75-20180309,CD4,CD4_C06-CXCR5,CRC.P0309_C000268:1,NoClonal
P0309,PTH88-20180309,DN,NA,CRC.P0309_C000269:1,NoClonal
P0309,TP743-20180309,CD4,CD4_C05-CXCR6,CRC.P0309_C000271:1,NoClonal
P0309,PTH77-20180309,CD4,CD4_C02-ANXA1,CRC.P0309_C000272:1,NoClonal
P0309,TTH163-20180309,DN,NA,CRC.P0309_C000273:1,NoClonal
P0309,PTR40-20180309,CD4,CD4_C01-CCR7,CRC.P0309_C000274:1,NoClonal
P0309,TTH36-20180309,CD4,CD4_C08-IL23R,CRC.P0309_C000275:1,NoClonal
P0309,TTC116-20180309,CD8,CD8_C06-CD160,CRC.P0309_C000276:1,NoClonal
P0309,TTC92-20180309,CD8,CD8_C05-CD6,CRC.P0309_C000277:1,NoClonal
P0309,TTC134-20180309,CD8,CD8_C08-SLC4A10,CRC.P0309_C000279:1,NoClonal
P0309,PTH3-20180309,CD4,CD4_C07-GZMK,CRC.P0309_C000280:1,NoClonal
P0309,TP74-20180309,CD4,CD4_C05-CXCR6,CRC.P0309_C000281:1,NoClonal
P0309,TP768-20180309,CD4,CD4_C05-CXCR6,CRC.P0309_C000282:1,NoClonal
P0309,TTC104-20180309,other,NA,CRC.P0309_C000285:1,NoClonal
P0309,TP718-20180309,CD4,CD4_C04-TCF7,CRC.P0309_C000286:1,NoClonal
P0309,TTH146-20180309,CD4,CD4_C04-TCF7,CRC.P0309_C000287:1,NoClonal
P0309,TTR69-20180309,CD4,CD4_C02-ANXA1,CRC.P0309_C000288:1,NoClonal
P0309,TP791-20180309,DN,NA,CRC.P0309_C000289:1,NoClonal
P0309,PTH86-20180309,CD4,CD4_C01-CCR7,CRC.P0309_C000290:1,NoClonal
P0309,PTR23-20180309,other,NA,CRC.P0309_C000291:1,NoClonal
P0309,TP763-20180309,CD4,CD4_C08-IL23R,CRC.P0309_C000292:1,NoClonal
P0309,TTH10-20180309,DN,NA,CRC.P0309_C000293:1,NoClonal
P0309,PTC40-20180309,CD8,CD8_C01-LEF1,CRC.P0309_C000294:1,NoClonal
P0309,PP78-20180309,CD4,CD4_C02-ANXA1,CRC.P0309_C000295:1,NoClonal
P0309,TTC95-20180309,CD8,CD8_C04-GZMK,CRC.P0309_C000296:1,NoClonal
P0309,PTR62-20180309,DN,NA,CRC.P0309_C000297:1,NoClonal
P0309,PTH26-20180309,CD4,CD4_C02-ANXA1,CRC.P0309_C000298:1,NoClonal
P0309,TP76-20180309,DN,NA,CRC.P0309_C000299:1,NoClonal
P0309,PTH13-20180309,DN,NA,CRC.P0309_C000300:1,NoClonal
P0309,PTH48-20180309,CD4,CD4_C10-FOXP3,CRC.P0309_C000301:1,NoClonal
P0309,PTC93-20180309,other,NA,CRC.P0309_C000302:1,NoClonal
P0309,TTC103-20180309,CD8,CD8_C06-CD160,CRC.P0309_C000303:1,NoClonal
P0309,TTH134-20180309,CD4,CD4_C06-CXCR5,CRC.P0309_C000305:1,NoClonal
P0309,PTH78-20180309,DN,NA,CRC.P0309_C000306:1,NoClonal
P0309,TTC63-20180309,CD8,CD8_C08-SLC4A10,CRC.P0309_C000307:1,NoClonal
P0309,TTR74-20180309,CD4,CD4_C12-CTLA4,CRC.P0309_C000309:1,NoClonal
P0309,TTR48-20180309,CD4,CD4_C12-CTLA4,CRC.P0309_C000310:1,NoClonal
P0309,TP769-20180309,CD4,CD4_C12-CTLA4,CRC.P0309_C000314:1,NoClonal
P0309,PTR30-20180309,CD4,CD4_C02-ANXA1,CRC.P0309_C000315:1,NoClonal
P0309,TP739-20180309,CD4,CD4_C05-CXCR6,CRC.P0309_C000316:1,NoClonal
P0309,TTR16-20180309,CD4,CD4_C12-CTLA4,CRC.P0309_C000317:1,NoClonal
P0309,PTC56-20180309,CD8,CD8_C08-SLC4A10,CRC.P0309_C000318:1,NoClonal
P0309,TP736-20180309,DN,NA,CRC.P0309_C000320:1,NoClonal
P0309,TTH151-20180309,DN,NA,CRC.P0309_C000321:1,NoClonal
P0309,PTC86-20180309,CD8,CD8_C03-CX3CR1,CRC.P0309_C000322:1,NoClonal
P0309,TP746-20180309,CD4,CD4_C12-CTLA4,CRC.P0309_C000324:1,NoClonal
P0309,TP712-20180309,other,NA,CRC.P0309_C000325:1,NoClonal
P0309,PTR74-20180309,DN,NA,CRC.P0309_C000326:1,NoClonal
P0309,PTH84-20180309,CD4,CD4_C01-CCR7,CRC.P0309_C000327:1,NoClonal
P0309,TTR50-20180309,CD4,CD4_C12-CTLA4,CRC.P0309_C000332:1,NoClonal
P0309,TTC141-20180309,CD8,CD8_C06-CD160,CRC.P0309_C000333:1,NoClonal
P0309,PP743-20180309,CD4,CD4_C01-CCR7,CRC.P0309_C000334:1,NoClonal
P0309,TP762-20180309,CD4,CD4_C06-CXCR5,CRC.P0309_C000335:1,NoClonal
P0309,PTH81-20180309,CD4,CD4_C01-CCR7,CRC.P0309_C000336:1,NoClonal
P0309,PTC75-20180309,CD8,CD8_C03-CX3CR1,CRC.P0309_C000337:1,NoClonal
P0309,TP725-20180309,DN,NA,CRC.P0309_C000338:1,NoClonal
P0309,TTR26-20180309,CD4,CD4_C12-CTLA4,CRC.P0309_C000339:1,NoClonal
P0309,TTC52-20180309,CD8,CD8_C04-GZMK,CRC.P0309_C000340:1,NoClonal
P0309,TTR42-20180309,CD4,CD4_C12-CTLA4,CRC.P0309_C000342:1,NoClonal
P0309,TP781-20180309,CD4,CD4_C05-CXCR6,CRC.P0309_C000343:1,NoClonal
P0309,TP733-20180309,CD4,CD4_C05-CXCR6,CRC.P0309_C000345:1,NoClonal
P0309,PTR7-20180309,CD4,CD4_C02-ANXA1,CRC.P0309_C000346:1,NoClonal
P0309,PTR46-20180309,DN,NA,CRC.P0309_C000347:1,NoClonal
P0309,PTR19-20180309,DN,NA,CRC.P0309_C000348:1,NoClonal
P0309,TTC67-20180309,CD8,CD8_C04-GZMK,CRC.P0309_C000349:1,NoClonal
P0309,TTH94-20180309,DN,NA,CRC.P0309_C000350:1,NoClonal
P0309,PTR34-20180309,CD4,CD4_C01-CCR7,CRC.P0309_C000351:1,NoClonal
P0309,PTH12-20180309,DN,NA,CRC.P0309_C000352:1,NoClonal
P0309,TTC143-20180309,CD8,CD8_C05-CD6,CRC.P0309_C000353:1,NoClonal
P0309,PTR38-20180309,DN,NA,CRC.P0309_C000354:1,NoClonal
P0309,PTH46-20180309,DN,NA,CRC.P0309_C000355:1,NoClonal
P0309,TTH81-20180309,CD4,CD4_C04-TCF7,CRC.P0309_C000356:1,NoClonal
P0309,TTH52-20180309,CD4,CD4_C05-CXCR6,CRC.P0309_C000357:1,NoClonal
P0309,TP713-20180309,DN,NA,CRC.P0309_C000358:1,NoClonal
P0309,TP745-20180309,DN,NA,CRC.P0309_C000359:1,NoClonal
P0309,PTR35-20180309,CD4,CD4_C10-FOXP3,CRC.P0309_C000361:1,NoClonal
P0309,TTR60-20180309,CD4,CD4_C12-CTLA4,CRC.P0309_C000362:1,NoClonal
P0309,PTR44-20180309,CD4,CD4_C10-FOXP3,CRC.P0309_C000363:1,NoClonal
P0309,TTR66-20180309,CD4,CD4_C12-CTLA4,CRC.P0309_C000365:1,NoClonal
P0309,PTR84-20180309,DN,NA,CRC.P0309_C000366:1,NoClonal
P0309,TTC147-20180309,CD8,CD8_C04-GZMK,CRC.P0309_C000367:1,NoClonal
P0309,PTC22-20180309,CD8,CD8_C03-CX3CR1,CRC.P0309_C000368:1,NoClonal
P0309,TTH130-20180309,CD4,CD4_C05-CXCR6,CRC.P0309_C000369:1,NoClonal
P0309,PTR15-20180309,CD4,CD4_C10-FOXP3,CRC.P0309_C000370:1,NoClonal
P0309,TP784-20180309,CD4,CD4_C08-IL23R,CRC.P0309_C000371:1,NoClonal
P0309,TTH92-20180309,DN,NA,CRC.P0309_C000372:1,NoClonal
P0309,PTC33-20180309,CD8,CD8_C02-GPR183,CRC.P0309_C000373:1,NoClonal
P0309,TP735-20180309,DN,NA,CRC.P0309_C000374:1,NoClonal
P0309,TTC32-20180309,CD8,CD8_C05-CD6,CRC.P0309_C000375:1,NoClonal
P0309,TTH43-20180309,DN,NA,CRC.P0309_C000376:1,NoClonal
P0309,TP767-20180309,DN,NA,CRC.P0309_C000378:1,NoClonal
P0309,TTH167-20180309,CD4,CD4_C06-CXCR5,CRC.P0309_C000379:1,NoClonal
P0309,TTC22-20180309,CD8,CD8_C06-CD160,CRC.P0309_C000380:1,NoClonal
P0309,TTH57-20180309,CD4,CD4_C04-TCF7,CRC.P0309_C000381:1,NoClonal
P0309,PTH85-20180309,CD4,CD4_C01-CCR7,CRC.P0309_C000382:1,NoClonal
P0309,TP738-20180309,CD4,CD4_C05-CXCR6,CRC.P0309_C000383:1,NoClonal
P0309,TTC106-20180309,CD8,CD8_C04-GZMK,CRC.P0309_C000384:1,NoClonal
P0309,TTC117-20180309,CD8,CD8_C05-CD6,CRC.P0309_C000385:1,NoClonal
P0309,TP749-20180309,DN,NA,CRC.P0309_C000386:1,NoClonal
P0309,TTH141-20180309,DN,NA,CRC.P0309_C000387:1,NoClonal
P0309,TP770-20180309,CD4,CD4_C04-TCF7,CRC.P0309_C000388:1,NoClonal
P0309,PP717-20180309,CD4,CD4_C10-FOXP3,CRC.P0309_C000389:1,NoClonal
P0309,PTR18-20180309,CD4,CD4_C10-FOXP3,CRC.P0309_C000390:1,NoClonal
P0309,PTH65-20180309,other,NA,CRC.P0309_C000391:1,NoClonal
P0309,TTR39-20180309,CD4,CD4_C12-CTLA4,CRC.P0309_C000393:1,NoClonal
P0309,PTR25-20180309,CD4,CD4_C10-FOXP3,CRC.P0309_C000394:1,NoClonal
P0309,TTH76-20180309,CD4,CD4_C05-CXCR6,CRC.P0309_C000395:1,NoClonal
P0309,TTR32-20180309,DN,NA,CRC.P0309_C000396:1,NoClonal
P0309,TTC79-20180309,CD8,CD8_C05-CD6,CRC.P0309_C000397:1,NoClonal
P0309,PP724-20180309,CD4,CD4_C01-CCR7,CRC.P0309_C000398:1,NoClonal
P0309,TTH47-20180309,CD4,CD4_C10-FOXP3,CRC.P0309_C000399:1,NoClonal
P0309,PTR2-20180309,DN,NA,CRC.P0309_C000400:1,NoClonal
P0309,TTH108-20180309,DN,NA,CRC.P0309_C000402:1,NoClonal
P0309,PTC74-20180309,CD8,CD8_C02-GPR183,CRC.P0309_C000403:1,NoClonal
P0309,TTC99-20180309,CD8,CD8_C05-CD6,CRC.P0309_C000404:1,NoClonal
P0309,PP765-20180309,CD4,CD4_C01-CCR7,CRC.P0309_C000405:1,NoClonal
P0309,TTH27-20180309,CD4,CD4_C05-CXCR6,CRC.P0309_C000406:1,NoClonal
P0309,TTC3-20180309,CD8,CD8_C06-CD160,CRC.P0309_C000407:1,NoClonal
P0309,PTR82-20180309,CD4,CD4_C10-FOXP3,CRC.P0309_C000409:1,NoClonal
P0309,TTC101-20180309,CD8,CD8_C05-CD6,CRC.P0309_C000410:1,NoClonal
P0309,PTH82-20180309,DN,NA,CRC.P0309_C000411:1,NoClonal
P0309,TTC33-20180309,CD8,CD8_C05-CD6,CRC.P0309_C000412:1,NoClonal
P0309,TTH12-20180309,DN,NA,CRC.P0309_C000413:1,NoClonal
P0309,PTH87-20180309,CD4,CD4_C02-ANXA1,CRC.P0309_C000414:1,NoClonal
P0309,TP771-20180309,CD4,CD4_C08-IL23R,CRC.P0309_C000415:1,NoClonal
P0309,TTR20-20180309,CD4,CD4_C12-CTLA4,CRC.P0309_C000416:1,NoClonal
P0309,PTC76-20180309,CD8,CD8_C01-LEF1,CRC.P0309_C000417:1,NoClonal
P0309,PTH8-20180309,DN,NA,CRC.P0309_C000418:1,NoClonal
P0309,TTC20-20180309,CD8,CD8_C04-GZMK,CRC.P0309_C000419:1,NoClonal
P0309,PP722-20180309,CD4,CD4_C01-CCR7,CRC.P0309_C000420:1,NoClonal
P0309,TTH54-20180309,CD4,CD4_C05-CXCR6,CRC.P0309_C000421:1,NoClonal
P0309,PP719-20180309,CD4,CD4_C02-ANXA1,CRC.P0309_C000422:1,NoClonal
P0309,TP714-20180309,CD4,CD4_C12-CTLA4,CRC.P0309_C000423:1,NoClonal
P0309,TTC152-20180309,CD8,CD8_C05-CD6,CRC.P0309_C000424:1,NoClonal
P0309,TTH42-20180309,CD4,CD4_C06-CXCR5,CRC.P0309_C000425:1,NoClonal
P0309,PTC38-20180309,CD8,CD8_C01-LEF1,CRC.P0309_C000426:1,NoClonal
P0309,PTH80-20180309,DN,NA,CRC.P0309_C000427:1,NoClonal
P0309,TTC57-20180309,CD8,CD8_C05-CD6,CRC.P0309_C000430:1,NoClonal
P0309,TTH28-20180309,CD4,CD4_C05-CXCR6,CRC.P0309_C000431:1,NoClonal
P0309,PTR64-20180309,CD4,CD4_C02-ANXA1,CRC.P0309_C000432:1,NoClonal
P0309,TTH9-20180309,DN,NA,CRC.P0309_C000433:1,NoClonal
P0309,PTR31-20180309,CD4,CD4_C10-FOXP3,CRC.P0309_C000434:1,NoClonal
P0309,TTH127-20180309,CD4,CD4_C04-TCF7,CRC.P0309_C000435:1,NoClonal
P0309,TTC150-20180309,other,NA,CRC.P0309_C000436:1,NoClonal
P0309,TTH85-20180309,DN,NA,CRC.P0309_C000437:1,NoClonal
P0309,PTH57-20180309,CD4,CD4_C01-CCR7,CRC.P0309_C000438:1,NoClonal
P0309,PTR92-20180309,CD4,CD4_C01-CCR7,CRC.P0309_C000439:1,NoClonal
P0309,TTH35-20180309,CD4,CD4_C04-TCF7,CRC.P0309_C000440:1,NoClonal
P0309,PTR52-20180309,CD4,CD4_C02-ANXA1,CRC.P0309_C000441:1,NoClonal
P0309,PTC87-20180309,CD8,CD8_C03-CX3CR1,CRC.P0309_C000442:1,NoClonal
P0309,TP72-20180309,DN,NA,CRC.P0309_C000443:1,NoClonal
P0309,TP783-20180309,CD4,CD4_C12-CTLA4,CRC.P0309_C000444:1,NoClonal
P0309,PTC3-20180309,CD8,CD8_C02-GPR183,CRC.P0309_C000445:1,NoClonal
P0309,PTR1-20180309,CD4,CD4_C10-FOXP3,CRC.P0309_C000446:1,NoClonal
P0309,PTC4-20180309,CD8,CD8_C03-CX3CR1,CRC.P0309_C000447:1,NoClonal
P0309,PTC90-20180309,CD8,CD8_C01-LEF1,CRC.P0309_C000448:1,NoClonal
P0309,TTC25-20180309,other,NA,CRC.P0309_C000449:1,NoClonal
P0309,TTC64-20180309,CD8,CD8_C06-CD160,CRC.P0309_C000450:1,NoClonal
P0309,PTR53-20180309,CD4,CD4_C10-FOXP3,CRC.P0309_C000451:1,NoClonal
P0309,PTH22-20180309,CD4,CD4_C01-CCR7,CRC.P0309_C000452:1,NoClonal
P0309,PTR29-20180309,DN,NA,CRC.P0309_C000453:1,NoClonal
P0309,PP729-20180309,DN,NA,CRC.P0309_C000454:1,NoClonal
P0309,TTC47-20180309,other,NA,CRC.P0309_C000455:1,NoClonal
P0309,TP786-20180309,DN,NA,CRC.P0309_C000456:1,NoClonal
P0309,PTH23-20180309,CD4,CD4_C03-GNLY,CRC.P0309_C000457:1,NoClonal
P0309,PTC21-20180309,CD8,CD8_C03-CX3CR1,CRC.P0309_C000458:1,NoClonal
P0309,TTH177-20180309,DN,NA,CRC.P0309_C000459:1,NoClonal
P0309,TP726-20180309,DN,NA,CRC.P0309_C000460:1,NoClonal
P0309,PTH76-20180309,DN,NA,CRC.P0309_C000461:1,NoClonal
P0309,PTH91-20180309,CD4,CD4_C01-CCR7,CRC.P0309_C000463:1,NoClonal
P0309,TTH21-20180309,DN,NA,CRC.P0309_C000464:1,NoClonal
P0309,TTC72-20180309,CD8,CD8_C04-GZMK,CRC.P0309_C000465:1,NoClonal
P0309,TTH91-20180309,CD4,CD4_C04-TCF7,CRC.P0309_C000466:1,NoClonal
P0309,TTH123-20180309,DN,NA,CRC.P0309_C000467:1,NoClonal
P0309,PTH41-20180309,CD4,CD4_C01-CCR7,CRC.P0309_C000468:1,NoClonal
P0309,TTH46-20180309,CD4,CD4_C06-CXCR5,CRC.P0309_C000469:1,NoClonal
P0309,TTR11-20180309,CD4,CD4_C12-CTLA4,CRC.P0309_C000470:1,NoClonal
P0309,PTH75-20180309,CD4,CD4_C01-CCR7,CRC.P0309_C000471:1,NoClonal
P0309,PTR68-20180309,CD4,CD4_C10-FOXP3,CRC.P0309_C000472:1,NoClonal
P0309,PTR28-20180309,DN,NA,CRC.P0309_C000473:1,NoClonal
P0309,TTH154-20180309,DN,NA,CRC.P0309_C000474:1,NoClonal
P0309,TTC84-20180309,CD8,CD8_C05-CD6,CRC.P0309_C000475:1,NoClonal
P0309,PTR55-20180309,CD4,CD4_C10-FOXP3,CRC.P0309_C000476:1,NoClonal
P0309,TP792-20180309,CD4,CD4_C12-CTLA4,CRC.P0309_C000477:1,NoClonal
P0309,PP782-20180309,other,NA,CRC.P0309_C000478:1,NoClonal
P0309,TTH38-20180309,other,NA,CRC.P0309_C000480:1,NoClonal
P0309,PTH68-20180309,DN,NA,CRC.P0309_C000481:1,NoClonal
P0309,PTC6-20180309,CD8,CD8_C01-LEF1,CRC.P0309_C000482:1,NoClonal
P0309,TTR78-20180309,CD4,CD4_C12-CTLA4,CRC.P0309_C000483:1,NoClonal
P0309,TTC105-20180309,CD8,CD8_C04-GZMK,CRC.P0309_C000485:1,NoClonal
P0309,TTH150-20180309,DN,NA,CRC.P0309_C000486:1,NoClonal
P0309,TTH82-20180309,CD4,CD4_C04-TCF7,CRC.P0309_C000487:1,NoClonal
P0309,TP788-20180309,other,NA,CRC.P0309_C000488:1,NoClonal
P0309,PTH24-20180309,CD4,CD4_C01-CCR7,CRC.P0309_C000489:1,NoClonal
P0309,TTH72-20180309,CD4,CD4_C08-IL23R,CRC.P0309_C000490:1,NoClonal
P0309,TP775-20180309,DN,NA,CRC.P0309_C000491:1,NoClonal
P0309,PTR71-20180309,CD4,CD4_C10-FOXP3,CRC.P0309_C000492:1,NoClonal
P0309,TP723-20180309,CD4,CD4_C04-TCF7,CRC.P0309_C000493:1,NoClonal
P0309,PTR75-20180309,other,NA,CRC.P0309_C000494:1,NoClonal
P0309,TTR6-20180309,CD4,CD4_C12-CTLA4,CRC.P0309_C000495:1,NoClonal
P0309,TTR3-20180309,other,NA,CRC.P0309_C000496:1,NoClonal
P0309,TP740-20180309,DN,NA,CRC.P0309_C000497:1,NoClonal
P0309,TTC112-20180309,CD8,CD8_C03-CX3CR1,CRC.P0309_C000498:1,NoClonal
P0309,TTH118-20180309,DN,NA,CRC.P0309_C000499:1,NoClonal
P0309,TTR21-20180309,CD4,CD4_C12-CTLA4,CRC.P0309_C000500:1,NoClonal
P0309,TTR52-20180309,CD4,CD4_C12-CTLA4,CRC.P0309_C000501:1,NoClonal
P0309,PTR22-20180309,CD4,CD4_C02-ANXA1,CRC.P0309_C000502:1,NoClonal
P0309,TTH125-20180309,other,NA,CRC.P0309_C000505:1,NoClonal
P0309,TTH66-20180309,CD4,CD4_C07-GZMK,CRC.P0309_C000506:1,NoClonal
P0309,PTH25-20180309,CD4,CD4_C01-CCR7,CRC.P0309_C000507:1,NoClonal
P0309,PTH74-20180309,DN,NA,CRC.P0309_C000508:1,NoClonal
P0309,TTH116-20180309,DN,NA,CRC.P0309_C000509:1,NoClonal
P0309,TTR89-20180309,CD4,CD4_C12-CTLA4,CRC.P0309_C000510:1,NoClonal
P0309,TTH149-20180309,CD4,CD4_C05-CXCR6,CRC.P0309_C000511:1,NoClonal
P0309,TTC97-20180309,CD8,CD8_C04-GZMK,CRC.P0309_C000512:1,NoClonal
P0309,PTH69-20180309,CD4,CD4_C01-CCR7,CRC.P0309_C000513:1,NoClonal
P0309,PTR93-20180309,CD4,CD4_C10-FOXP3,CRC.P0309_C000515:1,NoClonal
P0309,TTH128-20180309,CD4,CD4_C08-IL23R,CRC.P0309_C000516:1,NoClonal
P0309,TTH40-20180309,other,NA,CRC.P0309_C000518:1,NoClonal
P0309,TTH100-20180309,CD4,CD4_C04-TCF7,CRC.P0309_C000520:1,NoClonal
P0309,TTH33-20180309,CD4,CD4_C05-CXCR6,CRC.P0309_C000521:1,NoClonal
P0309,PTH67-20180309,CD4,CD4_C02-ANXA1,CRC.P0309_C000523:1,NoClonal
P0309,PTR85-20180309,CD4,CD4_C10-FOXP3,CRC.P0309_C000524:1,NoClonal
P0309,TP776-20180309,CD4,CD4_C12-CTLA4,CRC.P0309_C000525:1,NoClonal
P0309,PTR56-20180309,DN,NA,CRC.P0309_C000526:1,NoClonal
P0309,TTH16-20180309,CD4,CD4_C08-IL23R,CRC.P0309_C000527:1,NoClonal
P0309,PTR21-20180309,DN,NA,CRC.P0309_C000528:1,NoClonal
P0411,PTH147-20170411,CD4,CD4_C03-GNLY,CRC.P0411_C000052:25,Clonal
P0411,PTH62-20170411,CD4,CD4_C03-GNLY,CRC.P0411_C000052:25,Clonal
P0411,PTH114-20170411,CD4,CD4_C03-GNLY,CRC.P0411_C000052:25,Clonal
P0411,PTH88-20170411,CD4,CD4_C03-GNLY,CRC.P0411_C000052:25,Clonal
P0411,PTH85-20170411,CD4,CD4_C03-GNLY,CRC.P0411_C000052:25,Clonal
P0411,PTH129-20170411,CD4,CD4_C03-GNLY,CRC.P0411_C000052:25,Clonal
P0411,PTH104-20170411,CD4,CD4_C03-GNLY,CRC.P0411_C000052:25,Clonal
P0411,PTH166-20170411,CD4,CD4_C03-GNLY,CRC.P0411_C000052:25,Clonal
P0411,PTH42-20170411,CD4,CD4_C03-GNLY,CRC.P0411_C000052:25,Clonal
P0411,PTH113-20170411,CD4,CD4_C03-GNLY,CRC.P0411_C000052:25,Clonal
P0411,PTH37-20170411,CD4,CD4_C03-GNLY,CRC.P0411_C000052:25,Clonal
P0411,PTH21-20170411,CD4,CD4_C03-GNLY,CRC.P0411_C000052:25,Clonal
P0411,PTH49-20170411,CD4,CD4_C03-GNLY,CRC.P0411_C000052:25,Clonal
P0411,PTH23-20170411,CD4,CD4_C03-GNLY,CRC.P0411_C000052:25,Clonal
P0411,PTH157-20170411,CD4,CD4_C03-GNLY,CRC.P0411_C000052:25,Clonal
P0411,PTH108-20170411,CD4,CD4_C03-GNLY,CRC.P0411_C000052:25,Clonal
P0411,PTH132-20170411,CD4,CD4_C03-GNLY,CRC.P0411_C000052:25,Clonal
P0411,TTH39-20170411,CD4,CD4_C05-CXCR6,CRC.P0411_C000052:25,Clonal
P0411,PTH139-20170411,DN,NA,CRC.P0411_C000052:25,Clonal
P0411,PTH186-20170411,other,NA,CRC.P0411_C000052:25,Clonal
P0411,PTH22-20170411,other,NA,CRC.P0411_C000052:25,Clonal
P0411,PTH124-20170411,other,NA,CRC.P0411_C000052:25,Clonal
P0411,PTH185-20170411,other,NA,CRC.P0411_C000052:25,Clonal
P0411,PTH155-20170411,DN,NA,CRC.P0411_C000052:25,Clonal
P0411,PTH48-20170411,other,NA,CRC.P0411_C000052:25,Clonal
P0411,PTC88-20170411,CD8,CD8_C03-CX3CR1,CRC.P0411_C000022:13,Clonal
P0411,PTC37-20170411,CD8,CD8_C03-CX3CR1,CRC.P0411_C000022:13,Clonal
P0411,PTC80-20170411,CD8,CD8_C03-CX3CR1,CRC.P0411_C000022:13,Clonal
P0411,PTC87-20170411,CD8,CD8_C03-CX3CR1,CRC.P0411_C000022:13,Clonal
P0411,PTC25-20170411,CD8,CD8_C03-CX3CR1,CRC.P0411_C000022:13,Clonal
P0411,PTC81-20170411,CD8,CD8_C03-CX3CR1,CRC.P0411_C000022:13,Clonal
P0411,PTC28-20170411,CD8,CD8_C03-CX3CR1,CRC.P0411_C000022:13,Clonal
P0411,PTC78-20170411,CD8,CD8_C03-CX3CR1,CRC.P0411_C000022:13,Clonal
P0411,PTC47-20170411,CD8,CD8_C03-CX3CR1,CRC.P0411_C000022:13,Clonal
P0411,PTC96-20170411,CD8,CD8_C03-CX3CR1,CRC.P0411_C000022:13,Clonal
P0411,TTC78-20170411,CD8,CD8_C04-GZMK,CRC.P0411_C000022:13,Clonal
P0411,TTC64-20170411,CD8,CD8_C04-GZMK,CRC.P0411_C000022:13,Clonal
P0411,PTC66-20170411,DP,NA,CRC.P0411_C000022:13,Clonal
P0411,PTC68-20170411,CD8,CD8_C03-CX3CR1,CRC.P0411_C000008:12,Clonal
P0411,PTC62-20170411,CD8,CD8_C03-CX3CR1,CRC.P0411_C000008:12,Clonal
P0411,PTC3-20170411,CD8,CD8_C03-CX3CR1,CRC.P0411_C000008:12,Clonal
P0411,PTC48-20170411,CD8,CD8_C03-CX3CR1,CRC.P0411_C000008:12,Clonal
P0411,PTC61-20170411,CD8,CD8_C03-CX3CR1,CRC.P0411_C000008:12,Clonal
P0411,PTC44-20170411,CD8,CD8_C03-CX3CR1,CRC.P0411_C000008:12,Clonal
P0411,PTC30-20170411,CD8,CD8_C03-CX3CR1,CRC.P0411_C000008:12,Clonal
P0411,PTC59-20170411,CD8,CD8_C03-CX3CR1,CRC.P0411_C000008:12,Clonal
P0411,PTC43-20170411,CD8,CD8_C03-CX3CR1,CRC.P0411_C000008:12,Clonal
P0411,PTC50-20170411,CD8,CD8_C03-CX3CR1,CRC.P0411_C000008:12,Clonal
P0411,PTC63-20170411,CD8,CD8_C03-CX3CR1,CRC.P0411_C000008:12,Clonal
P0411,PTC74-20170411,CD8,CD8_C03-CX3CR1,CRC.P0411_C000008:12,Clonal
P0411,TTH44-20170411,CD4,CD4_C03-GNLY,CRC.P0411_C000104:12,Clonal
P0411,PTH27-20170411,CD4,CD4_C03-GNLY,CRC.P0411_C000104:12,Clonal
P0411,PTH30-20170411,CD4,CD4_C03-GNLY,CRC.P0411_C000104:12,Clonal
P0411,PTH5-20170411,CD4,CD4_C03-GNLY,CRC.P0411_C000104:12,Clonal
P0411,PTH146-20170411,CD4,CD4_C03-GNLY,CRC.P0411_C000104:12,Clonal
P0411,PTH120-20170411,CD4,CD4_C03-GNLY,CRC.P0411_C000104:12,Clonal
P0411,PTH39-20170411,CD4,CD4_C03-GNLY,CRC.P0411_C000104:12,Clonal
P0411,PTH162-20170411,CD4,CD4_C03-GNLY,CRC.P0411_C000104:12,Clonal
P0411,PTH176-20170411,other,NA,CRC.P0411_C000104:12,Clonal
P0411,PTH110-20170411,other,NA,CRC.P0411_C000104:12,Clonal
P0411,PTH2-20170411,other,NA,CRC.P0411_C000104:12,Clonal
P0411,PTH149-20170411,DN,NA,CRC.P0411_C000104:12,Clonal
P0411,NTC109-20170411,CD8,CD8_C06-CD160,CRC.P0411_C000086:11,Clonal
P0411,NTC29-20170411,CD8,CD8_C06-CD160,CRC.P0411_C000086:11,Clonal
P0411,NTC137-20170411,CD8,CD8_C06-CD160,CRC.P0411_C000086:11,Clonal
P0411,NTC98-20170411,CD8,CD8_C06-CD160,CRC.P0411_C000086:11,Clonal
P0411,NTC66-20170411,CD8,CD8_C06-CD160,CRC.P0411_C000086:11,Clonal
P0411,NTC53-20170411,CD8,CD8_C06-CD160,CRC.P0411_C000086:11,Clonal
P0411,NTC24-20170411,CD8,CD8_C06-CD160,CRC.P0411_C000086:11,Clonal
P0411,NTC11-20170411,CD8,CD8_C06-CD160,CRC.P0411_C000086:11,Clonal
P0411,NTC14-20170411,CD8,CD8_C06-CD160,CRC.P0411_C000086:11,Clonal
P0411,NTC102-20170411,CD8,CD8_C06-CD160,CRC.P0411_C000086:11,Clonal
P0411,NTC110-20170411,CD8,CD8_C06-CD160,CRC.P0411_C000086:11,Clonal
P0411,PTH90-20170411,CD4,CD4_C03-GNLY,CRC.P0411_C000031:9,Clonal
P0411,PTH87-20170411,CD4,CD4_C03-GNLY,CRC.P0411_C000031:9,Clonal
P0411,PTH128-20170411,CD4,CD4_C03-GNLY,CRC.P0411_C000031:9,Clonal
P0411,PTH24-20170411,CD4,CD4_C03-GNLY,CRC.P0411_C000031:9,Clonal
P0411,PTH50-20170411,CD4,CD4_C03-GNLY,CRC.P0411_C000031:9,Clonal
P0411,PTH99-20170411,CD4,CD4_C03-GNLY,CRC.P0411_C000031:9,Clonal
P0411,PTH135-20170411,DN,NA,CRC.P0411_C000031:9,Clonal
P0411,PTH25-20170411,DN,NA,CRC.P0411_C000031:9,Clonal
P0411,PTH133-20170411,other,NA,CRC.P0411_C000031:9,Clonal
P0411,PTH109-20170411,CD4,CD4_C03-GNLY,CRC.P0411_C000226:8,Clonal
P0411,TTH78-20170411,CD4,CD4_C05-CXCR6,CRC.P0411_C000226:8,Clonal
P0411,TTH24-20170411,CD4,CD4_C07-GZMK,CRC.P0411_C000226:8,Clonal
P0411,NTH67-20170411,CD4,CD4_C07-GZMK,CRC.P0411_C000226:8,Clonal
P0411,TTH63-20170411,CD4,CD4_C09-CXCL13,CRC.P0411_C000226:8,Clonal
P0411,TTH10-20170411,other,NA,CRC.P0411_C000226:8,Clonal
P0411,TTH86-20170411,other,NA,CRC.P0411_C000226:8,Clonal
P0411,TTH92-20170411,other,NA,CRC.P0411_C000226:8,Clonal
P0411,PTC93-20170411,CD8,CD8_C03-CX3CR1,CRC.P0411_C000002:7,Clonal
P0411,PTC77-20170411,CD8,CD8_C03-CX3CR1,CRC.P0411_C000002:7,Clonal
P0411,PTC16-20170411,CD8,CD8_C03-CX3CR1,CRC.P0411_C000002:7,Clonal
P0411,PTC71-20170411,CD8,CD8_C03-CX3CR1,CRC.P0411_C000002:7,Clonal
P0411,TTC96-20170411,CD8,CD8_C04-GZMK,CRC.P0411_C000002:7,Clonal
P0411,NTC61-20170411,CD8,CD8_C04-GZMK,CRC.P0411_C000002:7,Clonal
P0411,PTC45-20170411,other,NA,CRC.P0411_C000002:7,Clonal
P0411,TTC77-20170411,CD8,CD8_C04-GZMK,CRC.P0411_C000012:7,Clonal
P0411,NTC63-20170411,CD8,CD8_C04-GZMK,CRC.P0411_C000012:7,Clonal
P0411,NTC96-20170411,CD8,CD8_C04-GZMK,CRC.P0411_C000012:7,Clonal
P0411,NTC130-20170411,CD8,CD8_C04-GZMK,CRC.P0411_C000012:7,Clonal
P0411,TTC70-20170411,CD8,CD8_C04-GZMK,CRC.P0411_C000012:7,Clonal
P0411,TTC5-20170411,CD8,CD8_C04-GZMK,CRC.P0411_C000012:7,Clonal
P0411,TTC54-20170411,CD8,CD8_C04-GZMK,CRC.P0411_C000012:7,Clonal
P0411,NTC101-20170411,CD8,CD8_C06-CD160,CRC.P0411_C000066:7,Clonal
P0411,NTC105-20170411,CD8,CD8_C06-CD160,CRC.P0411_C000066:7,Clonal
P0411,NTC50-20170411,CD8,CD8_C06-CD160,CRC.P0411_C000066:7,Clonal
P0411,NTC44-20170411,CD8,CD8_C06-CD160,CRC.P0411_C000066:7,Clonal
P0411,NTC2-20170411,CD8,CD8_C06-CD160,CRC.P0411_C000066:7,Clonal
P0411,NTC140-20170411,CD8,CD8_C06-CD160,CRC.P0411_C000066:7,Clonal
P0411,NTC9-20170411,other,NA,CRC.P0411_C000066:7,Clonal
P0411,TTC16-20170411,CD8,CD8_C04-GZMK,CRC.P0411_C000060:6,Clonal
P0411,TTC56-20170411,CD8,CD8_C04-GZMK,CRC.P0411_C000060:6,Clonal
P0411,TTC49-20170411,CD8,CD8_C04-GZMK,CRC.P0411_C000060:6,Clonal
P0411,TTC29-20170411,CD8,CD8_C07-LAYN,CRC.P0411_C000060:6,Clonal
P0411,TTC81-20170411,CD8,CD8_C07-LAYN,CRC.P0411_C000060:6,Clonal
P0411,TTC23-20170411,CD8,CD8_C07-LAYN,CRC.P0411_C000060:6,Clonal
P0411,PTC20-20170411,CD8,CD8_C03-CX3CR1,CRC.P0411_C000091:6,Clonal
P0411,PTC7-20170411,CD8,CD8_C03-CX3CR1,CRC.P0411_C000091:6,Clonal
P0411,TTC6-20170411,CD8,CD8_C04-GZMK,CRC.P0411_C000091:6,Clonal
P0411,TTC26-20170411,CD8,CD8_C04-GZMK,CRC.P0411_C000091:6,Clonal
P0411,NTC36-20170411,CD8,CD8_C04-GZMK,CRC.P0411_C000091:6,Clonal
P0411,TTC34-20170411,CD8,CD8_C04-GZMK,CRC.P0411_C000091:6,Clonal
P0411,TTC20-20170411,CD8,CD8_C06-CD160,CRC.P0411_C000173:6,Clonal
P0411,TTC62-20170411,CD8,CD8_C06-CD160,CRC.P0411_C000173:6,Clonal
P0411,TTC1-20170411,CD8,CD8_C06-CD160,CRC.P0411_C000173:6,Clonal
P0411,NTC49-20170411,CD8,CD8_C06-CD160,CRC.P0411_C000173:6,Clonal
P0411,TTC66-20170411,other,NA,CRC.P0411_C000173:6,Clonal
P0411,TTC84-20170411,other,NA,CRC.P0411_C000173:6,Clonal
P0411,NTC90-20170411,CD8,CD8_C06-CD160,CRC.P0411_C000237:6,Clonal
P0411,NTC125-20170411,CD8,CD8_C06-CD160,CRC.P0411_C000237:6,Clonal
P0411,NTC37-20170411,CD8,CD8_C06-CD160,CRC.P0411_C000237:6,Clonal
P0411,NTC73-20170411,CD8,CD8_C06-CD160,CRC.P0411_C000237:6,Clonal
P0411,NTC144-20170411,CD8,CD8_C06-CD160,CRC.P0411_C000237:6,Clonal
P0411,NTC121-20170411,CD8,CD8_C06-CD160,CRC.P0411_C000237:6,Clonal
P0411,NTC100-20170411,CD8,CD8_C05-CD6,CRC.P0411_C000249:6,Clonal
P0411,NTC28-20170411,CD8,CD8_C05-CD6,CRC.P0411_C000249:6,Clonal
P0411,NTC42-20170411,CD8,CD8_C05-CD6,CRC.P0411_C000249:6,Clonal
P0411,NTC89-20170411,CD8,CD8_C05-CD6,CRC.P0411_C000249:6,Clonal
P0411,NTC27-20170411,CD8,CD8_C06-CD160,CRC.P0411_C000249:6,Clonal
P0411,NTC86-20170411,CD8,CD8_C06-CD160,CRC.P0411_C000249:6,Clonal
P0411,TTC87-20170411,CD8,CD8_C07-LAYN,CRC.P0411_C000198:5,Clonal
P0411,TTC63-20170411,CD8,CD8_C07-LAYN,CRC.P0411_C000198:5,Clonal
P0411,TTC79-20170411,CD8,CD8_C07-LAYN,CRC.P0411_C000198:5,Clonal
P0411,TTC69-20170411,CD8,CD8_C07-LAYN,CRC.P0411_C000198:5,Clonal
P0411,TTC39-20170411,CD8,CD8_C07-LAYN,CRC.P0411_C000198:5,Clonal
P0411,NTC122-20170411,CD8,CD8_C05-CD6,CRC.P0411_C000034:4,Clonal
P0411,NTC51-20170411,CD8,CD8_C05-CD6,CRC.P0411_C000034:4,Clonal
P0411,NTC1-20170411,CD8,CD8_C06-CD160,CRC.P0411_C000034:4,Clonal
P0411,NTC23-20170411,CD8,CD8_C06-CD160,CRC.P0411_C000034:4,Clonal
P0411,PTC85-20170411,CD8,CD8_C03-CX3CR1,CRC.P0411_C000079:4,Clonal
P0411,PTC24-20170411,CD8,CD8_C03-CX3CR1,CRC.P0411_C000079:4,Clonal
P0411,PTC49-20170411,CD8,CD8_C03-CX3CR1,CRC.P0411_C000079:4,Clonal
P0411,TTC88-20170411,other,NA,CRC.P0411_C000079:4,Clonal
P0411,NTC31-20170411,CD8,CD8_C06-CD160,CRC.P0411_C000107:4,Clonal
P0411,NTC142-20170411,CD8,CD8_C06-CD160,CRC.P0411_C000107:4,Clonal
P0411,NTC123-20170411,CD8,CD8_C06-CD160,CRC.P0411_C000107:4,Clonal
P0411,NTC48-20170411,CD8,CD8_C06-CD160,CRC.P0411_C000107:4,Clonal
P0411,NTC59-20170411,CD8,CD8_C05-CD6,CRC.P0411_C000253:4,Clonal
P0411,NTC78-20170411,CD8,CD8_C05-CD6,CRC.P0411_C000253:4,Clonal
P0411,NTC92-20170411,CD8,CD8_C05-CD6,CRC.P0411_C000253:4,Clonal
P0411,NTC129-20170411,CD8,CD8_C05-CD6,CRC.P0411_C000253:4,Clonal
P0411,TTC4-20170411,CD8,CD8_C04-GZMK,CRC.P0411_C000016:3,Clonal
P0411,TTC38-20170411,CD8,CD8_C04-GZMK,CRC.P0411_C000016:3,Clonal
P0411,TTC83-20170411,other,NA,CRC.P0411_C000016:3,Clonal
P0411,PTC86-20170411,CD8,CD8_C03-CX3CR1,CRC.P0411_C000028:3,Clonal
P0411,NTC91-20170411,CD8,CD8_C04-GZMK,CRC.P0411_C000028:3,Clonal
P0411,PTC13-20170411,other,NA,CRC.P0411_C000028:3,Clonal
P0411,NTC17-20170411,CD8,CD8_C05-CD6,CRC.P0411_C000033:3,Clonal
P0411,NTC43-20170411,CD8,CD8_C05-CD6,CRC.P0411_C000033:3,Clonal
P0411,NTC116-20170411,CD8,CD8_C05-CD6,CRC.P0411_C000033:3,Clonal
P0411,NTC94-20170411,CD8,CD8_C06-CD160,CRC.P0411_C000064:3,Clonal
P0411,NTC4-20170411,CD8,CD8_C06-CD160,CRC.P0411_C000064:3,Clonal
P0411,NTC19-20170411,CD8,CD8_C06-CD160,CRC.P0411_C000064:3,Clonal
P0411,NTC104-20170411,CD8,CD8_C04-GZMK,CRC.P0411_C000067:3,Clonal
P0411,NTC117-20170411,CD8,CD8_C04-GZMK,CRC.P0411_C000067:3,Clonal
P0411,TTC45-20170411,CD8,CD8_C07-LAYN,CRC.P0411_C000067:3,Clonal
P0411,PTH45-20170411,CD4,CD4_C03-GNLY,CRC.P0411_C000074:3,Clonal
P0411,PTH156-20170411,CD4,CD4_C03-GNLY,CRC.P0411_C000074:3,Clonal
P0411,PTH93-20170411,DN,NA,CRC.P0411_C000074:3,Clonal
P0411,TTH30-20170411,CD4,CD4_C09-CXCL13,CRC.P0411_C000111:3,Clonal
P0411,TTH17-20170411,CD4,CD4_C09-CXCL13,CRC.P0411_C000111:3,Clonal
P0411,TTH35-20170411,DN,NA,CRC.P0411_C000111:3,Clonal
P0411,TTR91-20170411,CD4,CD4_C12-CTLA4,CRC.P0411_C000164:3,Clonal
P0411,TTR65-20170411,CD4,CD4_C12-CTLA4,CRC.P0411_C000164:3,Clonal
P0411,TTR6-20170411,CD4,CD4_C12-CTLA4,CRC.P0411_C000164:3,Clonal
P0411,TTC42-20170411,CD8,CD8_C03-CX3CR1,CRC.P0411_C000251:3,Clonal
P0411,PTC4-20170411,CD8,CD8_C03-CX3CR1,CRC.P0411_C000251:3,Clonal
P0411,PTC57-20170411,CD8,CD8_C03-CX3CR1,CRC.P0411_C000251:3,Clonal
P0411,TTC59-20170411,CD8,CD8_C04-GZMK,CRC.P0411_C000287:3,Clonal
P0411,TTC93-20170411,CD8,CD8_C04-GZMK,CRC.P0411_C000287:3,Clonal
P0411,TTC14-20170411,CD8,CD8_C07-LAYN,CRC.P0411_C000287:3,Clonal
P0411,TTH45-20170411,CD4,CD4_C08-IL23R,CRC.P0411_C000378:3,Clonal
P0411,TTH65-20170411,CD4,CD4_C08-IL23R,CRC.P0411_C000378:3,Clonal
P0411,TTH81-20170411,CD4,CD4_C08-IL23R,CRC.P0411_C000378:3,Clonal
P0411,TTH13-20170411,CD4,CD4_C08-IL23R,CRC.P0411_C000019:2,Clonal
P0411,TTH26-20170411,CD4,CD4_C08-IL23R,CRC.P0411_C000019:2,Clonal
P0411,PTR45-20170411,CD4,CD4_C10-FOXP3,CRC.P0411_C000041:2,Clonal
P0411,TTR22-20170411,CD4,CD4_C12-CTLA4,CRC.P0411_C000041:2,Clonal
P0411,NTC134-20170411,CD8,CD8_C06-CD160,CRC.P0411_C000063:2,Clonal
P0411,NTC40-20170411,CD8,CD8_C06-CD160,CRC.P0411_C000063:2,Clonal
P0411,TTR59-20170411,CD4,CD4_C12-CTLA4,CRC.P0411_C000077:2,Clonal
P0411,TTR118-20170411,CD4,CD4_C12-CTLA4,CRC.P0411_C000077:2,Clonal
P0411,PTC32-20170411,CD8,CD8_C03-CX3CR1,CRC.P0411_C000080:2,Clonal
P0411,TTC30-20170411,CD8,CD8_C03-CX3CR1,CRC.P0411_C000080:2,Clonal
P0411,TTR38-20170411,CD4,CD4_C12-CTLA4,CRC.P0411_C000081:2,Clonal
P0411,TTR42-20170411,CD4,CD4_C12-CTLA4,CRC.P0411_C000081:2,Clonal
P0411,NTC103-20170411,CD8,CD8_C05-CD6,CRC.P0411_C000085:2,Clonal
P0411,NTC67-20170411,CD8,CD8_C05-CD6,CRC.P0411_C000085:2,Clonal
P0411,TTR83-20170411,CD4,CD4_C12-CTLA4,CRC.P0411_C000108:2,Clonal
P0411,TTR99-20170411,CD4,CD4_C12-CTLA4,CRC.P0411_C000108:2,Clonal
P0411,NTC71-20170411,CD8,CD8_C05-CD6,CRC.P0411_C000112:2,Clonal
P0411,NTC138-20170411,CD8,CD8_C05-CD6,CRC.P0411_C000112:2,Clonal
P0411,NTC38-20170411,CD8,CD8_C06-CD160,CRC.P0411_C000133:2,Clonal
P0411,NTC12-20170411,CD8,CD8_C06-CD160,CRC.P0411_C000133:2,Clonal
P0411,NTC16-20170411,CD8,CD8_C05-CD6,CRC.P0411_C000146:2,Clonal
P0411,NTC77-20170411,CD8,CD8_C05-CD6,CRC.P0411_C000146:2,Clonal
P0411,PTR85-20170411,DN,NA,CRC.P0411_C000178:2,Clonal
P0411,PTR52-20170411,other,NA,CRC.P0411_C000178:2,Clonal
P0411,NTC3-20170411,CD8,CD8_C06-CD160,CRC.P0411_C000181:2,Clonal
P0411,NTC70-20170411,CD8,CD8_C06-CD160,CRC.P0411_C000181:2,Clonal
P0411,PTC76-20170411,CD8,CD8_C03-CX3CR1,CRC.P0411_C000193:2,Clonal
P0411,PTC14-20170411,CD8,CD8_C03-CX3CR1,CRC.P0411_C000193:2,Clonal
P0411,TTR85-20170411,CD4,CD4_C12-CTLA4,CRC.P0411_C000202:2,Clonal
P0411,TTR106-20170411,CD4,CD4_C12-CTLA4,CRC.P0411_C000202:2,Clonal
P0411,TTH27-20170411,CD4,CD4_C09-CXCL13,CRC.P0411_C000221:2,Clonal
P0411,TTH61-20170411,DN,NA,CRC.P0411_C000221:2,Clonal
P0411,NTC75-20170411,CD8,CD8_C04-GZMK,CRC.P0411_C000223:2,Clonal
P0411,NTC82-20170411,CD8,CD8_C04-GZMK,CRC.P0411_C000223:2,Clonal
P0411,NTC127-20170411,CD8,CD8_C05-CD6,CRC.P0411_C000243:2,Clonal
P0411,NTC58-20170411,CD8,CD8_C05-CD6,CRC.P0411_C000243:2,Clonal
P0411,NTH7-20170411,CD4,CD4_C07-GZMK,CRC.P0411_C000261:2,Clonal
P0411,TTH19-20170411,CD4,CD4_C07-GZMK,CRC.P0411_C000261:2,Clonal
P0411,NTC65-20170411,CD8,CD8_C05-CD6,CRC.P0411_C000279:2,Clonal
P0411,NTC107-20170411,CD8,CD8_C05-CD6,CRC.P0411_C000279:2,Clonal
P0411,TTC32-20170411,CD8,CD8_C07-LAYN,CRC.P0411_C000281:2,Clonal
P0411,TTC28-20170411,CD8,CD8_C07-LAYN,CRC.P0411_C000281:2,Clonal
P0411,TTC46-20170411,CD8,CD8_C07-LAYN,CRC.P0411_C000313:2,Clonal
P0411,TTC37-20170411,CD8,CD8_C07-LAYN,CRC.P0411_C000313:2,Clonal
P0411,TTH20-20170411,CD4,CD4_C08-IL23R,CRC.P0411_C000318:2,Clonal
P0411,TTH14-20170411,CD4,CD4_C08-IL23R,CRC.P0411_C000318:2,Clonal
P0411,PTR20-20170411,CD4,CD4_C10-FOXP3,CRC.P0411_C000319:2,Clonal
P0411,PTR88-20170411,other,NA,CRC.P0411_C000319:2,Clonal
P0411,TTH7-20170411,CD4,CD4_C08-IL23R,CRC.P0411_C000346:2,Clonal
P0411,TTH67-20170411,CD4,CD4_C08-IL23R,CRC.P0411_C000346:2,Clonal
P0411,TTH74-20170411,CD4,CD4_C07-GZMK,CRC.P0411_C000367:2,Clonal
P0411,TTH73-20170411,CD4,CD4_C07-GZMK,CRC.P0411_C000367:2,Clonal
P0411,TTR44-20170411,CD4,CD4_C12-CTLA4,CRC.P0411_C000420:2,Clonal
P0411,TTR82-20170411,CD4,CD4_C12-CTLA4,CRC.P0411_C000420:2,Clonal
P0411,NTC56-20170411,CD8,CD8_C06-CD160,CRC.P0411_C000477:2,Clonal
P0411,NTC30-20170411,CD8,CD8_C06-CD160,CRC.P0411_C000477:2,Clonal
P0411,NTH11-20170411,CD4,CD4_C06-CXCR5,CRC.P0411_C000004:1,NoClonal
P0411,TTR32-20170411,CD4,CD4_C12-CTLA4,CRC.P0411_C000005:1,NoClonal
P0411,PTH60-20170411,DN,NA,CRC.P0411_C000006:1,NoClonal
P0411,TTR28-20170411,CD4,CD4_C12-CTLA4,CRC.P0411_C000007:1,NoClonal
P0411,TTR4-20170411,CD4,CD4_C08-IL23R,CRC.P0411_C000011:1,NoClonal
P0411,NTC88-20170411,CD8,CD8_C04-GZMK,CRC.P0411_C000015:1,NoClonal
P0411,TTH85-20170411,CD4,CD4_C12-CTLA4,CRC.P0411_C000017:1,NoClonal
P0411,TTR41-20170411,CD4,CD4_C08-IL23R,CRC.P0411_C000018:1,NoClonal
P0411,TTR15-20170411,CD4,CD4_C12-CTLA4,CRC.P0411_C000020:1,NoClonal
P0411,NTC79-20170411,CD8,CD8_C05-CD6,CRC.P0411_C000021:1,NoClonal
P0411,PTH167-20170411,DN,NA,CRC.P0411_C000023:1,NoClonal
P0411,TTH69-20170411,DN,NA,CRC.P0411_C000024:1,NoClonal
P0411,NTH27-20170411,other,NA,CRC.P0411_C000025:1,NoClonal
P0411,TTC94-20170411,CD8,CD8_C04-GZMK,CRC.P0411_C000026:1,NoClonal
P0411,TTC17-20170411,CD8,CD8_C04-GZMK,CRC.P0411_C000027:1,NoClonal
P0411,TTH37-20170411,other,NA,CRC.P0411_C000029:1,NoClonal
P0411,NTH36-20170411,CD4,CD4_C05-CXCR6,CRC.P0411_C000030:1,NoClonal
P0411,PTH119-20170411,CD4,CD4_C01-CCR7,CRC.P0411_C000036:1,NoClonal
P0411,NTH18-20170411,DN,NA,CRC.P0411_C000037:1,NoClonal
P0411,PTH148-20170411,DN,NA,CRC.P0411_C000038:1,NoClonal
P0411,PTR8-20170411,CD4,CD4_C10-FOXP3,CRC.P0411_C000039:1,NoClonal
P0411,NTH16-20170411,other,NA,CRC.P0411_C000040:1,NoClonal
P0411,PTR56-20170411,CD4,CD4_C10-FOXP3,CRC.P0411_C000042:1,NoClonal
P0411,NTH60-20170411,DN,NA,CRC.P0411_C000043:1,NoClonal
P0411,TTR63-20170411,CD4,CD4_C12-CTLA4,CRC.P0411_C000044:1,NoClonal
P0411,NTC45-20170411,CD8,CD8_C05-CD6,CRC.P0411_C000045:1,NoClonal
P0411,PTH117-20170411,DN,NA,CRC.P0411_C000047:1,NoClonal
P0411,PTH190-20170411,CD4,CD4_C02-ANXA1,CRC.P0411_C000048:1,NoClonal
P0411,TTR54-20170411,CD4,CD4_C12-CTLA4,CRC.P0411_C000049:1,NoClonal
P0411,NTC20-20170411,CD8,CD8_C05-CD6,CRC.P0411_C000050:1,NoClonal
P0411,PTR58-20170411,CD4,CD4_C01-CCR7,CRC.P0411_C000054:1,NoClonal
P0411,TTR29-20170411,other,NA,CRC.P0411_C000055:1,NoClonal
P0411,PTH130-20170411,CD4,CD4_C02-ANXA1,CRC.P0411_C000056:1,NoClonal
P0411,PTR34-20170411,CD4,CD4_C10-FOXP3,CRC.P0411_C000057:1,NoClonal
P0411,PTH163-20170411,CD4,CD4_C01-CCR7,CRC.P0411_C000058:1,NoClonal
P0411,NTC72-20170411,CD8,CD8_C05-CD6,CRC.P0411_C000059:1,NoClonal
P0411,PTR38-20170411,DN,NA,CRC.P0411_C000061:1,NoClonal
P0411,PTH103-20170411,DN,NA,CRC.P0411_C000062:1,NoClonal
P0411,PTH6-20170411,CD4,CD4_C02-ANXA1,CRC.P0411_C000065:1,NoClonal
P0411,PTR68-20170411,DN,NA,CRC.P0411_C000068:1,NoClonal
P0411,PTH91-20170411,CD4,CD4_C10-FOXP3,CRC.P0411_C000069:1,NoClonal
P0411,NTH34-20170411,CD4,CD4_C06-CXCR5,CRC.P0411_C000070:1,NoClonal
P0411,TTC18-20170411,CD8,CD8_C05-CD6,CRC.P0411_C000071:1,NoClonal
P0411,TTC65-20170411,CD8,CD8_C07-LAYN,CRC.P0411_C000072:1,NoClonal
P0411,NTC15-20170411,CD8,CD8_C05-CD6,CRC.P0411_C000073:1,NoClonal
P0411,NTH90-20170411,DN,NA,CRC.P0411_C000075:1,NoClonal
P0411,TTR62-20170411,DN,NA,CRC.P0411_C000076:1,NoClonal
P0411,PTH53-20170411,CD4,CD4_C01-CCR7,CRC.P0411_C000082:1,NoClonal
P0411,TTR43-20170411,CD4,CD4_C12-CTLA4,CRC.P0411_C000083:1,NoClonal
P0411,PTR57-20170411,CD4,CD4_C10-FOXP3,CRC.P0411_C000084:1,NoClonal
P0411,PTH150-20170411,CD4,CD4_C01-CCR7,CRC.P0411_C000089:1,NoClonal
P0411,PTH100-20170411,CD4,CD4_C01-CCR7,CRC.P0411_C000090:1,NoClonal
P0411,TTH60-20170411,CD4,CD4_C05-CXCR6,CRC.P0411_C000092:1,NoClonal
P0411,NTC39-20170411,CD8,CD8_C06-CD160,CRC.P0411_C000093:1,NoClonal
P0411,TTR46-20170411,CD4,CD4_C12-CTLA4,CRC.P0411_C000094:1,NoClonal
P0411,NTC99-20170411,CD8,CD8_C06-CD160,CRC.P0411_C000095:1,NoClonal
P0411,PTH77-20170411,CD4,CD4_C01-CCR7,CRC.P0411_C000096:1,NoClonal
P0411,PTC10-20170411,CD8,CD8_C02-GPR183,CRC.P0411_C000097:1,NoClonal
P0411,NTC133-20170411,CD8,CD8_C05-CD6,CRC.P0411_C000098:1,NoClonal
P0411,TTR2-20170411,CD4,CD4_C12-CTLA4,CRC.P0411_C000099:1,NoClonal
P0411,PTR92-20170411,other,NA,CRC.P0411_C000100:1,NoClonal
P0411,TTC82-20170411,CD8,CD8_C07-LAYN,CRC.P0411_C000101:1,NoClonal
P0411,NTH72-20170411,DN,NA,CRC.P0411_C000102:1,NoClonal
P0411,TTH40-20170411,CD4,CD4_C08-IL23R,CRC.P0411_C000103:1,NoClonal
P0411,TTR87-20170411,CD4,CD4_C12-CTLA4,CRC.P0411_C000105:1,NoClonal
P0411,PTR54-20170411,CD4,CD4_C02-ANXA1,CRC.P0411_C000106:1,NoClonal
P0411,TTR117-20170411,CD4,CD4_C12-CTLA4,CRC.P0411_C000113:1,NoClonal
P0411,NTH42-20170411,CD4,CD4_C04-TCF7,CRC.P0411_C000114:1,NoClonal
P0411,PTR64-20170411,CD4,CD4_C02-ANXA1,CRC.P0411_C000115:1,NoClonal
P0411,TTR105-20170411,CD4,CD4_C08-IL23R,CRC.P0411_C000116:1,NoClonal
P0411,TTR24-20170411,CD4,CD4_C12-CTLA4,CRC.P0411_C000118:1,NoClonal
P0411,PTH115-20170411,CD4,CD4_C02-ANXA1,CRC.P0411_C000119:1,NoClonal
P0411,TTC72-20170411,CD8,CD8_C07-LAYN,CRC.P0411_C000120:1,NoClonal
P0411,TTR69-20170411,CD4,CD4_C08-IL23R,CRC.P0411_C000121:1,NoClonal
P0411,PTH140-20170411,DN,NA,CRC.P0411_C000122:1,NoClonal
P0411,PTH69-20170411,CD4,CD4_C01-CCR7,CRC.P0411_C000123:1,NoClonal
P0411,TTR17-20170411,CD4,CD4_C12-CTLA4,CRC.P0411_C000124:1,NoClonal
P0411,NTC32-20170411,CD8,CD8_C06-CD160,CRC.P0411_C000125:1,NoClonal
P0411,PTH13-20170411,CD4,CD4_C01-CCR7,CRC.P0411_C000128:1,NoClonal
P0411,TTH94-20170411,CD4,CD4_C05-CXCR6,CRC.P0411_C000129:1,NoClonal
P0411,PTH178-20170411,CD4,CD4_C01-CCR7,CRC.P0411_C000130:1,NoClonal
P0411,PTH76-20170411,CD4,CD4_C02-ANXA1,CRC.P0411_C000132:1,NoClonal
P0411,TTH47-20170411,CD4,CD4_C05-CXCR6,CRC.P0411_C000134:1,NoClonal
P0411,TTC58-20170411,CD8,CD8_C07-LAYN,CRC.P0411_C000135:1,NoClonal
P0411,TTH58-20170411,CD4,CD4_C08-IL23R,CRC.P0411_C000136:1,NoClonal
P0411,TTR14-20170411,other,NA,CRC.P0411_C000137:1,NoClonal
P0411,TTR40-20170411,CD4,CD4_C12-CTLA4,CRC.P0411_C000138:1,NoClonal
P0411,NTH87-20170411,other,NA,CRC.P0411_C000140:1,NoClonal
P0411,NTH51-20170411,CD4,CD4_C05-CXCR6,CRC.P0411_C000141:1,NoClonal
P0411,PTR43-20170411,DN,NA,CRC.P0411_C000142:1,NoClonal
P0411,TTC47-20170411,CD8,CD8_C04-GZMK,CRC.P0411_C000143:1,NoClonal
P0411,PTH34-20170411,DN,NA,CRC.P0411_C000144:1,NoClonal
P0411,TTR109-20170411,CD4,CD4_C12-CTLA4,CRC.P0411_C000145:1,NoClonal
P0411,TTH28-20170411,CD4,CD4_C08-IL23R,CRC.P0411_C000147:1,NoClonal
P0411,NTC119-20170411,CD8,CD8_C05-CD6,CRC.P0411_C000148:1,NoClonal
P0411,PTR93-20170411,CD4,CD4_C03-GNLY,CRC.P0411_C000149:1,NoClonal
P0411,TTC19-20170411,CD8,CD8_C06-CD160,CRC.P0411_C000150:1,NoClonal
P0411,TTR70-20170411,CD4,CD4_C12-CTLA4,CRC.P0411_C000151:1,NoClonal
P0411,TTC3-20170411,CD8,CD8_C05-CD6,CRC.P0411_C000152:1,NoClonal
P0411,TTR90-20170411,CD4,CD4_C12-CTLA4,CRC.P0411_C000153:1,NoClonal
P0411,TTR110-20170411,CD4,CD4_C12-CTLA4,CRC.P0411_C000154:1,NoClonal
P0411,TTH68-20170411,DN,NA,CRC.P0411_C000155:1,NoClonal
P0411,TTH15-20170411,CD4,CD4_C05-CXCR6,CRC.P0411_C000157:1,NoClonal
P0411,TTR76-20170411,CD4,CD4_C12-CTLA4,CRC.P0411_C000158:1,NoClonal
P0411,PTR70-20170411,CD4,CD4_C10-FOXP3,CRC.P0411_C000159:1,NoClonal
P0411,TTR84-20170411,CD4,CD4_C12-CTLA4,CRC.P0411_C000160:1,NoClonal
P0411,TTH95-20170411,CD4,CD4_C08-IL23R,CRC.P0411_C000161:1,NoClonal
P0411,PTR77-20170411,DN,NA,CRC.P0411_C000162:1,NoClonal
P0411,PTR4-20170411,CD4,CD4_C10-FOXP3,CRC.P0411_C000163:1,NoClonal
P0411,TTR111-20170411,CD4,CD4_C12-CTLA4,CRC.P0411_C000165:1,NoClonal
P0411,PTC5-20170411,CD8,CD8_C03-CX3CR1,CRC.P0411_C000166:1,NoClonal
P0411,NTH24-20170411,CD4,CD4_C10-FOXP3,CRC.P0411_C000167:1,NoClonal
P0411,NTC97-20170411,CD8,CD8_C05-CD6,CRC.P0411_C000168:1,NoClonal
P0411,PTH131-20170411,DN,NA,CRC.P0411_C000169:1,NoClonal
P0411,PTR95-20170411,DN,NA,CRC.P0411_C000170:1,NoClonal
P0411,NTH57-20170411,CD4,CD4_C04-TCF7,CRC.P0411_C000171:1,NoClonal
P0411,TTR47-20170411,CD4,CD4_C12-CTLA4,CRC.P0411_C000172:1,NoClonal
P0411,NTH66-20170411,CD4,CD4_C07-GZMK,CRC.P0411_C000175:1,NoClonal
P0411,PTR3-20170411,DN,NA,CRC.P0411_C000176:1,NoClonal
P0411,NTC55-20170411,CD8,CD8_C04-GZMK,CRC.P0411_C000177:1,NoClonal
P0411,NTH59-20170411,other,NA,CRC.P0411_C000179:1,NoClonal
P0411,TTR39-20170411,CD4,CD4_C12-CTLA4,CRC.P0411_C000180:1,NoClonal
P0411,TTR53-20170411,CD4,CD4_C12-CTLA4,CRC.P0411_C000182:1,NoClonal
P0411,NTC26-20170411,CD8,CD8_C06-CD160,CRC.P0411_C000183:1,NoClonal
P0411,TTH31-20170411,other,NA,CRC.P0411_C000184:1,NoClonal
P0411,TTH18-20170411,CD4,CD4_C05-CXCR6,CRC.P0411_C000185:1,NoClonal
P0411,TTH66-20170411,CD4,CD4_C08-IL23R,CRC.P0411_C000186:1,NoClonal
P0411,PTH182-20170411,CD4,CD4_C02-ANXA1,CRC.P0411_C000187:1,NoClonal
P0411,PTH141-20170411,CD4,CD4_C01-CCR7,CRC.P0411_C000188:1,NoClonal
P0411,NTC54-20170411,CD8,CD8_C05-CD6,CRC.P0411_C000189:1,NoClonal
P0411,PTR12-20170411,DN,NA,CRC.P0411_C000190:1,NoClonal
P0411,TTR68-20170411,CD4,CD4_C12-CTLA4,CRC.P0411_C000191:1,NoClonal
P0411,PTH169-20170411,CD4,CD4_C01-CCR7,CRC.P0411_C000192:1,NoClonal
P0411,PTH1-20170411,CD4,CD4_C01-CCR7,CRC.P0411_C000194:1,NoClonal
P0411,NTH80-20170411,CD4,CD4_C04-TCF7,CRC.P0411_C000195:1,NoClonal
P0411,NTH10-20170411,CD4,CD4_C06-CXCR5,CRC.P0411_C000196:1,NoClonal
P0411,TTR113-20170411,CD4,CD4_C12-CTLA4,CRC.P0411_C000199:1,NoClonal
P0411,PTH57-20170411,DN,NA,CRC.P0411_C000200:1,NoClonal
P0411,NTH44-20170411,CD4,CD4_C04-TCF7,CRC.P0411_C000201:1,NoClonal
P0411,PTH171-20170411,CD4,CD4_C01-CCR7,CRC.P0411_C000203:1,NoClonal
P0411,PTR1-20170411,CD4,CD4_C01-CCR7,CRC.P0411_C000204:1,NoClonal
P0411,PTH44-20170411,other,NA,CRC.P0411_C000205:1,NoClonal
P0411,PTR24-20170411,CD4,CD4_C10-FOXP3,CRC.P0411_C000206:1,NoClonal
P0411,TTC43-20170411,CD8,CD8_C04-GZMK,CRC.P0411_C000207:1,NoClonal
P0411,NTH13-20170411,other,NA,CRC.P0411_C000208:1,NoClonal
P0411,TTH91-20170411,other,NA,CRC.P0411_C000209:1,NoClonal
P0411,PTH127-20170411,CD4,CD4_C01-CCR7,CRC.P0411_C000210:1,NoClonal
P0411,TTH84-20170411,DN,NA,CRC.P0411_C000211:1,NoClonal
P0411,TTH1-20170411,DN,NA,CRC.P0411_C000212:1,NoClonal
P0411,TTH57-20170411,DN,NA,CRC.P0411_C000213:1,NoClonal
P0411,PTR21-20170411,DN,NA,CRC.P0411_C000215:1,NoClonal
P0411,PTH122-20170411,CD4,CD4_C02-ANXA1,CRC.P0411_C000216:1,NoClonal
P0411,NTH65-20170411,CD4,CD4_C04-TCF7,CRC.P0411_C000217:1,NoClonal
P0411,PTC64-20170411,CD8,CD8_C01-LEF1,CRC.P0411_C000218:1,NoClonal
P0411,PTR69-20170411,DN,NA,CRC.P0411_C000219:1,NoClonal
P0411,PTH28-20170411,CD4,CD4_C01-CCR7,CRC.P0411_C000220:1,NoClonal
P0411,NTH53-20170411,CD4,CD4_C04-TCF7,CRC.P0411_C000222:1,NoClonal
P0411,TTR3-20170411,CD4,CD4_C08-IL23R,CRC.P0411_C000224:1,NoClonal
P0411,PTC58-20170411,CD8,CD8_C03-CX3CR1,CRC.P0411_C000225:1,NoClonal
P0411,NTC114-20170411,CD8,CD8_C05-CD6,CRC.P0411_C000228:1,NoClonal
P0411,TTC11-20170411,CD8,CD8_C04-GZMK,CRC.P0411_C000229:1,NoClonal
P0411,TTC74-20170411,CD8,CD8_C07-LAYN,CRC.P0411_C000230:1,NoClonal
P0411,PTH43-20170411,CD4,CD4_C01-CCR7,CRC.P0411_C000231:1,NoClonal
P0411,PTR63-20170411,other,NA,CRC.P0411_C000232:1,NoClonal
P0411,TTR108-20170411,CD4,CD4_C12-CTLA4,CRC.P0411_C000233:1,NoClonal
P0411,PTR96-20170411,CD4,CD4_C02-ANXA1,CRC.P0411_C000234:1,NoClonal
P0411,TTR77-20170411,CD4,CD4_C12-CTLA4,CRC.P0411_C000235:1,NoClonal
P0411,TTR48-20170411,DN,NA,CRC.P0411_C000236:1,NoClonal
P0411,TTC13-20170411,CD8,CD8_C02-GPR183,CRC.P0411_C000238:1,NoClonal
P0411,PTC72-20170411,CD8,CD8_C02-GPR183,CRC.P0411_C000239:1,NoClonal
P0411,NTH82-20170411,CD4,CD4_C04-TCF7,CRC.P0411_C000240:1,NoClonal
P0411,TTH49-20170411,CD4,CD4_C08-IL23R,CRC.P0411_C000242:1,NoClonal
P0411,NTH15-20170411,CD4,CD4_C05-CXCR6,CRC.P0411_C000245:1,NoClonal
P0411,TTH38-20170411,CD4,CD4_C05-CXCR6,CRC.P0411_C000246:1,NoClonal
P0411,PTR53-20170411,DN,NA,CRC.P0411_C000247:1,NoClonal
P0411,NTH49-20170411,CD4,CD4_C04-TCF7,CRC.P0411_C000250:1,NoClonal
P0411,NTH71-20170411,CD4,CD4_C05-CXCR6,CRC.P0411_C000252:1,NoClonal
P0411,PTH14-20170411,CD4,CD4_C02-ANXA1,CRC.P0411_C000254:1,NoClonal
P0411,NTH73-20170411,CD4,CD4_C05-CXCR6,CRC.P0411_C000255:1,NoClonal
P0411,TTC41-20170411,CD8,CD8_C04-GZMK,CRC.P0411_C000256:1,NoClonal
P0411,TTR31-20170411,CD4,CD4_C12-CTLA4,CRC.P0411_C000257:1,NoClonal
P0411,TTR67-20170411,CD4,CD4_C12-CTLA4,CRC.P0411_C000258:1,NoClonal
P0411,PTR22-20170411,CD4,CD4_C10-FOXP3,CRC.P0411_C000259:1,NoClonal
P0411,PTR19-20170411,CD4,CD4_C10-FOXP3,CRC.P0411_C000260:1,NoClonal
P0411,PTR61-20170411,CD4,CD4_C10-FOXP3,CRC.P0411_C000262:1,NoClonal
P0411,TTR13-20170411,DN,NA,CRC.P0411_C000263:1,NoClonal
P0411,TTH5-20170411,DN,NA,CRC.P0411_C000264:1,NoClonal
P0411,TTR75-20170411,CD4,CD4_C12-CTLA4,CRC.P0411_C000265:1,NoClonal
P0411,TTC7-20170411,CD8,CD8_C04-GZMK,CRC.P0411_C000266:1,NoClonal
P0411,TTR51-20170411,CD4,CD4_C12-CTLA4,CRC.P0411_C000267:1,NoClonal
P0411,PTH107-20170411,DN,NA,CRC.P0411_C000268:1,NoClonal
P0411,NTH85-20170411,CD4,CD4_C04-TCF7,CRC.P0411_C000269:1,NoClonal
P0411,PTH12-20170411,CD4,CD4_C01-CCR7,CRC.P0411_C000270:1,NoClonal
P0411,PTH174-20170411,CD4,CD4_C02-ANXA1,CRC.P0411_C000271:1,NoClonal
P0411,PTH78-20170411,CD4,CD4_C02-ANXA1,CRC.P0411_C000272:1,NoClonal
P0411,TTR11-20170411,CD4,CD4_C12-CTLA4,CRC.P0411_C000273:1,NoClonal
P0411,TTR12-20170411,CD4,CD4_C08-IL23R,CRC.P0411_C000274:1,NoClonal
P0411,PTR2-20170411,CD4,CD4_C01-CCR7,CRC.P0411_C000275:1,NoClonal
P0411,PTR84-20170411,CD4,CD4_C10-FOXP3,CRC.P0411_C000276:1,NoClonal
P0411,TTR37-20170411,CD4,CD4_C12-CTLA4,CRC.P0411_C000277:1,NoClonal
P0411,TTR1-20170411,CD4,CD4_C12-CTLA4,CRC.P0411_C000278:1,NoClonal
P0411,TTC60-20170411,CD8,CD8_C04-GZMK,CRC.P0411_C000280:1,NoClonal
P0411,TTC40-20170411,CD8,CD8_C08-SLC4A10,CRC.P0411_C000282:1,NoClonal
P0411,NTH64-20170411,DN,NA,CRC.P0411_C000283:1,NoClonal
P0411,NTH17-20170411,CD4,CD4_C04-TCF7,CRC.P0411_C000284:1,NoClonal
P0411,PTH75-20170411,CD4,CD4_C01-CCR7,CRC.P0411_C000285:1,NoClonal
P0411,PTC15-20170411,CD8,CD8_C03-CX3CR1,CRC.P0411_C000286:1,NoClonal
P0411,PTC46-20170411,CD8,CD8_C04-GZMK,CRC.P0411_C000289:1,NoClonal
P0411,TTH11-20170411,CD4,CD4_C08-IL23R,CRC.P0411_C000290:1,NoClonal
P0411,PTH31-20170411,CD4,CD4_C01-CCR7,CRC.P0411_C000291:1,NoClonal
P0411,NTH56-20170411,CD4,CD4_C06-CXCR5,CRC.P0411_C000292:1,NoClonal
P0411,TTH76-20170411,CD4,CD4_C05-CXCR6,CRC.P0411_C000293:1,NoClonal
P0411,PTR13-20170411,CD4,CD4_C10-FOXP3,CRC.P0411_C000294:1,NoClonal
P0411,PTR42-20170411,CD4,CD4_C01-CCR7,CRC.P0411_C000295:1,NoClonal
P0411,PTH18-20170411,DN,NA,CRC.P0411_C000296:1,NoClonal
P0411,NTH50-20170411,other,NA,CRC.P0411_C000297:1,NoClonal
P0411,TTR23-20170411,CD4,CD4_C12-CTLA4,CRC.P0411_C000298:1,NoClonal
P0411,TTC57-20170411,CD8,CD8_C04-GZMK,CRC.P0411_C000299:1,NoClonal
P0411,PTC55-20170411,CD8,CD8_C04-GZMK,CRC.P0411_C000300:1,NoClonal
P0411,TTC92-20170411,CD8,CD8_C01-LEF1,CRC.P0411_C000301:1,NoClonal
P0411,TTH50-20170411,CD4,CD4_C08-IL23R,CRC.P0411_C000302:1,NoClonal
P0411,TTC2-20170411,CD8,CD8_C02-GPR183,CRC.P0411_C000303:1,NoClonal
P0411,PTR87-20170411,CD4,CD4_C10-FOXP3,CRC.P0411_C000304:1,NoClonal
P0411,NTC84-20170411,CD8,CD8_C06-CD160,CRC.P0411_C000305:1,NoClonal
P0411,TTC71-20170411,CD8,CD8_C07-LAYN,CRC.P0411_C000306:1,NoClonal
P0411,PTR49-20170411,CD4,CD4_C01-CCR7,CRC.P0411_C000307:1,NoClonal
P0411,TTR100-20170411,CD4,CD4_C12-CTLA4,CRC.P0411_C000308:1,NoClonal
P0411,PTH79-20170411,CD4,CD4_C02-ANXA1,CRC.P0411_C000309:1,NoClonal
P0411,TTR16-20170411,CD4,CD4_C12-CTLA4,CRC.P0411_C000311:1,NoClonal
P0411,TTH82-20170411,CD4,CD4_C12-CTLA4,CRC.P0411_C000312:1,NoClonal
P0411,NTC62-20170411,other,NA,CRC.P0411_C000314:1,NoClonal
P0411,TTH48-20170411,DN,NA,CRC.P0411_C000315:1,NoClonal
P0411,TTH3-20170411,CD4,CD4_C08-IL23R,CRC.P0411_C000316:1,NoClonal
P0411,TTR52-20170411,CD4,CD4_C12-CTLA4,CRC.P0411_C000317:1,NoClonal
P0411,TTH52-20170411,DN,NA,CRC.P0411_C000320:1,NoClonal
P0411,TTH25-20170411,DN,NA,CRC.P0411_C000321:1,NoClonal
P0411,PTC54-20170411,CD8,CD8_C02-GPR183,CRC.P0411_C000322:1,NoClonal
P0411,TTH16-20170411,CD4,CD4_C07-GZMK,CRC.P0411_C000323:1,NoClonal
P0411,PTR15-20170411,DN,NA,CRC.P0411_C000324:1,NoClonal
P0411,TTR112-20170411,CD4,CD4_C12-CTLA4,CRC.P0411_C000325:1,NoClonal
P0411,TTR72-20170411,CD4,CD4_C12-CTLA4,CRC.P0411_C000326:1,NoClonal
P0411,TTH21-20170411,other,NA,CRC.P0411_C000327:1,NoClonal
P0411,NTC118-20170411,CD8,CD8_C06-CD160,CRC.P0411_C000328:1,NoClonal
P0411,TTR21-20170411,CD4,CD4_C12-CTLA4,CRC.P0411_C000329:1,NoClonal
P0411,PTH97-20170411,CD4,CD4_C02-ANXA1,CRC.P0411_C000330:1,NoClonal
P0411,PTR41-20170411,CD4,CD4_C10-FOXP3,CRC.P0411_C000331:1,NoClonal
P0411,TTC12-20170411,CD8,CD8_C04-GZMK,CRC.P0411_C000332:1,NoClonal
P0411,NTH30-20170411,CD4,CD4_C04-TCF7,CRC.P0411_C000334:1,NoClonal
P0411,PTR31-20170411,CD4,CD4_C10-FOXP3,CRC.P0411_C000335:1,NoClonal
P0411,PTR79-20170411,CD4,CD4_C10-FOXP3,CRC.P0411_C000336:1,NoClonal
P0411,NTH89-20170411,CD4,CD4_C06-CXCR5,CRC.P0411_C000337:1,NoClonal
P0411,PTH112-20170411,CD4,CD4_C01-CCR7,CRC.P0411_C000338:1,NoClonal
P0411,NTH9-20170411,CD4,CD4_C04-TCF7,CRC.P0411_C000339:1,NoClonal
P0411,TTH4-20170411,CD4,CD4_C05-CXCR6,CRC.P0411_C000340:1,NoClonal
P0411,PTH40-20170411,DN,NA,CRC.P0411_C000341:1,NoClonal
P0411,NTH78-20170411,CD4,CD4_C04-TCF7,CRC.P0411_C000342:1,NoClonal
P0411,NTH29-20170411,DN,NA,CRC.P0411_C000343:1,NoClonal
P0411,NTH5-20170411,other,NA,CRC.P0411_C000344:1,NoClonal
P0411,TTR10-20170411,CD4,CD4_C12-CTLA4,CRC.P0411_C000345:1,NoClonal
P0411,PTH19-20170411,CD4,CD4_C01-CCR7,CRC.P0411_C000347:1,NoClonal
P0411,TTC22-20170411,CD8,CD8_C02-GPR183,CRC.P0411_C000348:1,NoClonal
P0411,TTR25-20170411,CD4,CD4_C12-CTLA4,CRC.P0411_C000349:1,NoClonal
P0411,TTR66-20170411,CD4,CD4_C08-IL23R,CRC.P0411_C000350:1,NoClonal
P0411,PTR82-20170411,CD4,CD4_C10-FOXP3,CRC.P0411_C000351:1,NoClonal
P0411,NTH58-20170411,DN,NA,CRC.P0411_C000352:1,NoClonal
P0411,PTC21-20170411,CD8,CD8_C03-CX3CR1,CRC.P0411_C000353:1,NoClonal
P0411,PTR23-20170411,CD4,CD4_C10-FOXP3,CRC.P0411_C000354:1,NoClonal
P0411,NTH28-20170411,other,NA,CRC.P0411_C000355:1,NoClonal
P0411,TTC95-20170411,CD8,CD8_C04-GZMK,CRC.P0411_C000356:1,NoClonal
P0411,TTR78-20170411,CD4,CD4_C12-CTLA4,CRC.P0411_C000357:1,NoClonal
P0411,NTH41-20170411,CD4,CD4_C04-TCF7,CRC.P0411_C000358:1,NoClonal
P0411,NTH70-20170411,other,NA,CRC.P0411_C000359:1,NoClonal
P0411,TTR60-20170411,CD4,CD4_C12-CTLA4,CRC.P0411_C000360:1,NoClonal
P0411,TTR8-20170411,CD4,CD4_C12-CTLA4,CRC.P0411_C000361:1,NoClonal
P0411,TTH46-20170411,DN,NA,CRC.P0411_C000362:1,NoClonal
P0411,TTH90-20170411,CD4,CD4_C08-IL23R,CRC.P0411_C000363:1,NoClonal
P0411,TTC90-20170411,CD8,CD8_C04-GZMK,CRC.P0411_C000365:1,NoClonal
P0411,PTR72-20170411,DN,NA,CRC.P0411_C000368:1,NoClonal
P0411,TTR89-20170411,CD4,CD4_C08-IL23R,CRC.P0411_C000369:1,NoClonal
P0411,PTR32-20170411,DN,NA,CRC.P0411_C000370:1,NoClonal
P0411,TTR94-20170411,CD4,CD4_C09-CXCL13,CRC.P0411_C000371:1,NoClonal
P0411,TTH71-20170411,CD4,CD4_C04-TCF7,CRC.P0411_C000372:1,NoClonal
P0411,TTR88-20170411,CD4,CD4_C09-CXCL13,CRC.P0411_C000373:1,NoClonal
P0411,NTC112-20170411,CD8,CD8_C05-CD6,CRC.P0411_C000374:1,NoClonal
P0411,TTR80-20170411,DN,NA,CRC.P0411_C000375:1,NoClonal
P0411,TTH9-20170411,CD4,CD4_C08-IL23R,CRC.P0411_C000376:1,NoClonal
P0411,TTR18-20170411,CD4,CD4_C12-CTLA4,CRC.P0411_C000377:1,NoClonal
P0411,PTH116-20170411,CD4,CD4_C01-CCR7,CRC.P0411_C000379:1,NoClonal
P0411,PTH134-20170411,DN,NA,CRC.P0411_C000380:1,NoClonal
P0411,NTC34-20170411,CD8,CD8_C06-CD160,CRC.P0411_C000381:1,NoClonal
P0411,NTC35-20170411,CD8,CD8_C06-CD160,CRC.P0411_C000382:1,NoClonal
P0411,PTC6-20170411,CD8,CD8_C01-LEF1,CRC.P0411_C000383:1,NoClonal
P0411,NTH6-20170411,DN,NA,CRC.P0411_C000384:1,NoClonal
P0411,TTC24-20170411,CD8,CD8_C04-GZMK,CRC.P0411_C000385:1,NoClonal
P0411,PTH181-20170411,CD4,CD4_C02-ANXA1,CRC.P0411_C000386:1,NoClonal
P0411,TTH2-20170411,CD4,CD4_C05-CXCR6,CRC.P0411_C000387:1,NoClonal
P0411,TTH22-20170411,CD4,CD4_C05-CXCR6,CRC.P0411_C000388:1,NoClonal
P0411,TTH6-20170411,CD4,CD4_C08-IL23R,CRC.P0411_C000389:1,NoClonal
P0411,TTC52-20170411,CD8,CD8_C04-GZMK,CRC.P0411_C000390:1,NoClonal
P0411,NTH69-20170411,CD4,CD4_C04-TCF7,CRC.P0411_C000391:1,NoClonal
P0411,NTC106-20170411,CD8,CD8_C05-CD6,CRC.P0411_C000392:1,NoClonal
P0411,PTR81-20170411,CD4,CD4_C10-FOXP3,CRC.P0411_C000393:1,NoClonal
P0411,PTR50-20170411,CD4,CD4_C02-ANXA1,CRC.P0411_C000394:1,NoClonal
P0411,PTC9-20170411,CD8,CD8_C02-GPR183,CRC.P0411_C000395:1,NoClonal
P0411,TTC73-20170411,CD8,CD8_C04-GZMK,CRC.P0411_C000396:1,NoClonal
P0411,TTH56-20170411,CD4,CD4_C08-IL23R,CRC.P0411_C000397:1,NoClonal
P0411,PTH105-20170411,DN,NA,CRC.P0411_C000398:1,NoClonal
P0411,NTH21-20170411,CD4,CD4_C06-CXCR5,CRC.P0411_C000399:1,NoClonal
P0411,TTR95-20170411,CD4,CD4_C12-CTLA4,CRC.P0411_C000400:1,NoClonal
P0411,TTH75-20170411,other,NA,CRC.P0411_C000402:1,NoClonal
P0411,TTR35-20170411,CD4,CD4_C12-CTLA4,CRC.P0411_C000403:1,NoClonal
P0411,PTH15-20170411,DN,NA,CRC.P0411_C000404:1,NoClonal
P0411,TTR5-20170411,CD4,CD4_C08-IL23R,CRC.P0411_C000405:1,NoClonal
P0411,NTH32-20170411,CD4,CD4_C04-TCF7,CRC.P0411_C000406:1,NoClonal
P0411,NTC69-20170411,CD8,CD8_C06-CD160,CRC.P0411_C000407:1,NoClonal
P0411,NTH12-20170411,DN,NA,CRC.P0411_C000408:1,NoClonal
P0411,PTR5-20170411,CD4,CD4_C10-FOXP3,CRC.P0411_C000409:1,NoClonal
P0411,PTR78-20170411,DN,NA,CRC.P0411_C000411:1,NoClonal
P0411,TTR114-20170411,CD4,CD4_C08-IL23R,CRC.P0411_C000412:1,NoClonal
P0411,TTC21-20170411,CD8,CD8_C02-GPR183,CRC.P0411_C000413:1,NoClonal
P0411,NTH4-20170411,DN,NA,CRC.P0411_C000415:1,NoClonal
P0411,PTH144-20170411,DN,NA,CRC.P0411_C000417:1,NoClonal
P0411,TTR7-20170411,CD4,CD4_C12-CTLA4,CRC.P0411_C000418:1,NoClonal
P0411,TTH8-20170411,CD4,CD4_C05-CXCR6,CRC.P0411_C000419:1,NoClonal
P0411,NTH20-20170411,CD4,CD4_C06-CXCR5,CRC.P0411_C000421:1,NoClonal
P0411,PTR91-20170411,CD4,CD4_C10-FOXP3,CRC.P0411_C000422:1,NoClonal
P0411,NTC95-20170411,CD8,CD8_C05-CD6,CRC.P0411_C000423:1,NoClonal
P0411,TTR81-20170411,CD4,CD4_C08-IL23R,CRC.P0411_C000424:1,NoClonal
P0411,NTH75-20170411,CD4,CD4_C04-TCF7,CRC.P0411_C000425:1,NoClonal
P0411,PTR90-20170411,CD4,CD4_C10-FOXP3,CRC.P0411_C000426:1,NoClonal
P0411,NTH19-20170411,other,NA,CRC.P0411_C000427:1,NoClonal
P0411,PTH16-20170411,CD4,CD4_C01-CCR7,CRC.P0411_C000430:1,NoClonal
P0411,TTH34-20170411,CD4,CD4_C08-IL23R,CRC.P0411_C000431:1,NoClonal
P0411,NTH68-20170411,DN,NA,CRC.P0411_C000432:1,NoClonal
P0411,TTH79-20170411,CD4,CD4_C08-IL23R,CRC.P0411_C000434:1,NoClonal
P0411,PTH98-20170411,CD4,CD4_C02-ANXA1,CRC.P0411_C000435:1,NoClonal
P0411,TTR116-20170411,CD4,CD4_C12-CTLA4,CRC.P0411_C000436:1,NoClonal
P0411,PTC51-20170411,CD8,CD8_C03-CX3CR1,CRC.P0411_C000437:1,NoClonal
P0411,NTC41-20170411,CD8,CD8_C06-CD160,CRC.P0411_C000438:1,NoClonal
P0411,TTH96-20170411,CD4,CD4_C05-CXCR6,CRC.P0411_C000439:1,NoClonal
P0411,PTH136-20170411,CD4,CD4_C02-ANXA1,CRC.P0411_C000440:1,NoClonal
P0411,PTR66-20170411,CD4,CD4_C01-CCR7,CRC.P0411_C000441:1,NoClonal
P0411,PTR74-20170411,CD4,CD4_C10-FOXP3,CRC.P0411_C000442:1,NoClonal
P0411,TTC53-20170411,CD8,CD8_C04-GZMK,CRC.P0411_C000443:1,NoClonal
P0411,NTH79-20170411,DN,NA,CRC.P0411_C000444:1,NoClonal
P0411,PTR30-20170411,DN,NA,CRC.P0411_C000445:1,NoClonal
P0411,NTH35-20170411,CD4,CD4_C05-CXCR6,CRC.P0411_C000446:1,NoClonal
P0411,TTC44-20170411,CD8,CD8_C07-LAYN,CRC.P0411_C000447:1,NoClonal
P0411,NTH25-20170411,other,NA,CRC.P0411_C000448:1,NoClonal
P0411,TTH36-20170411,CD4,CD4_C08-IL23R,CRC.P0411_C000449:1,NoClonal
P0411,NTH23-20170411,CD4,CD4_C11-IL10,CRC.P0411_C000450:1,NoClonal
P0411,PTR18-20170411,CD4,CD4_C10-FOXP3,CRC.P0411_C000451:1,NoClonal
P0411,NTH39-20170411,DN,NA,CRC.P0411_C000452:1,NoClonal
P0411,TTR71-20170411,CD4,CD4_C12-CTLA4,CRC.P0411_C000453:1,NoClonal
P0411,TTC8-20170411,CD8,CD8_C05-CD6,CRC.P0411_C000454:1,NoClonal
P0411,PTH111-20170411,DN,NA,CRC.P0411_C000455:1,NoClonal
P0411,TTR9-20170411,CD4,CD4_C12-CTLA4,CRC.P0411_C000456:1,NoClonal
P0411,NTH47-20170411,CD4,CD4_C04-TCF7,CRC.P0411_C000457:1,NoClonal
P0411,PTH68-20170411,CD4,CD4_C01-CCR7,CRC.P0411_C000458:1,NoClonal
P0411,PTC19-20170411,CD8,CD8_C03-CX3CR1,CRC.P0411_C000459:1,NoClonal
P0411,TTR74-20170411,CD4,CD4_C12-CTLA4,CRC.P0411_C000460:1,NoClonal
P0411,PTR16-20170411,CD4,CD4_C10-FOXP3,CRC.P0411_C000461:1,NoClonal
P0411,PTC70-20170411,CD8,CD8_C03-CX3CR1,CRC.P0411_C000462:1,NoClonal
P0411,PTR44-20170411,CD4,CD4_C10-FOXP3,CRC.P0411_C000463:1,NoClonal
P0411,PTH11-20170411,CD4,CD4_C02-ANXA1,CRC.P0411_C000464:1,NoClonal
P0411,TTR120-20170411,CD4,CD4_C12-CTLA4,CRC.P0411_C000465:1,NoClonal
P0411,PTH70-20170411,CD4,CD4_C03-GNLY,CRC.P0411_C000466:1,NoClonal
P0411,PTR86-20170411,CD4,CD4_C10-FOXP3,CRC.P0411_C000467:1,NoClonal
P0411,TTR119-20170411,CD4,CD4_C12-CTLA4,CRC.P0411_C000468:1,NoClonal
P0411,PTR46-20170411,CD4,CD4_C10-FOXP3,CRC.P0411_C000469:1,NoClonal
P0411,NTH55-20170411,DN,NA,CRC.P0411_C000470:1,NoClonal
P0411,TTH88-20170411,CD4,CD4_C08-IL23R,CRC.P0411_C000471:1,NoClonal
P0411,PTH32-20170411,CD4,CD4_C01-CCR7,CRC.P0411_C000472:1,NoClonal
P0411,NTH22-20170411,other,NA,CRC.P0411_C000473:1,NoClonal
P0411,TTR79-20170411,CD4,CD4_C12-CTLA4,CRC.P0411_C000474:1,NoClonal
P0411,TTC51-20170411,CD8,CD8_C04-GZMK,CRC.P0411_C000476:1,NoClonal
P0411,PTR28-20170411,DN,NA,CRC.P0411_C000478:1,NoClonal
P0411,PTR37-20170411,CD4,CD4_C02-ANXA1,CRC.P0411_C000479:1,NoClonal
P0411,PTH4-20170411,CD4,CD4_C03-GNLY,CRC.P0411_C000480:1,NoClonal
P0411,TTR86-20170411,DN,NA,CRC.P0411_C000481:1,NoClonal
P0411,NTC68-20170411,CD8,CD8_C05-CD6,CRC.P0411_C000482:1,NoClonal
P0411,NTH52-20170411,CD4,CD4_C04-TCF7,CRC.P0411_C000483:1,NoClonal
P0411,PTR67-20170411,other,NA,CRC.P0411_C000484:1,NoClonal
P0411,TTH29-20170411,CD4,CD4_C05-CXCR6,CRC.P0411_C000485:1,NoClonal
P0411,TTR20-20170411,CD4,CD4_C12-CTLA4,CRC.P0411_C000486:1,NoClonal
P0411,PTH73-20170411,CD4,CD4_C02-ANXA1,CRC.P0411_C000487:1,NoClonal
P0411,PTH35-20170411,CD4,CD4_C01-CCR7,CRC.P0411_C000488:1,NoClonal
P0411,NTH63-20170411,CD4,CD4_C04-TCF7,CRC.P0411_C000489:1,NoClonal
P0411,PTR26-20170411,DN,NA,CRC.P0411_C000490:1,NoClonal
P0411,TTR93-20170411,CD4,CD4_C12-CTLA4,CRC.P0411_C000491:1,NoClonal
P0411,TTR33-20170411,CD4,CD4_C12-CTLA4,CRC.P0411_C000492:1,NoClonal
P0411,TTH51-20170411,other,NA,CRC.P0411_C000493:1,NoClonal
P0411,TTR26-20170411,CD4,CD4_C12-CTLA4,CRC.P0411_C000494:1,NoClonal
P0411,PTR11-20170411,DN,NA,CRC.P0411_C000495:1,NoClonal
P0411,TTR55-20170411,CD4,CD4_C12-CTLA4,CRC.P0411_C000496:1,NoClonal
P0411,PTH106-20170411,DN,NA,CRC.P0411_C000497:1,NoClonal
P0411,NTC111-20170411,CD8,CD8_C06-CD160,CRC.P0411_C000498:1,NoClonal
P0411,TTR49-20170411,CD4,CD4_C12-CTLA4,CRC.P0411_C000499:1,NoClonal
P0411,TTH42-20170411,DN,NA,CRC.P0411_C000501:1,NoClonal
P0411,PTH160-20170411,CD4,CD4_C02-ANXA1,CRC.P0411_C000502:1,NoClonal
P0411,TTH70-20170411,CD4,CD4_C07-GZMK,CRC.P0411_C000503:1,NoClonal
P0411,PTC65-20170411,CD8,CD8_C02-GPR183,CRC.P0411_C000504:1,NoClonal
P0411,PTH152-20170411,DN,NA,CRC.P0411_C000505:1,NoClonal
P0411,TTC9-20170411,CD8,CD8_C04-GZMK,CRC.P0411_C000507:1,NoClonal
P0411,TTR92-20170411,CD4,CD4_C12-CTLA4,CRC.P0411_C000508:1,NoClonal
P0411,NTH84-20170411,CD4,CD4_C04-TCF7,CRC.P0411_C000509:1,NoClonal
P0411,PTC38-20170411,CD8,CD8_C03-CX3CR1,CRC.P0411_C000510:1,NoClonal
P0411,PTH101-20170411,other,NA,CRC.P0411_C000511:1,NoClonal
P0411,PTH65-20170411,CD4,CD4_C02-ANXA1,CRC.P0411_C000512:1,NoClonal
P0411,PTR39-20170411,other,NA,CRC.P0411_C000514:1,NoClonal
P0411,TTR45-20170411,CD4,CD4_C12-CTLA4,CRC.P0411_C000515:1,NoClonal
P0411,TTR34-20170411,CD4,CD4_C05-CXCR6,CRC.P0411_C000516:1,NoClonal
P0411,PTR73-20170411,CD4,CD4_C10-FOXP3,CRC.P0411_C000517:1,NoClonal
P0411,TTC36-20170411,CD8,CD8_C07-LAYN,CRC.P0411_C000518:1,NoClonal
P0411,NTH3-20170411,CD4,CD4_C04-TCF7,CRC.P0411_C000519:1,NoClonal
P0411,PTH161-20170411,CD4,CD4_C01-CCR7,CRC.P0411_C000520:1,NoClonal
P0411,TTC91-20170411,other,NA,CRC.P0411_C000521:1,NoClonal
P0411,PTH137-20170411,DN,NA,CRC.P0411_C000522:1,NoClonal
P0411,PTR27-20170411,CD4,CD4_C10-FOXP3,CRC.P0411_C000523:1,NoClonal
P0411,PTR35-20170411,CD4,CD4_C01-CCR7,CRC.P0411_C000524:1,NoClonal
P0411,TTR73-20170411,CD4,CD4_C12-CTLA4,CRC.P0411_C000525:1,NoClonal
P0411,TTR64-20170411,DN,NA,CRC.P0411_C000526:1,NoClonal
P0411,PTR10-20170411,CD4,CD4_C10-FOXP3,CRC.P0411_C000527:1,NoClonal
P0411,NTC115-20170411,other,NA,CRC.P0411_C000528:1,NoClonal
P0411,TTR50-20170411,other,NA,CRC.P0411_C000529:1,NoClonal
P0411,TTH41-20170411,CD4,CD4_C05-CXCR6,CRC.P0411_C000530:1,NoClonal
P0411,PTH125-20170411,other,NA,CRC.P0411_C000531:1,NoClonal
P0411,TTH33-20170411,other,NA,CRC.P0411_C000532:1,NoClonal
P0411,PTR6-20170411,other,NA,CRC.P0411_C000533:1,NoClonal
P0411,TTH83-20170411,CD4,CD4_C05-CXCR6,CRC.P0411_C000534:1,NoClonal
P0411,TTC33-20170411,CD8,CD8_C04-GZMK,CRC.P0411_C000535:1,NoClonal
P0411,NTH54-20170411,DN,NA,CRC.P0411_C000536:1,NoClonal
P0411,TTR115-20170411,CD4,CD4_C12-CTLA4,CRC.P0411_C000537:1,NoClonal
P0411,NTC64-20170411,CD8,CD8_C05-CD6,CRC.P0411_C000538:1,NoClonal
P0411,TTH77-20170411,CD4,CD4_C07-GZMK,CRC.P0411_C000539:1,NoClonal
P0411,TTR97-20170411,CD4,CD4_C12-CTLA4,CRC.P0411_C000540:1,NoClonal
P0411,TTC31-20170411,CD8,CD8_C07-LAYN,CRC.P0411_C000541:1,NoClonal
P0411,NTH91-20170411,other,NA,CRC.P0411_C000542:1,NoClonal
P0411,PTR40-20170411,DN,NA,CRC.P0411_C000543:1,NoClonal
P0411,NTC76-20170411,CD8,CD8_C04-GZMK,CRC.P0411_C000544:1,NoClonal
P0411,TTR27-20170411,CD4,CD4_C12-CTLA4,CRC.P0411_C000545:1,NoClonal
P0411,TTC55-20170411,CD8,CD8_C04-GZMK,CRC.P0411_C000546:1,NoClonal
P0411,TTR56-20170411,CD4,CD4_C05-CXCR6,CRC.P0411_C000547:1,NoClonal
P0411,PTH153-20170411,CD4,CD4_C01-CCR7,CRC.P0411_C000548:1,NoClonal
P0413,TTC138-20170413,CD8,CD8_C07-LAYN,CRC.P0413_C000050:32,Clonal
P0413,TTC3-20170413,CD8,CD8_C07-LAYN,CRC.P0413_C000050:32,Clonal
P0413,TTC154-20170413,CD8,CD8_C07-LAYN,CRC.P0413_C000050:32,Clonal
P0413,TTC32-20170413,CD8,CD8_C07-LAYN,CRC.P0413_C000050:32,Clonal
P0413,TTC48-20170413,CD8,CD8_C07-LAYN,CRC.P0413_C000050:32,Clonal
P0413,TTC1-20170413,CD8,CD8_C07-LAYN,CRC.P0413_C000050:32,Clonal
P0413,TTC55-20170413,CD8,CD8_C07-LAYN,CRC.P0413_C000050:32,Clonal
P0413,TTC93-20170413,CD8,CD8_C07-LAYN,CRC.P0413_C000050:32,Clonal
P0413,TTC148-20170413,CD8,CD8_C07-LAYN,CRC.P0413_C000050:32,Clonal
P0413,TTC155-20170413,CD8,CD8_C07-LAYN,CRC.P0413_C000050:32,Clonal
P0413,TTC54-20170413,CD8,CD8_C07-LAYN,CRC.P0413_C000050:32,Clonal
P0413,TTC34-20170413,CD8,CD8_C07-LAYN,CRC.P0413_C000050:32,Clonal
P0413,TTC47-20170413,CD8,CD8_C07-LAYN,CRC.P0413_C000050:32,Clonal
P0413,TTC8-20170413,CD8,CD8_C07-LAYN,CRC.P0413_C000050:32,Clonal
P0413,TTC37-20170413,CD8,CD8_C07-LAYN,CRC.P0413_C000050:32,Clonal
P0413,TTC61-20170413,CD8,CD8_C07-LAYN,CRC.P0413_C000050:32,Clonal
P0413,TTC108-20170413,CD8,CD8_C07-LAYN,CRC.P0413_C000050:32,Clonal
P0413,TTC22-20170413,CD8,CD8_C07-LAYN,CRC.P0413_C000050:32,Clonal
P0413,TTC109-20170413,CD8,CD8_C07-LAYN,CRC.P0413_C000050:32,Clonal
P0413,TTC112-20170413,CD8,CD8_C07-LAYN,CRC.P0413_C000050:32,Clonal
P0413,TTC123-20170413,CD8,CD8_C07-LAYN,CRC.P0413_C000050:32,Clonal
P0413,TTC13-20170413,CD8,CD8_C07-LAYN,CRC.P0413_C000050:32,Clonal
P0413,TTC33-20170413,CD8,CD8_C07-LAYN,CRC.P0413_C000050:32,Clonal
P0413,TTC126-20170413,CD8,CD8_C07-LAYN,CRC.P0413_C000050:32,Clonal
P0413,TTC80-20170413,CD8,CD8_C07-LAYN,CRC.P0413_C000050:32,Clonal
P0413,TTC69-20170413,CD8,CD8_C07-LAYN,CRC.P0413_C000050:32,Clonal
P0413,NTC96-20170413,CD8,CD8_C07-LAYN,CRC.P0413_C000050:32,Clonal
P0413,TTC2-20170413,CD8,CD8_C07-LAYN,CRC.P0413_C000050:32,Clonal
P0413,TTC65-20170413,CD8,CD8_C07-LAYN,CRC.P0413_C000050:32,Clonal
P0413,TTC6-20170413,CD8,CD8_C07-LAYN,CRC.P0413_C000050:32,Clonal
P0413,TTC100-20170413,CD8,CD8_C07-LAYN,CRC.P0413_C000050:32,Clonal
P0413,TTC60-20170413,other,NA,CRC.P0413_C000050:32,Clonal
P0413,TTC103-20170413,CD8,CD8_C07-LAYN,CRC.P0413_C000061:28,Clonal
P0413,TTC159-20170413,CD8,CD8_C07-LAYN,CRC.P0413_C000061:28,Clonal
P0413,TTC142-20170413,CD8,CD8_C07-LAYN,CRC.P0413_C000061:28,Clonal
P0413,TTC137-20170413,CD8,CD8_C07-LAYN,CRC.P0413_C000061:28,Clonal
P0413,TTC30-20170413,CD8,CD8_C07-LAYN,CRC.P0413_C000061:28,Clonal
P0413,TTC119-20170413,CD8,CD8_C07-LAYN,CRC.P0413_C000061:28,Clonal
P0413,TTC143-20170413,CD8,CD8_C07-LAYN,CRC.P0413_C000061:28,Clonal
P0413,TTC74-20170413,CD8,CD8_C07-LAYN,CRC.P0413_C000061:28,Clonal
P0413,TTC42-20170413,CD8,CD8_C07-LAYN,CRC.P0413_C000061:28,Clonal
P0413,TTC26-20170413,CD8,CD8_C07-LAYN,CRC.P0413_C000061:28,Clonal
P0413,TTC52-20170413,CD8,CD8_C07-LAYN,CRC.P0413_C000061:28,Clonal
P0413,TTC29-20170413,CD8,CD8_C07-LAYN,CRC.P0413_C000061:28,Clonal
P0413,TTC20-20170413,CD8,CD8_C07-LAYN,CRC.P0413_C000061:28,Clonal
P0413,TTC102-20170413,CD8,CD8_C07-LAYN,CRC.P0413_C000061:28,Clonal
P0413,TTC84-20170413,CD8,CD8_C07-LAYN,CRC.P0413_C000061:28,Clonal
P0413,TTC130-20170413,CD8,CD8_C07-LAYN,CRC.P0413_C000061:28,Clonal
P0413,TTC62-20170413,CD8,CD8_C07-LAYN,CRC.P0413_C000061:28,Clonal
P0413,TTC67-20170413,CD8,CD8_C07-LAYN,CRC.P0413_C000061:28,Clonal
P0413,TTC75-20170413,CD8,CD8_C07-LAYN,CRC.P0413_C000061:28,Clonal
P0413,TTC83-20170413,CD8,CD8_C07-LAYN,CRC.P0413_C000061:28,Clonal
P0413,TTC76-20170413,CD8,CD8_C07-LAYN,CRC.P0413_C000061:28,Clonal
P0413,TTC86-20170413,CD8,CD8_C07-LAYN,CRC.P0413_C000061:28,Clonal
P0413,TTC39-20170413,CD8,CD8_C07-LAYN,CRC.P0413_C000061:28,Clonal
P0413,NTC89-20170413,CD8,CD8_C07-LAYN,CRC.P0413_C000061:28,Clonal
P0413,TTC149-20170413,CD8,CD8_C07-LAYN,CRC.P0413_C000061:28,Clonal
P0413,TTC78-20170413,CD8,CD8_C07-LAYN,CRC.P0413_C000061:28,Clonal
P0413,TTC45-20170413,CD8,CD8_C07-LAYN,CRC.P0413_C000061:28,Clonal
P0413,TTC58-20170413,other,NA,CRC.P0413_C000061:28,Clonal
P0413,PTC162-20170413,CD8,CD8_C03-CX3CR1,CRC.P0413_C000074:17,Clonal
P0413,TTC44-20170413,CD8,CD8_C03-CX3CR1,CRC.P0413_C000074:17,Clonal
P0413,PTC100-20170413,CD8,CD8_C03-CX3CR1,CRC.P0413_C000074:17,Clonal
P0413,PTC128-20170413,CD8,CD8_C03-CX3CR1,CRC.P0413_C000074:17,Clonal
P0413,PTC142-20170413,CD8,CD8_C03-CX3CR1,CRC.P0413_C000074:17,Clonal
P0413,PTC101-20170413,CD8,CD8_C03-CX3CR1,CRC.P0413_C000074:17,Clonal
P0413,PTC177-20170413,CD8,CD8_C03-CX3CR1,CRC.P0413_C000074:17,Clonal
P0413,NTC91-20170413,CD8,CD8_C03-CX3CR1,CRC.P0413_C000074:17,Clonal
P0413,PTC152-20170413,CD8,CD8_C03-CX3CR1,CRC.P0413_C000074:17,Clonal
P0413,PTC181-20170413,CD8,CD8_C03-CX3CR1,CRC.P0413_C000074:17,Clonal
P0413,PTC139-20170413,CD8,CD8_C03-CX3CR1,CRC.P0413_C000074:17,Clonal
P0413,TTC21-20170413,CD8,CD8_C03-CX3CR1,CRC.P0413_C000074:17,Clonal
P0413,PTC161-20170413,CD8,CD8_C03-CX3CR1,CRC.P0413_C000074:17,Clonal
P0413,NTC32-20170413,CD8,CD8_C04-GZMK,CRC.P0413_C000074:17,Clonal
P0413,TTC56-20170413,CD8,CD8_C04-GZMK,CRC.P0413_C000074:17,Clonal
P0413,PTC160-20170413,other,NA,CRC.P0413_C000074:17,Clonal
P0413,PTC135-20170413,other,NA,CRC.P0413_C000074:17,Clonal
P0413,PTC192-20170413,CD8,CD8_C03-CX3CR1,CRC.P0413_C000043:13,Clonal
P0413,PTC130-20170413,CD8,CD8_C03-CX3CR1,CRC.P0413_C000043:13,Clonal
P0413,PTC123-20170413,CD8,CD8_C03-CX3CR1,CRC.P0413_C000043:13,Clonal
P0413,PTC134-20170413,CD8,CD8_C03-CX3CR1,CRC.P0413_C000043:13,Clonal
P0413,PTC147-20170413,CD8,CD8_C03-CX3CR1,CRC.P0413_C000043:13,Clonal
P0413,PTC151-20170413,CD8,CD8_C03-CX3CR1,CRC.P0413_C000043:13,Clonal
P0413,NTC68-20170413,CD8,CD8_C03-CX3CR1,CRC.P0413_C000043:13,Clonal
P0413,TTC68-20170413,CD8,CD8_C04-GZMK,CRC.P0413_C000043:13,Clonal
P0413,TTC43-20170413,CD8,CD8_C04-GZMK,CRC.P0413_C000043:13,Clonal
P0413,NTC61-20170413,CD8,CD8_C04-GZMK,CRC.P0413_C000043:13,Clonal
P0413,NTC84-20170413,CD8,CD8_C04-GZMK,CRC.P0413_C000043:13,Clonal
P0413,NTC38-20170413,CD8,CD8_C04-GZMK,CRC.P0413_C000043:13,Clonal
P0413,TTC117-20170413,CD8,CD8_C07-LAYN,CRC.P0413_C000043:13,Clonal
P0413,TTC24-20170413,CD8,CD8_C07-LAYN,CRC.P0413_C000030:10,Clonal
P0413,TTC16-20170413,CD8,CD8_C07-LAYN,CRC.P0413_C000030:10,Clonal
P0413,TTC5-20170413,CD8,CD8_C07-LAYN,CRC.P0413_C000030:10,Clonal
P0413,TTC129-20170413,CD8,CD8_C07-LAYN,CRC.P0413_C000030:10,Clonal
P0413,TTC77-20170413,CD8,CD8_C07-LAYN,CRC.P0413_C000030:10,Clonal
P0413,TTC15-20170413,CD8,CD8_C07-LAYN,CRC.P0413_C000030:10,Clonal
P0413,TTC85-20170413,CD8,CD8_C07-LAYN,CRC.P0413_C000030:10,Clonal
P0413,TTC14-20170413,CD8,CD8_C07-LAYN,CRC.P0413_C000030:10,Clonal
P0413,TTC88-20170413,CD8,CD8_C07-LAYN,CRC.P0413_C000030:10,Clonal
P0413,TTC124-20170413,CD8,CD8_C07-LAYN,CRC.P0413_C000030:10,Clonal
P0413,NTC64-20170413,CD8,CD8_C06-CD160,CRC.P0413_C000172:10,Clonal
P0413,NTC47-20170413,CD8,CD8_C06-CD160,CRC.P0413_C000172:10,Clonal
P0413,NTC44-20170413,CD8,CD8_C06-CD160,CRC.P0413_C000172:10,Clonal
P0413,NTC80-20170413,CD8,CD8_C06-CD160,CRC.P0413_C000172:10,Clonal
P0413,NTC15-20170413,CD8,CD8_C06-CD160,CRC.P0413_C000172:10,Clonal
P0413,NTC58-20170413,CD8,CD8_C06-CD160,CRC.P0413_C000172:10,Clonal
P0413,NTC24-20170413,CD8,CD8_C06-CD160,CRC.P0413_C000172:10,Clonal
P0413,NTC49-20170413,CD8,CD8_C06-CD160,CRC.P0413_C000172:10,Clonal
P0413,NTC14-20170413,CD8,CD8_C06-CD160,CRC.P0413_C000172:10,Clonal
P0413,NTC12-20170413,other,NA,CRC.P0413_C000172:10,Clonal
P0413,TTC105-20170413,CD8,CD8_C03-CX3CR1,CRC.P0413_C000008:8,Clonal
P0413,PTC172-20170413,CD8,CD8_C03-CX3CR1,CRC.P0413_C000008:8,Clonal
P0413,PTC170-20170413,CD8,CD8_C03-CX3CR1,CRC.P0413_C000008:8,Clonal
P0413,PTC184-20170413,CD8,CD8_C03-CX3CR1,CRC.P0413_C000008:8,Clonal
P0413,PTC180-20170413,CD8,CD8_C03-CX3CR1,CRC.P0413_C000008:8,Clonal
P0413,PTC182-20170413,CD8,CD8_C03-CX3CR1,CRC.P0413_C000008:8,Clonal
P0413,TTC115-20170413,CD8,CD8_C03-CX3CR1,CRC.P0413_C000008:8,Clonal
P0413,PTC189-20170413,CD8,CD8_C03-CX3CR1,CRC.P0413_C000008:8,Clonal
P0413,TTC131-20170413,CD8,CD8_C07-LAYN,CRC.P0413_C000037:8,Clonal
P0413,TTC70-20170413,CD8,CD8_C07-LAYN,CRC.P0413_C000037:8,Clonal
P0413,TTC141-20170413,CD8,CD8_C07-LAYN,CRC.P0413_C000037:8,Clonal
P0413,TTC111-20170413,CD8,CD8_C07-LAYN,CRC.P0413_C000037:8,Clonal
P0413,TTC107-20170413,CD8,CD8_C07-LAYN,CRC.P0413_C000037:8,Clonal
P0413,TTC99-20170413,CD8,CD8_C07-LAYN,CRC.P0413_C000037:8,Clonal
P0413,TTC94-20170413,CD8,CD8_C07-LAYN,CRC.P0413_C000037:8,Clonal
P0413,TTC19-20170413,other,NA,CRC.P0413_C000037:8,Clonal
P0413,PTC155-20170413,CD8,CD8_C03-CX3CR1,CRC.P0413_C000011:7,Clonal
P0413,PTC150-20170413,CD8,CD8_C03-CX3CR1,CRC.P0413_C000011:7,Clonal
P0413,PTC105-20170413,CD8,CD8_C03-CX3CR1,CRC.P0413_C000011:7,Clonal
P0413,NTC66-20170413,CD8,CD8_C04-GZMK,CRC.P0413_C000011:7,Clonal
P0413,TTC133-20170413,CD8,CD8_C04-GZMK,CRC.P0413_C000011:7,Clonal
P0413,TTC101-20170413,CD8,CD8_C07-LAYN,CRC.P0413_C000011:7,Clonal
P0413,TTC63-20170413,CD8,CD8_C07-LAYN,CRC.P0413_C000011:7,Clonal
P0413,TTH137-20170413,CD4,CD4_C12-CTLA4,CRC.P0413_C000053:7,Clonal
P0413,TTR105-20170413,CD4,CD4_C12-CTLA4,CRC.P0413_C000053:7,Clonal
P0413,TTR143-20170413,CD4,CD4_C12-CTLA4,CRC.P0413_C000053:7,Clonal
P0413,TTR51-20170413,CD4,CD4_C12-CTLA4,CRC.P0413_C000053:7,Clonal
P0413,TTR54-20170413,CD4,CD4_C12-CTLA4,CRC.P0413_C000053:7,Clonal
P0413,TTR150-20170413,CD4,CD4_C12-CTLA4,CRC.P0413_C000053:7,Clonal
P0413,TTR83-20170413,other,NA,CRC.P0413_C000053:7,Clonal
P0413,NTH21-20170413,CD4,CD4_C03-GNLY,CRC.P0413_C000036:6,Clonal
P0413,PTH50-20170413,CD4,CD4_C03-GNLY,CRC.P0413_C000036:6,Clonal
P0413,NTH44-20170413,CD4,CD4_C05-CXCR6,CRC.P0413_C000036:6,Clonal
P0413,PTH63-20170413,DN,NA,CRC.P0413_C000036:6,Clonal
P0413,PTH24-20170413,other,NA,CRC.P0413_C000036:6,Clonal
P0413,TTH139-20170413,DN,NA,CRC.P0413_C000036:6,Clonal
P0413,TTH7-20170413,CD4,CD4_C09-CXCL13,CRC.P0413_C000007:5,Clonal
P0413,TTR43-20170413,CD4,CD4_C09-CXCL13,CRC.P0413_C000007:5,Clonal
P0413,TTR70-20170413,CD4,CD4_C09-CXCL13,CRC.P0413_C000007:5,Clonal
P0413,TTH77-20170413,DN,NA,CRC.P0413_C000007:5,Clonal
P0413,TTH80-20170413,DN,NA,CRC.P0413_C000007:5,Clonal
P0413,NTC22-20170413,CD8,CD8_C06-CD160,CRC.P0413_C000031:5,Clonal
P0413,NTC1-20170413,CD8,CD8_C06-CD160,CRC.P0413_C000031:5,Clonal
P0413,NTC42-20170413,CD8,CD8_C06-CD160,CRC.P0413_C000031:5,Clonal
P0413,NTC88-20170413,CD8,CD8_C06-CD160,CRC.P0413_C000031:5,Clonal
P0413,NTC76-20170413,CD8,CD8_C06-CD160,CRC.P0413_C000031:5,Clonal
P0413,NTC4-20170413,CD8,CD8_C05-CD6,CRC.P0413_C000035:5,Clonal
P0413,NTC46-20170413,CD8,CD8_C05-CD6,CRC.P0413_C000035:5,Clonal
P0413,NTC41-20170413,CD8,CD8_C05-CD6,CRC.P0413_C000035:5,Clonal
P0413,NTC79-20170413,CD8,CD8_C05-CD6,CRC.P0413_C000035:5,Clonal
P0413,NTC55-20170413,CD8,CD8_C05-CD6,CRC.P0413_C000035:5,Clonal
P0413,PTC144-20170413,CD8,CD8_C03-CX3CR1,CRC.P0413_C000110:5,Clonal
P0413,PTC107-20170413,CD8,CD8_C03-CX3CR1,CRC.P0413_C000110:5,Clonal
P0413,PTC141-20170413,CD8,CD8_C03-CX3CR1,CRC.P0413_C000110:5,Clonal
P0413,NTC16-20170413,CD8,CD8_C07-LAYN,CRC.P0413_C000110:5,Clonal
P0413,TTC36-20170413,CD8,CD8_C07-LAYN,CRC.P0413_C000110:5,Clonal
P0413,TTH114-20170413,CD4,CD4_C09-CXCL13,CRC.P0413_C000179:5,Clonal
P0413,TTH76-20170413,CD4,CD4_C09-CXCL13,CRC.P0413_C000179:5,Clonal
P0413,NTH2-20170413,CD4,CD4_C09-CXCL13,CRC.P0413_C000179:5,Clonal
P0413,TTH71-20170413,other,NA,CRC.P0413_C000179:5,Clonal
P0413,TTH33-20170413,DN,NA,CRC.P0413_C000179:5,Clonal
P0413,PTH1-20170413,CD4,CD4_C03-GNLY,CRC.P0413_C000046:4,Clonal
P0413,TTH125-20170413,CD4,CD4_C03-GNLY,CRC.P0413_C000046:4,Clonal
P0413,TTH21-20170413,CD4,CD4_C03-GNLY,CRC.P0413_C000046:4,Clonal
P0413,TTH78-20170413,DN,NA,CRC.P0413_C000046:4,Clonal
P0413,TTR115-20170413,CD4,CD4_C12-CTLA4,CRC.P0413_C000006:3,Clonal
P0413,TTR134-20170413,CD4,CD4_C12-CTLA4,CRC.P0413_C000006:3,Clonal
P0413,TTR37-20170413,CD4,CD4_C12-CTLA4,CRC.P0413_C000006:3,Clonal
P0413,TTR113-20170413,CD4,CD4_C12-CTLA4,CRC.P0413_C000021:3,Clonal
P0413,TTR80-20170413,CD4,CD4_C12-CTLA4,CRC.P0413_C000021:3,Clonal
P0413,PTR91-20170413,other,NA,CRC.P0413_C000021:3,Clonal
P0413,PTC109-20170413,CD8,CD8_C03-CX3CR1,CRC.P0413_C000028:3,Clonal
P0413,PTC120-20170413,CD8,CD8_C03-CX3CR1,CRC.P0413_C000028:3,Clonal
P0413,PTC131-20170413,CD8,CD8_C03-CX3CR1,CRC.P0413_C000028:3,Clonal
P0413,PTC173-20170413,CD8,CD8_C03-CX3CR1,CRC.P0413_C000073:3,Clonal
P0413,PTC113-20170413,CD8,CD8_C03-CX3CR1,CRC.P0413_C000073:3,Clonal
P0413,NTC27-20170413,CD8,CD8_C03-CX3CR1,CRC.P0413_C000073:3,Clonal
P0413,TTR107-20170413,CD4,CD4_C12-CTLA4,CRC.P0413_C000099:3,Clonal
P0413,TTR42-20170413,CD4,CD4_C12-CTLA4,CRC.P0413_C000099:3,Clonal
P0413,TTR76-20170413,CD4,CD4_C12-CTLA4,CRC.P0413_C000099:3,Clonal
P0413,TTR130-20170413,CD4,CD4_C12-CTLA4,CRC.P0413_C000106:3,Clonal
P0413,TTR36-20170413,CD4,CD4_C12-CTLA4,CRC.P0413_C000106:3,Clonal
P0413,TTR56-20170413,CD4,CD4_C12-CTLA4,CRC.P0413_C000106:3,Clonal
P0413,TTR22-20170413,CD4,CD4_C12-CTLA4,CRC.P0413_C000122:3,Clonal
P0413,TTR53-20170413,CD4,CD4_C12-CTLA4,CRC.P0413_C000122:3,Clonal
P0413,TTR21-20170413,CD4,CD4_C12-CTLA4,CRC.P0413_C000122:3,Clonal
P0413,TTR94-20170413,CD4,CD4_C12-CTLA4,CRC.P0413_C000141:3,Clonal
P0413,TTR59-20170413,CD4,CD4_C12-CTLA4,CRC.P0413_C000141:3,Clonal
P0413,TTR5-20170413,DN,NA,CRC.P0413_C000141:3,Clonal
P0413,TTH61-20170413,CD4,CD4_C09-CXCL13,CRC.P0413_C000221:3,Clonal
P0413,TTH6-20170413,CD4,CD4_C09-CXCL13,CRC.P0413_C000221:3,Clonal
P0413,TTH65-20170413,CD4,CD4_C09-CXCL13,CRC.P0413_C000221:3,Clonal
P0413,NTC51-20170413,CD8,CD8_C04-GZMK,CRC.P0413_C000223:3,Clonal
P0413,TTC40-20170413,CD8,CD8_C06-CD160,CRC.P0413_C000223:3,Clonal
P0413,TTC150-20170413,CD8,CD8_C07-LAYN,CRC.P0413_C000223:3,Clonal
P0413,TTR44-20170413,CD4,CD4_C12-CTLA4,CRC.P0413_C000242:3,Clonal
P0413,TTR153-20170413,CD4,CD4_C12-CTLA4,CRC.P0413_C000242:3,Clonal
P0413,TTH1-20170413,CD4,CD4_C12-CTLA4,CRC.P0413_C000242:3,Clonal
P0413,TTR120-20170413,CD4,CD4_C12-CTLA4,CRC.P0413_C000308:3,Clonal
P0413,TTR45-20170413,CD4,CD4_C12-CTLA4,CRC.P0413_C000308:3,Clonal
P0413,TTR110-20170413,CD4,CD4_C12-CTLA4,CRC.P0413_C000308:3,Clonal
P0413,TTR60-20170413,CD4,CD4_C12-CTLA4,CRC.P0413_C000310:3,Clonal
P0413,TTR72-20170413,CD4,CD4_C12-CTLA4,CRC.P0413_C000310:3,Clonal
P0413,TTR3-20170413,CD4,CD4_C12-CTLA4,CRC.P0413_C000310:3,Clonal
P0413,TTR47-20170413,CD4,CD4_C12-CTLA4,CRC.P0413_C000372:3,Clonal
P0413,TTR32-20170413,CD4,CD4_C12-CTLA4,CRC.P0413_C000372:3,Clonal
P0413,TTR97-20170413,other,NA,CRC.P0413_C000372:3,Clonal
P0413,TTC118-20170413,CD8,CD8_C04-GZMK,CRC.P0413_C000400:3,Clonal
P0413,NTC18-20170413,CD8,CD8_C04-GZMK,CRC.P0413_C000400:3,Clonal
P0413,TTC122-20170413,CD8,CD8_C07-LAYN,CRC.P0413_C000400:3,Clonal
P0413,PTR45-20170413,CD4,CD4_C10-FOXP3,CRC.P0413_C000002:2,Clonal
P0413,TTR106-20170413,CD4,CD4_C12-CTLA4,CRC.P0413_C000002:2,Clonal
P0413,NTC82-20170413,CD8,CD8_C05-CD6,CRC.P0413_C000023:2,Clonal
P0413,NTC56-20170413,CD8,CD8_C05-CD6,CRC.P0413_C000023:2,Clonal
P0413,TTH47-20170413,CD4,CD4_C09-CXCL13,CRC.P0413_C000040:2,Clonal
P0413,TTH50-20170413,CD4,CD4_C09-CXCL13,CRC.P0413_C000040:2,Clonal
P0413,TTH75-20170413,CD4,CD4_C09-CXCL13,CRC.P0413_C000067:2,Clonal
P0413,TTH96-20170413,CD4,CD4_C09-CXCL13,CRC.P0413_C000067:2,Clonal
P0413,TTR138-20170413,CD4,CD4_C12-CTLA4,CRC.P0413_C000092:2,Clonal
P0413,TTR127-20170413,CD4,CD4_C12-CTLA4,CRC.P0413_C000092:2,Clonal
P0413,TTR101-20170413,CD4,CD4_C12-CTLA4,CRC.P0413_C000098:2,Clonal
P0413,TTR91-20170413,DN,NA,CRC.P0413_C000098:2,Clonal
P0413,TTR124-20170413,CD4,CD4_C12-CTLA4,CRC.P0413_C000151:2,Clonal
P0413,TTR131-20170413,CD4,CD4_C12-CTLA4,CRC.P0413_C000151:2,Clonal
P0413,TTR148-20170413,CD4,CD4_C12-CTLA4,CRC.P0413_C000155:2,Clonal
P0413,TTR100-20170413,other,NA,CRC.P0413_C000155:2,Clonal
P0413,TTR137-20170413,CD4,CD4_C12-CTLA4,CRC.P0413_C000161:2,Clonal
P0413,TTR19-20170413,CD4,CD4_C12-CTLA4,CRC.P0413_C000161:2,Clonal
P0413,TTH97-20170413,CD4,CD4_C09-CXCL13,CRC.P0413_C000169:2,Clonal
P0413,TTH130-20170413,CD4,CD4_C09-CXCL13,CRC.P0413_C000169:2,Clonal
P0413,TTR132-20170413,CD4,CD4_C12-CTLA4,CRC.P0413_C000187:2,Clonal
P0413,TTR58-20170413,CD4,CD4_C12-CTLA4,CRC.P0413_C000187:2,Clonal
P0413,TTH79-20170413,CD4,CD4_C09-CXCL13,CRC.P0413_C000191:2,Clonal
P0413,TTH30-20170413,CD4,CD4_C09-CXCL13,CRC.P0413_C000191:2,Clonal
P0413,PTC133-20170413,CD8,CD8_C03-CX3CR1,CRC.P0413_C000192:2,Clonal
P0413,NTC72-20170413,CD8,CD8_C03-CX3CR1,CRC.P0413_C000192:2,Clonal
P0413,PTC148-20170413,CD8,CD8_C02-GPR183,CRC.P0413_C000193:2,Clonal
P0413,PTC168-20170413,CD8,CD8_C03-CX3CR1,CRC.P0413_C000193:2,Clonal
P0413,TTR95-20170413,CD4,CD4_C12-CTLA4,CRC.P0413_C000197:2,Clonal
P0413,TTR6-20170413,CD4,CD4_C12-CTLA4,CRC.P0413_C000197:2,Clonal
P0413,TTR147-20170413,CD4,CD4_C12-CTLA4,CRC.P0413_C000199:2,Clonal
P0413,TTR25-20170413,CD4,CD4_C12-CTLA4,CRC.P0413_C000199:2,Clonal
P0413,PTC158-20170413,CD8,CD8_C03-CX3CR1,CRC.P0413_C000214:2,Clonal
P0413,NTC5-20170413,CD8,CD8_C04-GZMK,CRC.P0413_C000214:2,Clonal
P0413,TTC144-20170413,CD8,CD8_C07-LAYN,CRC.P0413_C000231:2,Clonal
P0413,TTC152-20170413,CD8,CD8_C07-LAYN,CRC.P0413_C000231:2,Clonal
P0413,TTR125-20170413,CD4,CD4_C09-CXCL13,CRC.P0413_C000252:2,Clonal
P0413,TTH142-20170413,DN,NA,CRC.P0413_C000252:2,Clonal
P0413,TTH29-20170413,other,NA,CRC.P0413_C000262:2,Clonal
P0413,TTH87-20170413,other,NA,CRC.P0413_C000262:2,Clonal
P0413,PTR65-20170413,CD4,CD4_C10-FOXP3,CRC.P0413_C000285:2,Clonal
P0413,PTR6-20170413,CD4,CD4_C10-FOXP3,CRC.P0413_C000285:2,Clonal
P0413,TTH120-20170413,CD4,CD4_C09-CXCL13,CRC.P0413_C000292:2,Clonal
P0413,TTH134-20170413,CD4,CD4_C09-CXCL13,CRC.P0413_C000292:2,Clonal
P0413,TTR64-20170413,CD4,CD4_C12-CTLA4,CRC.P0413_C000300:2,Clonal
P0413,TTH22-20170413,DN,NA,CRC.P0413_C000300:2,Clonal
P0413,PTR54-20170413,CD4,CD4_C10-FOXP3,CRC.P0413_C000370:2,Clonal
P0413,PTR55-20170413,CD4,CD4_C10-FOXP3,CRC.P0413_C000370:2,Clonal
P0413,TTR77-20170413,CD4,CD4_C12-CTLA4,CRC.P0413_C000386:2,Clonal
P0413,TTR144-20170413,CD4,CD4_C12-CTLA4,CRC.P0413_C000386:2,Clonal
P0413,TTR109-20170413,CD4,CD4_C12-CTLA4,CRC.P0413_C000486:2,Clonal
P0413,TTR79-20170413,CD4,CD4_C12-CTLA4,CRC.P0413_C000486:2,Clonal
P0413,NTH92-20170413,CD4,CD4_C04-TCF7,CRC.P0413_C000001:1,NoClonal
P0413,TTH133-20170413,CD4,CD4_C12-CTLA4,CRC.P0413_C000003:1,NoClonal
P0413,TTR68-20170413,CD4,CD4_C12-CTLA4,CRC.P0413_C000004:1,NoClonal
P0413,PTH35-20170413,CD4,CD4_C01-CCR7,CRC.P0413_C000005:1,NoClonal
P0413,TTH83-20170413,CD4,CD4_C05-CXCR6,CRC.P0413_C000009:1,NoClonal
P0413,NTH14-20170413,CD4,CD4_C05-CXCR6,CRC.P0413_C000010:1,NoClonal
P0413,NTH66-20170413,other,NA,CRC.P0413_C000012:1,NoClonal
P0413,PTC169-20170413,CD8,CD8_C02-GPR183,CRC.P0413_C000013:1,NoClonal
P0413,NTC3-20170413,CD8,CD8_C06-CD160,CRC.P0413_C000014:1,NoClonal
P0413,PTH66-20170413,CD4,CD4_C01-CCR7,CRC.P0413_C000015:1,NoClonal
P0413,PTR63-20170413,CD4,CD4_C10-FOXP3,CRC.P0413_C000016:1,NoClonal
P0413,PTR48-20170413,CD4,CD4_C10-FOXP3,CRC.P0413_C000017:1,NoClonal
P0413,TTR78-20170413,CD4,CD4_C12-CTLA4,CRC.P0413_C000018:1,NoClonal
P0413,TTR114-20170413,CD4,CD4_C12-CTLA4,CRC.P0413_C000019:1,NoClonal
P0413,TTR152-20170413,CD4,CD4_C12-CTLA4,CRC.P0413_C000020:1,NoClonal
P0413,TTH119-20170413,CD4,CD4_C09-CXCL13,CRC.P0413_C000022:1,NoClonal
P0413,TTR116-20170413,CD4,CD4_C12-CTLA4,CRC.P0413_C000024:1,NoClonal
P0413,TTR71-20170413,CD4,CD4_C12-CTLA4,CRC.P0413_C000025:1,NoClonal
P0413,PTR67-20170413,CD4,CD4_C10-FOXP3,CRC.P0413_C000026:1,NoClonal
P0413,PTC132-20170413,CD8,CD8_C03-CX3CR1,CRC.P0413_C000029:1,NoClonal
P0413,TTH24-20170413,DN,NA,CRC.P0413_C000033:1,NoClonal
P0413,TTH124-20170413,CD4,CD4_C09-CXCL13,CRC.P0413_C000034:1,NoClonal
P0413,PTR1-20170413,other,NA,CRC.P0413_C000038:1,NoClonal
P0413,PTH62-20170413,DN,NA,CRC.P0413_C000039:1,NoClonal
P0413,TTH51-20170413,CD4,CD4_C05-CXCR6,CRC.P0413_C000041:1,NoClonal
P0413,TTH19-20170413,CD4,CD4_C05-CXCR6,CRC.P0413_C000042:1,NoClonal
P0413,PTH16-20170413,other,NA,CRC.P0413_C000047:1,NoClonal
P0413,PTC167-20170413,CD8,CD8_C02-GPR183,CRC.P0413_C000048:1,NoClonal
P0413,TTH59-20170413,CD4,CD4_C08-IL23R,CRC.P0413_C000049:1,NoClonal
P0413,TTH48-20170413,CD4,CD4_C09-CXCL13,CRC.P0413_C000051:1,NoClonal
P0413,NTH53-20170413,DN,NA,CRC.P0413_C000052:1,NoClonal
P0413,TTH64-20170413,CD4,CD4_C09-CXCL13,CRC.P0413_C000054:1,NoClonal
P0413,PTR43-20170413,CD4,CD4_C10-FOXP3,CRC.P0413_C000056:1,NoClonal
P0413,TTR69-20170413,CD4,CD4_C12-CTLA4,CRC.P0413_C000057:1,NoClonal
P0413,PTH44-20170413,CD4,CD4_C01-CCR7,CRC.P0413_C000058:1,NoClonal
P0413,TTH98-20170413,CD4,CD4_C09-CXCL13,CRC.P0413_C000059:1,NoClonal
P0413,TTH9-20170413,DN,NA,CRC.P0413_C000060:1,NoClonal
P0413,PTR3-20170413,CD4,CD4_C10-FOXP3,CRC.P0413_C000062:1,NoClonal
P0413,PTC183-20170413,CD8,CD8_C08-SLC4A10,CRC.P0413_C000063:1,NoClonal
P0413,TTH8-20170413,CD4,CD4_C05-CXCR6,CRC.P0413_C000064:1,NoClonal
P0413,PTH69-20170413,CD4,CD4_C01-CCR7,CRC.P0413_C000065:1,NoClonal
P0413,PTH59-20170413,CD4,CD4_C01-CCR7,CRC.P0413_C000066:1,NoClonal
P0413,PTR44-20170413,CD4,CD4_C10-FOXP3,CRC.P0413_C000068:1,NoClonal
P0413,PTH85-20170413,CD4,CD4_C01-CCR7,CRC.P0413_C000069:1,NoClonal
P0413,PTR56-20170413,CD4,CD4_C02-ANXA1,CRC.P0413_C000070:1,NoClonal
P0413,PTH22-20170413,CD4,CD4_C01-CCR7,CRC.P0413_C000071:1,NoClonal
P0413,TTR126-20170413,CD4,CD4_C12-CTLA4,CRC.P0413_C000072:1,NoClonal
P0413,TTC59-20170413,CD8,CD8_C07-LAYN,CRC.P0413_C000076:1,NoClonal
P0413,TTH16-20170413,other,NA,CRC.P0413_C000077:1,NoClonal
P0413,PTR23-20170413,CD4,CD4_C10-FOXP3,CRC.P0413_C000078:1,NoClonal
P0413,NTH5-20170413,CD4,CD4_C08-IL23R,CRC.P0413_C000079:1,NoClonal
P0413,TTH93-20170413,DN,NA,CRC.P0413_C000080:1,NoClonal
P0413,PTR53-20170413,CD4,CD4_C10-FOXP3,CRC.P0413_C000081:1,NoClonal
P0413,NTC57-20170413,CD8,CD8_C05-CD6,CRC.P0413_C000082:1,NoClonal
P0413,NTH76-20170413,DN,NA,CRC.P0413_C000083:1,NoClonal
P0413,NTH8-20170413,DN,NA,CRC.P0413_C000084:1,NoClonal
P0413,PTR50-20170413,CD4,NA,CRC.P0413_C000085:1,NoClonal
P0413,PTH47-20170413,DN,NA,CRC.P0413_C000086:1,NoClonal
P0413,NTH49-20170413,other,NA,CRC.P0413_C000088:1,NoClonal
P0413,TTR90-20170413,CD4,CD4_C12-CTLA4,CRC.P0413_C000089:1,NoClonal
P0413,TTH58-20170413,DN,NA,CRC.P0413_C000090:1,NoClonal
P0413,PTR16-20170413,CD4,CD4_C02-ANXA1,CRC.P0413_C000091:1,NoClonal
P0413,PTR11-20170413,CD4,CD4_C10-FOXP3,CRC.P0413_C000093:1,NoClonal
P0413,NTH15-20170413,CD4,CD4_C05-CXCR6,CRC.P0413_C000094:1,NoClonal
P0413,TTR122-20170413,CD4,CD4_C12-CTLA4,CRC.P0413_C000095:1,NoClonal
P0413,PTR94-20170413,DN,NA,CRC.P0413_C000096:1,NoClonal
P0413,NTC30-20170413,CD8,CD8_C04-GZMK,CRC.P0413_C000097:1,NoClonal
P0413,PTH83-20170413,CD4,CD4_C01-CCR7,CRC.P0413_C000100:1,NoClonal
P0413,PTH78-20170413,CD4,CD4_C01-CCR7,CRC.P0413_C000101:1,NoClonal
P0413,PTH15-20170413,DN,NA,CRC.P0413_C000103:1,NoClonal
P0413,PTR2-20170413,CD4,CD4_C10-FOXP3,CRC.P0413_C000104:1,NoClonal
P0413,PTC185-20170413,other,NA,CRC.P0413_C000105:1,NoClonal
P0413,PTR25-20170413,CD4,CD4_C10-FOXP3,CRC.P0413_C000107:1,NoClonal
P0413,PTC114-20170413,CD8,CD8_C02-GPR183,CRC.P0413_C000108:1,NoClonal
P0413,PTC187-20170413,CD8,CD8_C03-CX3CR1,CRC.P0413_C000111:1,NoClonal
P0413,NTH37-20170413,CD4,CD4_C05-CXCR6,CRC.P0413_C000112:1,NoClonal
P0413,TTH99-20170413,CD4,CD4_C10-FOXP3,CRC.P0413_C000113:1,NoClonal
P0413,NTH96-20170413,other,NA,CRC.P0413_C000114:1,NoClonal
P0413,NTH93-20170413,CD4,CD4_C06-CXCR5,CRC.P0413_C000116:1,NoClonal
P0413,TTH56-20170413,DN,NA,CRC.P0413_C000117:1,NoClonal
P0413,TTR108-20170413,CD4,CD4_C12-CTLA4,CRC.P0413_C000120:1,NoClonal
P0413,TTH106-20170413,CD4,CD4_C09-CXCL13,CRC.P0413_C000121:1,NoClonal
P0413,NTH56-20170413,CD4,CD4_C05-CXCR6,CRC.P0413_C000123:1,NoClonal
P0413,PTR75-20170413,CD4,CD4_C10-FOXP3,CRC.P0413_C000124:1,NoClonal
P0413,PTR22-20170413,CD4,CD4_C10-FOXP3,CRC.P0413_C000125:1,NoClonal
P0413,TTH18-20170413,CD4,CD4_C12-CTLA4,CRC.P0413_C000126:1,NoClonal
P0413,NTH16-20170413,CD4,CD4_C05-CXCR6,CRC.P0413_C000127:1,NoClonal
P0413,PTH51-20170413,other,NA,CRC.P0413_C000128:1,NoClonal
P0413,PTR26-20170413,CD4,CD4_C02-ANXA1,CRC.P0413_C000129:1,NoClonal
P0413,PTR33-20170413,CD4,CD4_C02-ANXA1,CRC.P0413_C000130:1,NoClonal
P0413,PTR60-20170413,CD4,CD4_C01-CCR7,CRC.P0413_C000131:1,NoClonal
P0413,NTH60-20170413,other,NA,CRC.P0413_C000132:1,NoClonal
P0413,NTH41-20170413,DN,NA,CRC.P0413_C000133:1,NoClonal
P0413,PTH23-20170413,DN,NA,CRC.P0413_C000134:1,NoClonal
P0413,TTH123-20170413,CD4,CD4_C05-CXCR6,CRC.P0413_C000136:1,NoClonal
P0413,NTC9-20170413,CD8,CD8_C05-CD6,CRC.P0413_C000137:1,NoClonal
P0413,NTC36-20170413,CD8,CD8_C04-GZMK,CRC.P0413_C000138:1,NoClonal
P0413,TTC92-20170413,CD8,CD8_C07-LAYN,CRC.P0413_C000139:1,NoClonal
P0413,PTH94-20170413,CD4,CD4_C01-CCR7,CRC.P0413_C000140:1,NoClonal
P0413,TTH131-20170413,CD4,CD4_C04-TCF7,CRC.P0413_C000142:1,NoClonal
P0413,TTH42-20170413,CD4,CD4_C09-CXCL13,CRC.P0413_C000143:1,NoClonal
P0413,NTH72-20170413,CD4,CD4_C05-CXCR6,CRC.P0413_C000144:1,NoClonal
P0413,NTH23-20170413,CD4,CD4_C06-CXCR5,CRC.P0413_C000145:1,NoClonal
P0413,PTR4-20170413,DN,NA,CRC.P0413_C000146:1,NoClonal
P0413,TTH141-20170413,CD4,CD4_C05-CXCR6,CRC.P0413_C000147:1,NoClonal
P0413,PTC117-20170413,CD8,CD8_C08-SLC4A10,CRC.P0413_C000148:1,NoClonal
P0413,PTH65-20170413,DN,NA,CRC.P0413_C000149:1,NoClonal
P0413,NTH18-20170413,DN,NA,CRC.P0413_C000150:1,NoClonal
P0413,NTC67-20170413,CD8,CD8_C05-CD6,CRC.P0413_C000152:1,NoClonal
P0413,NTH73-20170413,CD4,CD4_C05-CXCR6,CRC.P0413_C000154:1,NoClonal
P0413,NTH42-20170413,CD4,CD4_C05-CXCR6,CRC.P0413_C000156:1,NoClonal
P0413,PTR17-20170413,CD4,CD4_C10-FOXP3,CRC.P0413_C000157:1,NoClonal
P0413,TTH103-20170413,CD4,CD4_C05-CXCR6,CRC.P0413_C000158:1,NoClonal
P0413,TTC96-20170413,CD8,CD8_C07-LAYN,CRC.P0413_C000159:1,NoClonal
P0413,TTC28-20170413,CD8,CD8_C07-LAYN,CRC.P0413_C000160:1,NoClonal
P0413,TTH135-20170413,CD4,CD4_C09-CXCL13,CRC.P0413_C000162:1,NoClonal
P0413,PTR68-20170413,CD4,CD4_C10-FOXP3,CRC.P0413_C000163:1,NoClonal
P0413,TTR31-20170413,CD4,CD4_C12-CTLA4,CRC.P0413_C000164:1,NoClonal
P0413,TTR151-20170413,CD4,CD4_C12-CTLA4,CRC.P0413_C000166:1,NoClonal
P0413,TTR57-20170413,CD4,CD4_C12-CTLA4,CRC.P0413_C000167:1,NoClonal
P0413,PTC176-20170413,CD8,CD8_C02-GPR183,CRC.P0413_C000168:1,NoClonal
P0413,PTH76-20170413,CD4,CD4_C02-ANXA1,CRC.P0413_C000171:1,NoClonal
P0413,TTC35-20170413,CD8,CD8_C07-LAYN,CRC.P0413_C000174:1,NoClonal
P0413,NTC39-20170413,CD8,CD8_C04-GZMK,CRC.P0413_C000175:1,NoClonal
P0413,NTH78-20170413,CD4,CD4_C05-CXCR6,CRC.P0413_C000176:1,NoClonal
P0413,PTH34-20170413,other,NA,CRC.P0413_C000177:1,NoClonal
P0413,NTC45-20170413,CD8,CD8_C05-CD6,CRC.P0413_C000178:1,NoClonal
P0413,TTR23-20170413,CD4,CD4_C09-CXCL13,CRC.P0413_C000181:1,NoClonal
P0413,PTR66-20170413,DN,NA,CRC.P0413_C000182:1,NoClonal
P0413,PTC127-20170413,CD8,CD8_C03-CX3CR1,CRC.P0413_C000183:1,NoClonal
P0413,PTR28-20170413,CD4,CD4_C01-CCR7,CRC.P0413_C000184:1,NoClonal
P0413,NTH1-20170413,CD4,CD4_C05-CXCR6,CRC.P0413_C000185:1,NoClonal
P0413,PTR52-20170413,CD4,CD4_C10-FOXP3,CRC.P0413_C000186:1,NoClonal
P0413,PTH48-20170413,CD4,CD4_C01-CCR7,CRC.P0413_C000188:1,NoClonal
P0413,PTH80-20170413,DN,NA,CRC.P0413_C000189:1,NoClonal
P0413,TTH104-20170413,DN,NA,CRC.P0413_C000190:1,NoClonal
P0413,TTR103-20170413,CD4,CD4_C12-CTLA4,CRC.P0413_C000194:1,NoClonal
P0413,PTC143-20170413,CD8,CD8_C03-CX3CR1,CRC.P0413_C000195:1,NoClonal
P0413,NTC31-20170413,CD8,CD8_C05-CD6,CRC.P0413_C000196:1,NoClonal
P0413,TTH84-20170413,DN,NA,CRC.P0413_C000198:1,NoClonal
P0413,PTH26-20170413,CD4,CD4_C01-CCR7,CRC.P0413_C000200:1,NoClonal
P0413,PTR69-20170413,CD4,CD4_C10-FOXP3,CRC.P0413_C000201:1,NoClonal
P0413,PTR70-20170413,CD4,CD4_C02-ANXA1,CRC.P0413_C000202:1,NoClonal
P0413,TTH49-20170413,CD4,CD4_C09-CXCL13,CRC.P0413_C000203:1,NoClonal
P0413,TTH94-20170413,other,NA,CRC.P0413_C000204:1,NoClonal
P0413,PTC108-20170413,CD8,CD8_C02-GPR183,CRC.P0413_C000205:1,NoClonal
P0413,PTH74-20170413,CD4,CD4_C01-CCR7,CRC.P0413_C000206:1,NoClonal
P0413,PTC129-20170413,other,NA,CRC.P0413_C000207:1,NoClonal
P0413,PTH38-20170413,CD4,CD4_C01-CCR7,CRC.P0413_C000208:1,NoClonal
P0413,NTH24-20170413,CD4,CD4_C05-CXCR6,CRC.P0413_C000209:1,NoClonal
P0413,PTC137-20170413,CD8,CD8_C03-CX3CR1,CRC.P0413_C000211:1,NoClonal
P0413,PTR5-20170413,other,NA,CRC.P0413_C000212:1,NoClonal
P0413,PTC188-20170413,CD8,CD8_C02-GPR183,CRC.P0413_C000213:1,NoClonal
P0413,PTH49-20170413,DN,NA,CRC.P0413_C000215:1,NoClonal
P0413,NTH57-20170413,CD4,CD4_C05-CXCR6,CRC.P0413_C000216:1,NoClonal
P0413,TTH73-20170413,CD4,CD4_C12-CTLA4,CRC.P0413_C000218:1,NoClonal
P0413,TTC4-20170413,CD8,CD8_C07-LAYN,CRC.P0413_C000219:1,NoClonal
P0413,TTH13-20170413,CD4,CD4_C06-CXCR5,CRC.P0413_C000220:1,NoClonal
P0413,PTR74-20170413,other,NA,CRC.P0413_C000222:1,NoClonal
P0413,PTC115-20170413,CD8,CD8_C03-CX3CR1,CRC.P0413_C000224:1,NoClonal
P0413,TTR142-20170413,other,NA,CRC.P0413_C000225:1,NoClonal
P0413,PTR30-20170413,DN,NA,CRC.P0413_C000226:1,NoClonal
P0413,TTR88-20170413,CD4,CD4_C12-CTLA4,CRC.P0413_C000227:1,NoClonal
P0413,PTC191-20170413,CD8,CD8_C03-CX3CR1,CRC.P0413_C000228:1,NoClonal
P0413,PTR62-20170413,CD4,CD4_C01-CCR7,CRC.P0413_C000229:1,NoClonal
P0413,TTH14-20170413,CD4,CD4_C10-FOXP3,CRC.P0413_C000230:1,NoClonal
P0413,TTC153-20170413,CD8,CD8_C04-GZMK,CRC.P0413_C000232:1,NoClonal
P0413,NTH84-20170413,CD4,CD4_C04-TCF7,CRC.P0413_C000233:1,NoClonal
P0413,PTC116-20170413,CD8,CD8_C02-GPR183,CRC.P0413_C000234:1,NoClonal
P0413,PTH5-20170413,CD4,CD4_C10-FOXP3,CRC.P0413_C000235:1,NoClonal
P0413,TTH40-20170413,CD4,CD4_C05-CXCR6,CRC.P0413_C000236:1,NoClonal
P0413,PTR38-20170413,CD4,CD4_C10-FOXP3,CRC.P0413_C000237:1,NoClonal
P0413,PTC102-20170413,CD8,CD8_C02-GPR183,CRC.P0413_C000238:1,NoClonal
P0413,NTC74-20170413,CD8,CD8_C05-CD6,CRC.P0413_C000239:1,NoClonal
P0413,TTR139-20170413,CD4,CD4_C12-CTLA4,CRC.P0413_C000240:1,NoClonal
P0413,PTR92-20170413,CD4,CD4_C02-ANXA1,CRC.P0413_C000241:1,NoClonal
P0413,NTH43-20170413,CD4,CD4_C05-CXCR6,CRC.P0413_C000243:1,NoClonal
P0413,TTH138-20170413,CD4,CD4_C01-CCR7,CRC.P0413_C000244:1,NoClonal
P0413,NTH40-20170413,CD4,CD4_C06-CXCR5,CRC.P0413_C000245:1,NoClonal
P0413,TTH111-20170413,CD4,CD4_C05-CXCR6,CRC.P0413_C000246:1,NoClonal
P0413,PTR71-20170413,CD4,CD4_C10-FOXP3,CRC.P0413_C000247:1,NoClonal
P0413,TTH63-20170413,CD4,CD4_C09-CXCL13,CRC.P0413_C000248:1,NoClonal
P0413,PTR95-20170413,DN,NA,CRC.P0413_C000249:1,NoClonal
P0413,NTH81-20170413,DN,NA,CRC.P0413_C000250:1,NoClonal
P0413,NTH34-20170413,CD4,CD4_C09-CXCL13,CRC.P0413_C000251:1,NoClonal
P0413,PTH27-20170413,CD4,CD4_C06-CXCR5,CRC.P0413_C000253:1,NoClonal
P0413,PTH13-20170413,CD4,CD4_C01-CCR7,CRC.P0413_C000254:1,NoClonal
P0413,TTC140-20170413,other,NA,CRC.P0413_C000255:1,NoClonal
P0413,PTR90-20170413,CD4,CD4_C10-FOXP3,CRC.P0413_C000256:1,NoClonal
P0413,TTC121-20170413,CD8,CD8_C07-LAYN,CRC.P0413_C000257:1,NoClonal
P0413,PTR59-20170413,CD4,CD4_C10-FOXP3,CRC.P0413_C000258:1,NoClonal
P0413,TTH110-20170413,DN,NA,CRC.P0413_C000259:1,NoClonal
P0413,TTH34-20170413,CD4,CD4_C12-CTLA4,CRC.P0413_C000260:1,NoClonal
P0413,PTH52-20170413,CD4,CD4_C02-ANXA1,CRC.P0413_C000261:1,NoClonal
P0413,PTC103-20170413,other,NA,CRC.P0413_C000263:1,NoClonal
P0413,NTC63-20170413,CD8,CD8_C05-CD6,CRC.P0413_C000264:1,NoClonal
P0413,PTH40-20170413,CD4,CD4_C02-ANXA1,CRC.P0413_C000265:1,NoClonal
P0413,PTH46-20170413,DN,NA,CRC.P0413_C000266:1,NoClonal
P0413,NTC93-20170413,CD8,CD8_C05-CD6,CRC.P0413_C000267:1,NoClonal
P0413,NTH19-20170413,DN,NA,CRC.P0413_C000268:1,NoClonal
P0413,TTR34-20170413,CD4,CD4_C12-CTLA4,CRC.P0413_C000269:1,NoClonal
P0413,TTH55-20170413,CD4,CD4_C05-CXCR6,CRC.P0413_C000270:1,NoClonal
P0413,PTR80-20170413,DN,NA,CRC.P0413_C000271:1,NoClonal
P0413,TTR112-20170413,CD4,CD4_C12-CTLA4,CRC.P0413_C000272:1,NoClonal
P0413,NTC65-20170413,CD8,CD8_C07-LAYN,CRC.P0413_C000273:1,NoClonal
P0413,TTR140-20170413,CD4,CD4_C12-CTLA4,CRC.P0413_C000275:1,NoClonal
P0413,NTC40-20170413,CD8,CD8_C05-CD6,CRC.P0413_C000276:1,NoClonal
P0413,TTR11-20170413,CD4,CD4_C12-CTLA4,CRC.P0413_C000277:1,NoClonal
P0413,TTR136-20170413,CD4,CD4_C12-CTLA4,CRC.P0413_C000278:1,NoClonal
P0413,PTH30-20170413,CD4,CD4_C01-CCR7,CRC.P0413_C000279:1,NoClonal
P0413,TTC87-20170413,CD8,CD8_C04-GZMK,CRC.P0413_C000280:1,NoClonal
P0413,TTH81-20170413,CD4,CD4_C05-CXCR6,CRC.P0413_C000282:1,NoClonal
P0413,PTR39-20170413,DN,NA,CRC.P0413_C000283:1,NoClonal
P0413,TTH113-20170413,CD4,CD4_C05-CXCR6,CRC.P0413_C000284:1,NoClonal
P0413,NTH36-20170413,CD4,CD4_C05-CXCR6,CRC.P0413_C000286:1,NoClonal
P0413,TTH115-20170413,DN,NA,CRC.P0413_C000287:1,NoClonal
P0413,PTC164-20170413,CD8,CD8_C02-GPR183,CRC.P0413_C000288:1,NoClonal
P0413,NTH45-20170413,CD4,CD4_C05-CXCR6,CRC.P0413_C000289:1,NoClonal
P0413,TTH122-20170413,CD4,CD4_C09-CXCL13,CRC.P0413_C000290:1,NoClonal
P0413,PTC163-20170413,CD8,CD8_C01-LEF1,CRC.P0413_C000291:1,NoClonal
P0413,PTH56-20170413,other,NA,CRC.P0413_C000293:1,NoClonal
P0413,TTH27-20170413,other,NA,CRC.P0413_C000294:1,NoClonal
P0413,PTH29-20170413,CD4,CD4_C03-GNLY,CRC.P0413_C000295:1,NoClonal
P0413,PTR88-20170413,DN,NA,CRC.P0413_C000296:1,NoClonal
P0413,TTC31-20170413,CD8,CD8_C07-LAYN,CRC.P0413_C000298:1,NoClonal
P0413,PTR72-20170413,CD4,CD4_C02-ANXA1,CRC.P0413_C000299:1,NoClonal
P0413,TTH38-20170413,CD4,CD4_C09-CXCL13,CRC.P0413_C000301:1,NoClonal
P0413,TTH85-20170413,CD4,CD4_C12-CTLA4,CRC.P0413_C000303:1,NoClonal
P0413,PTH41-20170413,other,NA,CRC.P0413_C000305:1,NoClonal
P0413,TTR111-20170413,other,NA,CRC.P0413_C000306:1,NoClonal
P0413,NTH65-20170413,CD4,CD4_C05-CXCR6,CRC.P0413_C000307:1,NoClonal
P0413,PTR27-20170413,CD4,CD4_C02-ANXA1,CRC.P0413_C000309:1,NoClonal
P0413,PTR73-20170413,CD4,CD4_C10-FOXP3,CRC.P0413_C000312:1,NoClonal
P0413,NTC50-20170413,CD8,CD8_C05-CD6,CRC.P0413_C000313:1,NoClonal
P0413,PTR79-20170413,DN,NA,CRC.P0413_C000314:1,NoClonal
P0413,PTR82-20170413,CD4,CD4_C10-FOXP3,CRC.P0413_C000315:1,NoClonal
P0413,PTR78-20170413,CD4,CD4_C10-FOXP3,CRC.P0413_C000316:1,NoClonal
P0413,PTR15-20170413,CD4,CD4_C10-FOXP3,CRC.P0413_C000317:1,NoClonal
P0413,TTH54-20170413,CD4,CD4_C12-CTLA4,CRC.P0413_C000318:1,NoClonal
P0413,TTC113-20170413,CD8,CD8_C04-GZMK,CRC.P0413_C000319:1,NoClonal
P0413,NTH13-20170413,CD4,CD4_C05-CXCR6,CRC.P0413_C000320:1,NoClonal
P0413,PTH54-20170413,CD4,CD4_C01-CCR7,CRC.P0413_C000321:1,NoClonal
P0413,PTC121-20170413,CD8,CD8_C02-GPR183,CRC.P0413_C000322:1,NoClonal
P0413,TTR104-20170413,other,NA,CRC.P0413_C000323:1,NoClonal
P0413,PTH61-20170413,other,NA,CRC.P0413_C000324:1,NoClonal
P0413,TTR149-20170413,DN,NA,CRC.P0413_C000325:1,NoClonal
P0413,NTH33-20170413,DN,NA,CRC.P0413_C000326:1,NoClonal
P0413,TTR129-20170413,CD4,CD4_C12-CTLA4,CRC.P0413_C000327:1,NoClonal
P0413,NTH12-20170413,other,NA,CRC.P0413_C000328:1,NoClonal
P0413,TTC10-20170413,CD8,CD8_C04-GZMK,CRC.P0413_C000329:1,NoClonal
P0413,PTH82-20170413,CD4,CD4_C01-CCR7,CRC.P0413_C000330:1,NoClonal
P0413,PTC124-20170413,CD8,CD8_C02-GPR183,CRC.P0413_C000331:1,NoClonal
P0413,TTC11-20170413,CD8,CD8_C07-LAYN,CRC.P0413_C000332:1,NoClonal
P0413,TTH88-20170413,other,NA,CRC.P0413_C000333:1,NoClonal
P0413,PTH8-20170413,other,NA,CRC.P0413_C000334:1,NoClonal
P0413,TTH26-20170413,CD4,CD4_C09-CXCL13,CRC.P0413_C000335:1,NoClonal
P0413,TTH136-20170413,CD4,CD4_C11-IL10,CRC.P0413_C000336:1,NoClonal
P0413,NTH70-20170413,CD4,CD4_C05-CXCR6,CRC.P0413_C000337:1,NoClonal
P0413,PTH96-20170413,CD4,CD4_C02-ANXA1,CRC.P0413_C000338:1,NoClonal
P0413,TTH28-20170413,DN,NA,CRC.P0413_C000339:1,NoClonal
P0413,NTH80-20170413,CD4,CD4_C04-TCF7,CRC.P0413_C000340:1,NoClonal
P0413,PTH12-20170413,other,NA,CRC.P0413_C000341:1,NoClonal
P0413,PTH4-20170413,DN,NA,CRC.P0413_C000342:1,NoClonal
P0413,TTH118-20170413,CD4,CD4_C07-GZMK,CRC.P0413_C000345:1,NoClonal
P0413,NTC85-20170413,other,NA,CRC.P0413_C000346:1,NoClonal
P0413,NTH58-20170413,CD4,CD4_C05-CXCR6,CRC.P0413_C000347:1,NoClonal
P0413,NTC75-20170413,CD8,CD8_C02-GPR183,CRC.P0413_C000348:1,NoClonal
P0413,TTH11-20170413,CD4,CD4_C05-CXCR6,CRC.P0413_C000349:1,NoClonal
P0413,PTH3-20170413,CD4,CD4_C01-CCR7,CRC.P0413_C000351:1,NoClonal
P0413,PTR13-20170413,other,NA,CRC.P0413_C000352:1,NoClonal
P0413,PTR12-20170413,other,NA,CRC.P0413_C000353:1,NoClonal
P0413,TTH67-20170413,DN,NA,CRC.P0413_C000354:1,NoClonal
P0413,NTC6-20170413,CD8,CD8_C08-SLC4A10,CRC.P0413_C000356:1,NoClonal
P0413,TTH60-20170413,CD4,CD4_C05-CXCR6,CRC.P0413_C000358:1,NoClonal
P0413,PTH55-20170413,DN,NA,CRC.P0413_C000360:1,NoClonal
P0413,PTH32-20170413,CD4,CD4_C01-CCR7,CRC.P0413_C000361:1,NoClonal
P0413,TTH44-20170413,DN,NA,CRC.P0413_C000362:1,NoClonal
P0413,TTC18-20170413,CD8,CD8_C07-LAYN,CRC.P0413_C000363:1,NoClonal
P0413,TTC38-20170413,CD8,CD8_C04-GZMK,CRC.P0413_C000364:1,NoClonal
P0413,NTH48-20170413,CD4,CD4_C05-CXCR6,CRC.P0413_C000366:1,NoClonal
P0413,NTH90-20170413,other,NA,CRC.P0413_C000367:1,NoClonal
P0413,NTC92-20170413,CD8,CD8_C06-CD160,CRC.P0413_C000368:1,NoClonal
P0413,NTC90-20170413,CD8,CD8_C06-CD160,CRC.P0413_C000369:1,NoClonal
P0413,TTC73-20170413,CD8,CD8_C04-GZMK,CRC.P0413_C000371:1,NoClonal
P0413,NTC19-20170413,CD8,CD8_C04-GZMK,CRC.P0413_C000373:1,NoClonal
P0413,TTR119-20170413,CD4,CD4_C12-CTLA4,CRC.P0413_C000374:1,NoClonal
P0413,PTH87-20170413,DN,NA,CRC.P0413_C000375:1,NoClonal
P0413,TTR86-20170413,CD4,CD4_C12-CTLA4,CRC.P0413_C000377:1,NoClonal
P0413,PTR10-20170413,other,NA,CRC.P0413_C000378:1,NoClonal
P0413,PTR58-20170413,CD4,CD4_C10-FOXP3,CRC.P0413_C000379:1,NoClonal
P0413,PTH28-20170413,CD4,CD4_C02-ANXA1,CRC.P0413_C000380:1,NoClonal
P0413,NTH55-20170413,DN,NA,CRC.P0413_C000382:1,NoClonal
P0413,NTH50-20170413,CD4,CD4_C05-CXCR6,CRC.P0413_C000383:1,NoClonal
P0413,PTR64-20170413,CD4,CD4_C02-ANXA1,CRC.P0413_C000384:1,NoClonal
P0413,PTH11-20170413,CD4,CD4_C01-CCR7,CRC.P0413_C000385:1,NoClonal
P0413,PTR14-20170413,CD4,CD4_C10-FOXP3,CRC.P0413_C000387:1,NoClonal
P0413,TTR135-20170413,CD4,CD4_C12-CTLA4,CRC.P0413_C000388:1,NoClonal
P0413,PTR35-20170413,CD4,CD4_C01-CCR7,CRC.P0413_C000389:1,NoClonal
P0413,PTC179-20170413,CD8,CD8_C03-CX3CR1,CRC.P0413_C000390:1,NoClonal
P0413,NTC62-20170413,CD8,CD8_C05-CD6,CRC.P0413_C000391:1,NoClonal
P0413,NTH52-20170413,DN,NA,CRC.P0413_C000392:1,NoClonal
P0413,TTH62-20170413,CD4,CD4_C05-CXCR6,CRC.P0413_C000393:1,NoClonal
P0413,TTR66-20170413,CD4,CD4_C12-CTLA4,CRC.P0413_C000394:1,NoClonal
P0413,TTH101-20170413,DN,NA,CRC.P0413_C000395:1,NoClonal
P0413,PTR96-20170413,other,NA,CRC.P0413_C000396:1,NoClonal
P0413,PTH53-20170413,CD4,CD4_C03-GNLY,CRC.P0413_C000397:1,NoClonal
P0413,NTH75-20170413,CD4,CD4_C05-CXCR6,CRC.P0413_C000398:1,NoClonal
P0413,PTH39-20170413,CD4,CD4_C01-CCR7,CRC.P0413_C000399:1,NoClonal
P0413,TTR18-20170413,CD4,CD4_C12-CTLA4,CRC.P0413_C000401:1,NoClonal
P0413,PTR18-20170413,CD4,CD4_C10-FOXP3,CRC.P0413_C000402:1,NoClonal
P0413,PTR49-20170413,CD4,CD4_C01-CCR7,CRC.P0413_C000403:1,NoClonal
P0413,PTH18-20170413,DN,NA,CRC.P0413_C000404:1,NoClonal
P0413,TTH95-20170413,CD4,CD4_C05-CXCR6,CRC.P0413_C000405:1,NoClonal
P0413,NTH11-20170413,CD4,CD4_C05-CXCR6,CRC.P0413_C000406:1,NoClonal
P0413,PTC126-20170413,CD8,CD8_C02-GPR183,CRC.P0413_C000407:1,NoClonal
P0413,TTR133-20170413,CD4,CD4_C12-CTLA4,CRC.P0413_C000408:1,NoClonal
P0413,TTH69-20170413,CD4,CD4_C12-CTLA4,CRC.P0413_C000409:1,NoClonal
P0413,TTH52-20170413,CD4,CD4_C09-CXCL13,CRC.P0413_C000410:1,NoClonal
P0413,PTH71-20170413,CD4,CD4_C01-CCR7,CRC.P0413_C000411:1,NoClonal
P0413,PTR9-20170413,CD4,CD4_C10-FOXP3,CRC.P0413_C000412:1,NoClonal
P0413,TTC27-20170413,CD8,CD8_C07-LAYN,CRC.P0413_C000413:1,NoClonal
P0413,NTH64-20170413,other,NA,CRC.P0413_C000414:1,NoClonal
P0413,PTC175-20170413,CD8,CD8_C03-CX3CR1,CRC.P0413_C000415:1,NoClonal
P0413,NTH87-20170413,CD4,CD4_C05-CXCR6,CRC.P0413_C000416:1,NoClonal
P0413,PTH70-20170413,CD4,CD4_C01-CCR7,CRC.P0413_C000417:1,NoClonal
P0413,PTC156-20170413,CD8,CD8_C02-GPR183,CRC.P0413_C000418:1,NoClonal
P0413,PTC145-20170413,CD8,CD8_C02-GPR183,CRC.P0413_C000419:1,NoClonal
P0413,PTH90-20170413,CD4,CD4_C01-CCR7,CRC.P0413_C000420:1,NoClonal
P0413,NTH77-20170413,CD4,CD4_C05-CXCR6,CRC.P0413_C000421:1,NoClonal
P0413,NTC48-20170413,CD8,CD8_C06-CD160,CRC.P0413_C000422:1,NoClonal
P0413,PTH2-20170413,CD4,CD4_C01-CCR7,CRC.P0413_C000423:1,NoClonal
P0413,TTH108-20170413,CD4,CD4_C08-IL23R,CRC.P0413_C000424:1,NoClonal
P0413,TTH4-20170413,CD4,CD4_C05-CXCR6,CRC.P0413_C000425:1,NoClonal
P0413,PTH92-20170413,DN,NA,CRC.P0413_C000426:1,NoClonal
P0413,NTC8-20170413,CD8,CD8_C05-CD6,CRC.P0413_C000427:1,NoClonal
P0413,PTR7-20170413,DN,NA,CRC.P0413_C000428:1,NoClonal
P0413,PTC166-20170413,CD8,CD8_C03-CX3CR1,CRC.P0413_C000429:1,NoClonal
P0413,NTH10-20170413,other,NA,CRC.P0413_C000430:1,NoClonal
P0413,TTH12-20170413,CD4,CD4_C08-IL23R,CRC.P0413_C000432:1,NoClonal
P0413,NTC10-20170413,CD8,CD8_C04-GZMK,CRC.P0413_C000433:1,NoClonal
P0413,TTC82-20170413,CD8,CD8_C07-LAYN,CRC.P0413_C000434:1,NoClonal
P0413,PTH58-20170413,CD4,CD4_C03-GNLY,CRC.P0413_C000435:1,NoClonal
P0413,PTR32-20170413,CD4,CD4_C10-FOXP3,CRC.P0413_C000437:1,NoClonal
P0413,TTH43-20170413,CD4,CD4_C09-CXCL13,CRC.P0413_C000438:1,NoClonal
P0413,TTC71-20170413,CD8,CD8_C07-LAYN,CRC.P0413_C000439:1,NoClonal
P0413,PTH19-20170413,other,NA,CRC.P0413_C000440:1,NoClonal
P0413,NTH9-20170413,CD4,CD4_C05-CXCR6,CRC.P0413_C000441:1,NoClonal
P0413,TTH86-20170413,DN,NA,CRC.P0413_C000442:1,NoClonal
P0413,TTC46-20170413,CD8,CD8_C07-LAYN,CRC.P0413_C000443:1,NoClonal
P0413,TTC146-20170413,CD8,CD8_C07-LAYN,CRC.P0413_C000444:1,NoClonal
P0413,PTC125-20170413,CD8,CD8_C02-GPR183,CRC.P0413_C000445:1,NoClonal
P0413,PTC149-20170413,CD8,CD8_C03-CX3CR1,CRC.P0413_C000446:1,NoClonal
P0413,TTR13-20170413,CD4,CD4_C12-CTLA4,CRC.P0413_C000447:1,NoClonal
P0413,TTH53-20170413,CD4,CD4_C05-CXCR6,CRC.P0413_C000448:1,NoClonal
P0413,TTR15-20170413,CD4,CD4_C12-CTLA4,CRC.P0413_C000449:1,NoClonal
P0413,TTH132-20170413,CD4,CD4_C08-IL23R,CRC.P0413_C000450:1,NoClonal
P0413,PTH89-20170413,CD4,CD4_C10-FOXP3,CRC.P0413_C000451:1,NoClonal
P0413,PTC174-20170413,CD8,CD8_C03-CX3CR1,CRC.P0413_C000453:1,NoClonal
P0413,PTR76-20170413,CD4,CD4_C10-FOXP3,CRC.P0413_C000454:1,NoClonal
P0413,PTC154-20170413,other,NA,CRC.P0413_C000455:1,NoClonal
P0413,PTH20-20170413,CD4,CD4_C01-CCR7,CRC.P0413_C000456:1,NoClonal
P0413,PTH60-20170413,DN,NA,CRC.P0413_C000457:1,NoClonal
P0413,PTH31-20170413,CD4,CD4_C01-CCR7,CRC.P0413_C000458:1,NoClonal
P0413,PTH6-20170413,CD4,CD4_C01-CCR7,CRC.P0413_C000459:1,NoClonal
P0413,TTR55-20170413,CD4,CD4_C12-CTLA4,CRC.P0413_C000460:1,NoClonal
P0413,TTR67-20170413,CD4,CD4_C12-CTLA4,CRC.P0413_C000461:1,NoClonal
P0413,TTH127-20170413,CD4,CD4_C04-TCF7,CRC.P0413_C000462:1,NoClonal
P0413,TTH31-20170413,CD4,CD4_C05-CXCR6,CRC.P0413_C000463:1,NoClonal
P0413,PTR51-20170413,CD4,CD4_C01-CCR7,CRC.P0413_C000464:1,NoClonal
P0413,PTR83-20170413,CD4,CD4_C02-ANXA1,CRC.P0413_C000465:1,NoClonal
P0413,PTR81-20170413,CD4,CD4_C10-FOXP3,CRC.P0413_C000466:1,NoClonal
P0413,PTH91-20170413,CD4,CD4_C01-CCR7,CRC.P0413_C000467:1,NoClonal
P0413,PTH45-20170413,DN,NA,CRC.P0413_C000468:1,NoClonal
P0413,PTH57-20170413,DN,NA,CRC.P0413_C000469:1,NoClonal
P0413,PTC111-20170413,CD8,CD8_C03-CX3CR1,CRC.P0413_C000470:1,NoClonal
P0413,TTH5-20170413,DN,NA,CRC.P0413_C000471:1,NoClonal
P0413,TTH144-20170413,DP,NA,CRC.P0413_C000472:1,NoClonal
P0413,PTH75-20170413,CD4,CD4_C01-CCR7,CRC.P0413_C000473:1,NoClonal
P0413,PTC138-20170413,CD8,CD8_C02-GPR183,CRC.P0413_C000474:1,NoClonal
P0413,NTH27-20170413,DN,NA,CRC.P0413_C000475:1,NoClonal
P0413,NTH6-20170413,DN,NA,CRC.P0413_C000476:1,NoClonal
P0413,PTH33-20170413,other,NA,CRC.P0413_C000478:1,NoClonal
P0413,PTR21-20170413,other,NA,CRC.P0413_C000480:1,NoClonal
P0413,TTR117-20170413,CD4,CD4_C12-CTLA4,CRC.P0413_C000481:1,NoClonal
P0413,TTC23-20170413,CD8,CD8_C04-GZMK,CRC.P0413_C000482:1,NoClonal
P0413,PTH21-20170413,CD4,CD4_C02-ANXA1,CRC.P0413_C000483:1,NoClonal
P0413,NTC70-20170413,CD8,CD8_C05-CD6,CRC.P0413_C000484:1,NoClonal
P0413,PTH42-20170413,CD4,CD4_C02-ANXA1,CRC.P0413_C000485:1,NoClonal
P0413,PTC106-20170413,CD8,CD8_C08-SLC4A10,CRC.P0413_C000487:1,NoClonal
P0413,PTC136-20170413,CD8,CD8_C02-GPR183,CRC.P0413_C000488:1,NoClonal
P0413,PTC159-20170413,CD8,CD8_C03-CX3CR1,CRC.P0413_C000489:1,NoClonal
P0413,TTH20-20170413,CD4,CD4_C05-CXCR6,CRC.P0413_C000490:1,NoClonal
P0413,NTH26-20170413,other,NA,CRC.P0413_C000491:1,NoClonal
P0413,PTH43-20170413,CD4,CD4_C01-CCR7,CRC.P0413_C000493:1,NoClonal
P0413,PTR8-20170413,CD4,CD4_C10-FOXP3,CRC.P0413_C000494:1,NoClonal
P0413,TTR52-20170413,CD4,CD4_C12-CTLA4,CRC.P0413_C000495:1,NoClonal
P0413,TTR145-20170413,CD4,CD4_C12-CTLA4,CRC.P0413_C000496:1,NoClonal
P0413,NTH38-20170413,CD4,CD4_C05-CXCR6,CRC.P0413_C000497:1,NoClonal
P0413,NTC35-20170413,CD8,CD8_C04-GZMK,CRC.P0413_C000499:1,NoClonal
P0413,PTC98-20170413,CD8,CD8_C02-GPR183,CRC.P0413_C000500:1,NoClonal
P0413,NTH51-20170413,CD4,CD4_C05-CXCR6,CRC.P0413_C000501:1,NoClonal
P0413,PTR77-20170413,DN,NA,CRC.P0413_C000503:1,NoClonal
P0413,TTH57-20170413,DN,NA,CRC.P0413_C000504:1,NoClonal
P0413,PTH64-20170413,CD4,CD4_C01-CCR7,CRC.P0413_C000505:1,NoClonal
P0413,NTH62-20170413,CD4,CD4_C05-CXCR6,CRC.P0413_C000506:1,NoClonal
P0413,TTR96-20170413,CD4,CD4_C12-CTLA4,CRC.P0413_C000507:1,NoClonal
P0413,TTH23-20170413,CD4,CD4_C09-CXCL13,CRC.P0413_C000508:1,NoClonal
P0413,TTR14-20170413,CD4,CD4_C12-CTLA4,CRC.P0413_C000510:1,NoClonal
P0413,TTH3-20170413,CD4,CD4_C09-CXCL13,CRC.P0413_C000511:1,NoClonal
P0413,TTR118-20170413,CD4,CD4_C12-CTLA4,CRC.P0413_C000512:1,NoClonal
P0701,P0701_TTC-1_49,CD8,CD8_C07-LAYN,CRC.P0701_C000023:57,Clonal
P0701,P0701-TTC-142,CD8,CD8_C07-LAYN,CRC.P0701_C000023:57,Clonal
P0701,P0701-TTC-151,CD8,CD8_C07-LAYN,CRC.P0701_C000023:57,Clonal
P0701,P0701_TTC-1_72,CD8,CD8_C07-LAYN,CRC.P0701_C000023:57,Clonal
P0701,P0701_TTC-1_43,CD8,CD8_C07-LAYN,CRC.P0701_C000023:57,Clonal
P0701,P0701-TTC-158,CD8,CD8_C07-LAYN,CRC.P0701_C000023:57,Clonal
P0701,P0701_TTC-1_79,CD8,CD8_C07-LAYN,CRC.P0701_C000023:57,Clonal
P0701,P0701-TTC-115,CD8,CD8_C07-LAYN,CRC.P0701_C000023:57,Clonal
P0701,P0701_TTC-1_77,CD8,CD8_C07-LAYN,CRC.P0701_C000023:57,Clonal
P0701,P0701_TTC-1_39,CD8,CD8_C07-LAYN,CRC.P0701_C000023:57,Clonal
P0701,P0701_TTC-1_71,CD8,CD8_C07-LAYN,CRC.P0701_C000023:57,Clonal
P0701,P0701_TTC-1_21,CD8,CD8_C07-LAYN,CRC.P0701_C000023:57,Clonal
P0701,P0701-TTC-154,CD8,CD8_C07-LAYN,CRC.P0701_C000023:57,Clonal
P0701,P0701_TTC-1_84,CD8,CD8_C07-LAYN,CRC.P0701_C000023:57,Clonal
P0701,P0701_TTC-1_48,CD8,CD8_C07-LAYN,CRC.P0701_C000023:57,Clonal
P0701,P0701-TTC-134,CD8,CD8_C07-LAYN,CRC.P0701_C000023:57,Clonal
P0701,P0701_TTC-1_56,CD8,CD8_C07-LAYN,CRC.P0701_C000023:57,Clonal
P0701,P0701_TTC-1_27,CD8,CD8_C07-LAYN,CRC.P0701_C000023:57,Clonal
P0701,P0701_TTC-1_78_,CD8,CD8_C07-LAYN,CRC.P0701_C000023:57,Clonal
P0701,P0701_TTC-1_22,CD8,CD8_C07-LAYN,CRC.P0701_C000023:57,Clonal
P0701,P0701-TTC-175,CD8,CD8_C07-LAYN,CRC.P0701_C000023:57,Clonal
P0701,P0701_TTC-1_41,CD8,CD8_C07-LAYN,CRC.P0701_C000023:57,Clonal
P0701,P0701-TTC-141,CD8,CD8_C07-LAYN,CRC.P0701_C000023:57,Clonal
P0701,P0701-TTC-180,CD8,CD8_C07-LAYN,CRC.P0701_C000023:57,Clonal
P0701,P0701-TTC-149,CD8,CD8_C07-LAYN,CRC.P0701_C000023:57,Clonal
P0701,P0701_TTC-1_81,CD8,CD8_C07-LAYN,CRC.P0701_C000023:57,Clonal
P0701,P0701-TTC-176,CD8,CD8_C07-LAYN,CRC.P0701_C000023:57,Clonal
P0701,P0701-TTC-171,CD8,CD8_C07-LAYN,CRC.P0701_C000023:57,Clonal
P0701,P0701_TTC-1_37,CD8,CD8_C07-LAYN,CRC.P0701_C000023:57,Clonal
P0701,P0701_TTC-1_52,CD8,CD8_C07-LAYN,CRC.P0701_C000023:57,Clonal
P0701,P0701_TTC-1_73,CD8,CD8_C07-LAYN,CRC.P0701_C000023:57,Clonal
P0701,P0701-TTC-145,CD8,CD8_C07-LAYN,CRC.P0701_C000023:57,Clonal
P0701,P0701_TTC-1_67,CD8,CD8_C07-LAYN,CRC.P0701_C000023:57,Clonal
P0701,P0701-TTC-148,CD8,CD8_C07-LAYN,CRC.P0701_C000023:57,Clonal
P0701,P0701_TTC-1_87,CD8,CD8_C07-LAYN,CRC.P0701_C000023:57,Clonal
P0701,P0701_TTC-1_65,CD8,CD8_C07-LAYN,CRC.P0701_C000023:57,Clonal
P0701,P0701_TTC-1_90,CD8,CD8_C07-LAYN,CRC.P0701_C000023:57,Clonal
P0701,P0701-TTC-155,CD8,CD8_C07-LAYN,CRC.P0701_C000023:57,Clonal
P0701,P0701_TTC-1_92,CD8,CD8_C07-LAYN,CRC.P0701_C000023:57,Clonal
P0701,P0701-TTC-117,CD8,CD8_C07-LAYN,CRC.P0701_C000023:57,Clonal
P0701,P0701_TTC-1_82,CD8,CD8_C07-LAYN,CRC.P0701_C000023:57,Clonal
P0701,P0701_TTC-2_1,CD8,CD8_C07-LAYN,CRC.P0701_C000023:57,Clonal
P0701,P0701_TTC-1_46,CD8,CD8_C07-LAYN,CRC.P0701_C000023:57,Clonal
P0701,P0701-TTC-169,CD8,CD8_C07-LAYN,CRC.P0701_C000023:57,Clonal
P0701,P0701-TTC-172,CD8,CD8_C07-LAYN,CRC.P0701_C000023:57,Clonal
P0701,P0701-TTC-122,CD8,CD8_C07-LAYN,CRC.P0701_C000023:57,Clonal
P0701,P0701-TTC-152,CD8,CD8_C07-LAYN,CRC.P0701_C000023:57,Clonal
P0701,P0701_TTC-1_47,CD8,CD8_C07-LAYN,CRC.P0701_C000023:57,Clonal
P0701,P0701_TTC-1_35,CD8,CD8_C07-LAYN,CRC.P0701_C000023:57,Clonal
P0701,P0701_TTC-1_42,CD8,CD8_C07-LAYN,CRC.P0701_C000023:57,Clonal
P0701,P0701-TTC-109,CD8,CD8_C07-LAYN,CRC.P0701_C000023:57,Clonal
P0701,P0701-TTC-186,CD8,CD8_C07-LAYN,CRC.P0701_C000023:57,Clonal
P0701,P0701-TTC-147,CD8,CD8_C07-LAYN,CRC.P0701_C000023:57,Clonal
P0701,P0701_TTC-1_88,CD8,CD8_C07-LAYN,CRC.P0701_C000023:57,Clonal
P0701,P0701_TTC-1_50,CD8,CD8_C07-LAYN,CRC.P0701_C000023:57,Clonal
P0701,P0701_TTC-1_31,DP,NA,CRC.P0701_C000023:57,Clonal
P0701,P0701-TTC-164,other,NA,CRC.P0701_C000023:57,Clonal
P0701,P0701_TTC-1_44,CD8,CD8_C07-LAYN,CRC.P0701_C000027:10,Clonal
P0701,P0701_TTC-1_66,CD8,CD8_C07-LAYN,CRC.P0701_C000027:10,Clonal
P0701,P0701-TTC-112,CD8,CD8_C07-LAYN,CRC.P0701_C000027:10,Clonal
P0701,P0701_TTC-1_36,CD8,CD8_C07-LAYN,CRC.P0701_C000027:10,Clonal
P0701,P0701_TTC-1_94,CD8,CD8_C07-LAYN,CRC.P0701_C000027:10,Clonal
P0701,P0701_TTC-2_5,CD8,CD8_C07-LAYN,CRC.P0701_C000027:10,Clonal
P0701,P0701-TTC-138,CD8,CD8_C07-LAYN,CRC.P0701_C000027:10,Clonal
P0701,P0701-TTC-118,CD8,CD8_C07-LAYN,CRC.P0701_C000027:10,Clonal
P0701,P0701_TTC-1_95,CD8,CD8_C07-LAYN,CRC.P0701_C000027:10,Clonal
P0701,P0701-TTC-131,CD8,CD8_C07-LAYN,CRC.P0701_C000027:10,Clonal
P0701,P0701-PTC-1-44,CD8,CD8_C03-CX3CR1,CRC.P0701_C000111:9,Clonal
P0701,P0701-PTC-1-61,CD8,CD8_C03-CX3CR1,CRC.P0701_C000111:9,Clonal
P0701,P0701-PTC-1-57,CD8,CD8_C03-CX3CR1,CRC.P0701_C000111:9,Clonal
P0701,P0701-PTC-126,CD8,CD8_C03-CX3CR1,CRC.P0701_C000111:9,Clonal
P0701,P0701-PTC-1-89,CD8,CD8_C03-CX3CR1,CRC.P0701_C000111:9,Clonal
P0701,P0701-PTC-1-6,CD8,CD8_C03-CX3CR1,CRC.P0701_C000111:9,Clonal
P0701,P0701-PTC-127,CD8,CD8_C03-CX3CR1,CRC.P0701_C000111:9,Clonal
P0701,P0701-PTC-1-30,CD8,CD8_C03-CX3CR1,CRC.P0701_C000111:9,Clonal
P0701,PTC109-20160701,CD8,CD8_C03-CX3CR1,CRC.P0701_C000111:9,Clonal
P0701,P0701_TTC-1_17,CD8,CD8_C03-CX3CR1,CRC.P0701_C000022:8,Clonal
P0701,P0701-PTC-1-62,CD8,CD8_C03-CX3CR1,CRC.P0701_C000022:8,Clonal
P0701,P0701-PTC-1-95,CD8,CD8_C03-CX3CR1,CRC.P0701_C000022:8,Clonal
P0701,P0701-TTC-116,CD8,CD8_C03-CX3CR1,CRC.P0701_C000022:8,Clonal
P0701,P0701-TTC-188,CD8,CD8_C03-CX3CR1,CRC.P0701_C000022:8,Clonal
P0701,P0701-NTC-1-75,CD8,CD8_C03-CX3CR1,CRC.P0701_C000022:8,Clonal
P0701,P0701-PTC-115,CD8,CD8_C03-CX3CR1,CRC.P0701_C000022:8,Clonal
P0701,P0701_TTC-1_61,CD8,CD8_C03-CX3CR1,CRC.P0701_C000022:8,Clonal
P0701,P0701-TTR-170,CD4,CD4_C08-IL23R,CRC.P0701_C000044:8,Clonal
P0701,P0701_TTR-1_95,CD4,CD4_C08-IL23R,CRC.P0701_C000044:8,Clonal
P0701,P0701-TTR-153,CD4,CD4_C08-IL23R,CRC.P0701_C000044:8,Clonal
P0701,P0701_TTR-1_91,CD4,CD4_C08-IL23R,CRC.P0701_C000044:8,Clonal
P0701,P0701_TTR-2_20,CD4,CD4_C08-IL23R,CRC.P0701_C000044:8,Clonal
P0701,P0701_TTR-1_69,CD4,CD4_C08-IL23R,CRC.P0701_C000044:8,Clonal
P0701,P0701-TTR-143,CD4,CD4_C08-IL23R,CRC.P0701_C000044:8,Clonal
P0701,P0701-TTR-131,DP,NA,CRC.P0701_C000044:8,Clonal
P0701,P0701_TTH-1_53,CD4,CD4_C08-IL23R,CRC.P0701_C000097:8,Clonal
P0701,P0701_TTH-1_15,CD4,CD4_C08-IL23R,CRC.P0701_C000097:8,Clonal
P0701,P0701_TTH-1_25,CD4,CD4_C08-IL23R,CRC.P0701_C000097:8,Clonal
P0701,P0701_TTH-1_35,CD4,CD4_C08-IL23R,CRC.P0701_C000097:8,Clonal
P0701,P0701_TTH-1_93,CD4,CD4_C08-IL23R,CRC.P0701_C000097:8,Clonal
P0701,P0701-TTR-1-44,CD4,CD4_C08-IL23R,CRC.P0701_C000097:8,Clonal
P0701,P0701_TTH-1_74,CD4,CD4_C08-IL23R,CRC.P0701_C000097:8,Clonal
P0701,P0701_TTH-1_72,CD4,CD4_C08-IL23R,CRC.P0701_C000097:8,Clonal
P0701,P0701-NTC-1-33,CD8,CD8_C06-CD160,CRC.P0701_C000013:7,Clonal
P0701,P0701-NTC-1-10,CD8,CD8_C06-CD160,CRC.P0701_C000013:7,Clonal
P0701,P0701-NTC-1-69,CD8,CD8_C06-CD160,CRC.P0701_C000013:7,Clonal
P0701,P0701-NTC-1-77,CD8,CD8_C06-CD160,CRC.P0701_C000013:7,Clonal
P0701,P0701-NTC-1-11,CD8,CD8_C06-CD160,CRC.P0701_C000013:7,Clonal
P0701,P0701-NTC-1-80,CD8,CD8_C06-CD160,CRC.P0701_C000013:7,Clonal
P0701,P0701-NTC-1-22,CD8,CD8_C06-CD160,CRC.P0701_C000013:7,Clonal
P0701,P0701-NTC-1-58,CD8,CD8_C06-CD160,CRC.P0701_C000018:6,Clonal
P0701,P0701-NTC-1-94,CD8,CD8_C06-CD160,CRC.P0701_C000018:6,Clonal
P0701,P0701-NTC-1-35,CD8,CD8_C06-CD160,CRC.P0701_C000018:6,Clonal
P0701,P0701_TTC-1_45,CD8,CD8_C06-CD160,CRC.P0701_C000018:6,Clonal
P0701,P0701_TTC-1_53,CD8,CD8_C06-CD160,CRC.P0701_C000018:6,Clonal
P0701,P0701-NTC-1-76,CD8,CD8_C06-CD160,CRC.P0701_C000018:6,Clonal
P0701,P0701-PTC-1-24,CD8,CD8_C03-CX3CR1,CRC.P0701_C000076:6,Clonal
P0701,P0701-NTC-1-55,CD8,CD8_C03-CX3CR1,CRC.P0701_C000076:6,Clonal
P0701,P0701-NTC-1-15,CD8,CD8_C04-GZMK,CRC.P0701_C000076:6,Clonal
P0701,P0701_TTC-1_75,CD8,CD8_C04-GZMK,CRC.P0701_C000076:6,Clonal
P0701,P0701-NTC-1-19,CD8,CD8_C04-GZMK,CRC.P0701_C000076:6,Clonal
P0701,P0701-TTC-162,other,NA,CRC.P0701_C000076:6,Clonal
P0701,P0701_TTH-1_62,CD4,CD4_C08-IL23R,CRC.P0701_C000262:6,Clonal
P0701,P0701_TTH-1_67,CD4,CD4_C08-IL23R,CRC.P0701_C000262:6,Clonal
P0701,P0701_TTH-1_75,CD4,CD4_C08-IL23R,CRC.P0701_C000262:6,Clonal
P0701,P0701-TTR-1-77,CD4,CD4_C08-IL23R,CRC.P0701_C000262:6,Clonal
P0701,P0701_TTH-2_1,CD4,CD4_C08-IL23R,CRC.P0701_C000262:6,Clonal
P0701,P0701_TTH-1_83,CD4,CD4_C08-IL23R,CRC.P0701_C000262:6,Clonal
P0701,P0701-PTC-1-35,CD8,CD8_C03-CX3CR1,CRC.P0701_C000264:6,Clonal
P0701,P0701-PTC-1-10,CD8,CD8_C03-CX3CR1,CRC.P0701_C000264:6,Clonal
P0701,P0701-TTC-111,CD8,CD8_C04-GZMK,CRC.P0701_C000264:6,Clonal
P0701,P0701_TTC-2_6,CD8,CD8_C04-GZMK,CRC.P0701_C000264:6,Clonal
P0701,P0701-NTC-1-60,CD8,CD8_C04-GZMK,CRC.P0701_C000264:6,Clonal
P0701,P0701_TTC-1_23,CD8,CD8_C04-GZMK,CRC.P0701_C000264:6,Clonal
P0701,P0701-TTC-165,CD8,CD8_C04-GZMK,CRC.P0701_C000146:5,Clonal
P0701,P0701_TTC-1_57,CD8,CD8_C04-GZMK,CRC.P0701_C000146:5,Clonal
P0701,P0701-NTC-1-32,CD8,CD8_C04-GZMK,CRC.P0701_C000146:5,Clonal
P0701,P0701_TTC-1_83,CD8,CD8_C07-LAYN,CRC.P0701_C000146:5,Clonal
P0701,P0701-TTC-174,CD8,CD8_C07-LAYN,CRC.P0701_C000146:5,Clonal
P0701,P0701_TTC-1_62,CD8,CD8_C05-CD6,CRC.P0701_C000195:5,Clonal
P0701,P0701-NTC-1-12,CD8,CD8_C05-CD6,CRC.P0701_C000195:5,Clonal
P0701,P0701-TTC-106,CD8,CD8_C05-CD6,CRC.P0701_C000195:5,Clonal
P0701,P0701-NTC-1-90,CD8,CD8_C05-CD6,CRC.P0701_C000195:5,Clonal
P0701,P0701-NTC-1-49,CD8,CD8_C05-CD6,CRC.P0701_C000195:5,Clonal
P0701,P0701-TTC-140,CD8,CD8_C05-CD6,CRC.P0701_C000116:4,Clonal
P0701,P0701-TTC-177,CD8,CD8_C05-CD6,CRC.P0701_C000116:4,Clonal
P0701,P0701-NTC-1-2,CD8,CD8_C05-CD6,CRC.P0701_C000116:4,Clonal
P0701,P0701-TTC-105,CD8,CD8_C05-CD6,CRC.P0701_C000116:4,Clonal
P0701,P0701-TTR-1-71,CD4,CD4_C08-IL23R,CRC.P0701_C000140:4,Clonal
P0701,P0701-TTR-137,CD4,CD4_C08-IL23R,CRC.P0701_C000140:4,Clonal
P0701,P0701-TTR-192,CD4,CD4_C12-CTLA4,CRC.P0701_C000140:4,Clonal
P0701,P0701_TTR-2_9,CD4,CD4_C12-CTLA4,CRC.P0701_C000140:4,Clonal
P0701,P0701_TTR-1_67,CD4,CD4_C08-IL23R,CRC.P0701_C000306:4,Clonal
P0701,P0701_TTH-1_68,CD4,CD4_C08-IL23R,CRC.P0701_C000306:4,Clonal
P0701,P0701_TTH-1_63,CD4,CD4_C08-IL23R,CRC.P0701_C000306:4,Clonal
P0701,P0701_TTH-1_33,CD4,CD4_C08-IL23R,CRC.P0701_C000306:4,Clonal
P0701,P0701-PTC-1-31,CD8,CD8_C03-CX3CR1,CRC.P0701_C000051:3,Clonal
P0701,PTC136-20160701,CD8,CD8_C03-CX3CR1,CRC.P0701_C000051:3,Clonal
P0701,P0701-PTC-103,CD8,CD8_C03-CX3CR1,CRC.P0701_C000051:3,Clonal
P0701,P0701-NTR-1-85,CD4,CD4_C11-IL10,CRC.P0701_C000094:3,Clonal
P0701,P0701_TTR-2_26,CD4,CD4_C12-CTLA4,CRC.P0701_C000094:3,Clonal
P0701,P0701-TTR-2-18,CD4,CD4_C12-CTLA4,CRC.P0701_C000094:3,Clonal
P0701,P0701_TTR-2_14,CD4,CD4_C08-IL23R,CRC.P0701_C000112:3,Clonal
P0701,P0701-TTR-152,CD4,CD4_C08-IL23R,CRC.P0701_C000112:3,Clonal
P0701,P0701-TTR-1-86,CD4,CD4_C12-CTLA4,CRC.P0701_C000112:3,Clonal
P0701,PTC131-20160701,CD8,CD8_C03-CX3CR1,CRC.P0701_C000123:3,Clonal
P0701,P0701-PTC-1-58,CD8,CD8_C03-CX3CR1,CRC.P0701_C000123:3,Clonal
P0701,P0701-PTC-1-26,CD8,CD8_C03-CX3CR1,CRC.P0701_C000123:3,Clonal
P0701,P0701_TTC-1_74,CD8,CD8_C04-GZMK,CRC.P0701_C000153:3,Clonal
P0701,P0701-TTC-146,CD8,CD8_C07-LAYN,CRC.P0701_C000153:3,Clonal
P0701,P0701-TTC-181,CD8,CD8_C07-LAYN,CRC.P0701_C000153:3,Clonal
P0701,P0701-TTR-184,CD4,CD4_C08-IL23R,CRC.P0701_C000245:3,Clonal
P0701,P0701_TTH-1_78,CD4,CD4_C08-IL23R,CRC.P0701_C000245:3,Clonal
P0701,P0701_TTR-2_32,CD4,CD4_C08-IL23R,CRC.P0701_C000245:3,Clonal
P0701,P0701-PTC-1-28,CD8,CD8_C02-GPR183,CRC.P0701_C000248:3,Clonal
P0701,P0701-PTC-1-83,CD8,CD8_C02-GPR183,CRC.P0701_C000248:3,Clonal
P0701,P0701-PTC-1-42,CD8,CD8_C02-GPR183,CRC.P0701_C000248:3,Clonal
P0701,P0701-TTR-142,CD4,CD4_C08-IL23R,CRC.P0701_C000282:3,Clonal
P0701,P0701_TTR-1_92,CD4,CD4_C12-CTLA4,CRC.P0701_C000282:3,Clonal
P0701,P0701_TTR-2_4,CD4,CD4_C12-CTLA4,CRC.P0701_C000282:3,Clonal
P0701,P0701_TTR-2_29,CD4,CD4_C08-IL23R,CRC.P0701_C000436:3,Clonal
P0701,P0701-NTR-151,CD4,CD4_C10-FOXP3,CRC.P0701_C000436:3,Clonal
P0701,P0701-NTR-1-95,other,NA,CRC.P0701_C000436:3,Clonal
P0701,P0701-NTR-1-91,CD4,CD4_C06-CXCR5,CRC.P0701_C000454:3,Clonal
P0701,P0701_TTR-2_27,CD4,CD4_C12-CTLA4,CRC.P0701_C000454:3,Clonal
P0701,P0701-TTR-175,other,NA,CRC.P0701_C000454:3,Clonal
P0701,P0701-PTC-1-76,CD8,CD8_C03-CX3CR1,CRC.P0701_C000455:3,Clonal
P0701,PTC129-20160701,CD8,CD8_C03-CX3CR1,CRC.P0701_C000455:3,Clonal
P0701,P0701-PTC-1-20,CD8,CD8_C03-CX3CR1,CRC.P0701_C000455:3,Clonal
P0701,P0701-NTC-1-26,CD8,CD8_C03-CX3CR1,CRC.P0701_C000478:3,Clonal
P0701,P0701-PTC-1-43,CD8,CD8_C03-CX3CR1,CRC.P0701_C000478:3,Clonal
P0701,PTC122-20160701,CD8,CD8_C03-CX3CR1,CRC.P0701_C000478:3,Clonal
P0701,P0701-TTC-121,CD8,CD8_C07-LAYN,CRC.P0701_C000017:2,Clonal
P0701,P0701-TTC-127,CD8,CD8_C07-LAYN,CRC.P0701_C000017:2,Clonal
P0701,P0701-PTC-113,CD8,CD8_C03-CX3CR1,CRC.P0701_C000024:2,Clonal
P0701,PTC114-20160701,CD8,CD8_C03-CX3CR1,CRC.P0701_C000024:2,Clonal
P0701,P0701-NTC-1-21,CD8,CD8_C06-CD160,CRC.P0701_C000039:2,Clonal
P0701,P0701-NTC-1-95,CD8,CD8_C06-CD160,CRC.P0701_C000039:2,Clonal
P0701,P0701-NTR-181,CD4,CD4_C11-IL10,CRC.P0701_C000059:2,Clonal
P0701,P0701-NTR-130,other,NA,CRC.P0701_C000059:2,Clonal
P0701,P0701-PTC-1-21,CD8,CD8_C03-CX3CR1,CRC.P0701_C000064:2,Clonal
P0701,P0701-PTC-1-40,CD8,CD8_C03-CX3CR1,CRC.P0701_C000064:2,Clonal
P0701,P0701-PTC-1-7,CD8,CD8_C02-GPR183,CRC.P0701_C000066:2,Clonal
P0701,P0701-PTC-1-73,CD8,CD8_C02-GPR183,CRC.P0701_C000066:2,Clonal
P0701,P0701_TTR-1_90,CD4,CD4_C08-IL23R,CRC.P0701_C000075:2,Clonal
P0701,P0701_TTH-1_31,CD4,CD4_C08-IL23R,CRC.P0701_C000075:2,Clonal
P0701,P0701-NTR-1-96,CD4,CD4_C11-IL10,CRC.P0701_C000081:2,Clonal
P0701,P0701_TTR-2_31,CD4,CD4_C12-CTLA4,CRC.P0701_C000081:2,Clonal
P0701,P0701_TTH-1_9,CD4,CD4_C08-IL23R,CRC.P0701_C000090:2,Clonal
P0701,P0701_TTH-1_10,CD4,CD4_C08-IL23R,CRC.P0701_C000090:2,Clonal
P0701,P0701-NTR-1-36,CD4,CD4_C10-FOXP3,CRC.P0701_C000128:2,Clonal
P0701,P0701-NTR-1-34,CD4,CD4_C11-IL10,CRC.P0701_C000128:2,Clonal
P0701,P0701_TTH-1_41,CD4,CD4_C08-IL23R,CRC.P0701_C000148:2,Clonal
P0701,P0701-TTR-136,CD4,CD4_C08-IL23R,CRC.P0701_C000148:2,Clonal
P0701,P0701-PTC-1-70,CD8,CD8_C03-CX3CR1,CRC.P0701_C000149:2,Clonal
P0701,P0701-PTH-2-70,DP,NA,CRC.P0701_C000149:2,Clonal
P0701,P0701-PTC-1-88,CD8,CD8_C02-GPR183,CRC.P0701_C000154:2,Clonal
P0701,PTC134-20160701,CD8,CD8_C02-GPR183,CRC.P0701_C000154:2,Clonal
P0701,P0701-PTH-2-57,CD4,CD4_C03-GNLY,CRC.P0701_C000161:2,Clonal
P0701,P0701-PTH-2-52,DN,NA,CRC.P0701_C000161:2,Clonal
P0701,P0701_PTR-1_37,CD4,CD4_C02-ANXA1,CRC.P0701_C000172:2,Clonal
P0701,PTR50-20160701,CD4,CD4_C02-ANXA1,CRC.P0701_C000172:2,Clonal
P0701,P0701-TTC-159,CD8,CD8_C07-LAYN,CRC.P0701_C000186:2,Clonal
P0701,P0701_TTC-1_40,CD8,CD8_C07-LAYN,CRC.P0701_C000186:2,Clonal
P0701,P0701-TTR-1-73,CD4,CD4_C08-IL23R,CRC.P0701_C000187:2,Clonal
P0701,P0701_TTH-2_4,CD4,CD4_C08-IL23R,CRC.P0701_C000187:2,Clonal
P0701,P0701-TTR-190,CD4,CD4_C08-IL23R,CRC.P0701_C000238:2,Clonal
P0701,P0701_TTR-2_25,CD4,CD4_C12-CTLA4,CRC.P0701_C000238:2,Clonal
P0701,P0701-TTC-108,CD8,CD8_C04-GZMK,CRC.P0701_C000297:2,Clonal
P0701,P0701_TTC-1_18,CD8,CD8_C07-LAYN,CRC.P0701_C000297:2,Clonal
P0701,P0701-PTC-1-74,CD8,CD8_C02-GPR183,CRC.P0701_C000325:2,Clonal
P0701,P0701_TTC-1_54,CD8,CD8_C04-GZMK,CRC.P0701_C000325:2,Clonal
P0701,P0701_TTH-2_3,CD4,CD4_C08-IL23R,CRC.P0701_C000363:2,Clonal
P0701,P0701_TTH-1_21,CD4,CD4_C08-IL23R,CRC.P0701_C000363:2,Clonal
P0701,P0701-NTC-1-13,CD8,CD8_C06-CD160,CRC.P0701_C000368:2,Clonal
P0701,P0701-NTC-1-36,CD8,CD8_C06-CD160,CRC.P0701_C000368:2,Clonal
P0701,P0701_TTH-2_2,CD4,CD4_C08-IL23R,CRC.P0701_C000394:2,Clonal
P0701,P0701-TTR-1-42,CD4,CD4_C08-IL23R,CRC.P0701_C000394:2,Clonal
P0701,P0701_TTC-1_32,CD8,CD8_C02-GPR183,CRC.P0701_C000406:2,Clonal
P0701,P0701-PTC-124,CD8,CD8_C02-GPR183,CRC.P0701_C000406:2,Clonal
P0701,P0701-NTC-1-31,CD8,CD8_C04-GZMK,CRC.P0701_C000410:2,Clonal
P0701,P0701-NTC-1-47,CD8,CD8_C04-GZMK,CRC.P0701_C000410:2,Clonal
P0701,P0701-TTC-144,CD8,CD8_C04-GZMK,CRC.P0701_C000418:2,Clonal
P0701,P0701_TTC-1_63,CD8,CD8_C04-GZMK,CRC.P0701_C000418:2,Clonal
P0701,P0701_TTR-2_10,CD4,CD4_C12-CTLA4,CRC.P0701_C000540:2,Clonal
P0701,P0701-TTR-147,CD4,CD4_C12-CTLA4,CRC.P0701_C000540:2,Clonal
P0701,P0701-PTC-1-82,CD8,CD8_C03-CX3CR1,CRC.P0701_C000551:2,Clonal
P0701,P0701_TTC-1_51,other,NA,CRC.P0701_C000551:2,Clonal
P0701,P0701-TTR-179,CD4,CD4_C08-IL23R,CRC.P0701_C000589:2,Clonal
P0701,P0701_TTC-1_15,other,NA,CRC.P0701_C000589:2,Clonal
P0701,P0701-PTH-2-45,CD4,CD4_C01-CCR7,CRC.P0701_C000001:1,NoClonal
P0701,P0701-PTH-2-43,CD4,CD4_C01-CCR7,CRC.P0701_C000002:1,NoClonal
P0701,P0701-PTH-2-73,other,NA,CRC.P0701_C000003:1,NoClonal
P0701,P0701-NTC-1-1,CD8,CD8_C05-CD6,CRC.P0701_C000004:1,NoClonal
P0701,P0701-PTC-1-84,CD8,CD8_C04-GZMK,CRC.P0701_C000005:1,NoClonal
P0701,P0701-NTR-1-57,CD4,CD4_C04-TCF7,CRC.P0701_C000006:1,NoClonal
P0701,P0701-NTR-1-80,CD4,CD4_C04-TCF7,CRC.P0701_C000007:1,NoClonal
P0701,P0701-NTC-1-67,CD8,CD8_C06-CD160,CRC.P0701_C000008:1,NoClonal
P0701,P0701_PTR-1_67,CD4,CD4_C02-ANXA1,CRC.P0701_C000009:1,NoClonal
P0701,P0701_TTH-2_7,CD4,CD4_C08-IL23R,CRC.P0701_C000010:1,NoClonal
P0701,P0701_TTH-1_95,CD4,CD4_C04-TCF7,CRC.P0701_C000011:1,NoClonal
P0701,P0701-PTH-2-82,CD4,CD4_C02-ANXA1,CRC.P0701_C000012:1,NoClonal
P0701,P0701-PTH-2-48,CD4,CD4_C01-CCR7,CRC.P0701_C000014:1,NoClonal
P0701,P0701_TTH-1_32,CD4,CD4_C08-IL23R,CRC.P0701_C000015:1,NoClonal
P0701,P0701-NTC-1-28,CD8,CD8_C06-CD160,CRC.P0701_C000016:1,NoClonal
P0701,P0701-PTH-2-63,other,NA,CRC.P0701_C000019:1,NoClonal
P0701,P0701-PTC-1-36,CD8,CD8_C01-LEF1,CRC.P0701_C000020:1,NoClonal
P0701,P0701-NTR-100,CD4,CD4_C11-IL10,CRC.P0701_C000021:1,NoClonal
P0701,P0701-NTR-148,CD4,CD4_C04-TCF7,CRC.P0701_C000025:1,NoClonal
P0701,P0701-NTR-97,other,NA,CRC.P0701_C000026:1,NoClonal
P0701,P0701_TTC-1_14,other,NA,CRC.P0701_C000028:1,NoClonal
P0701,P0701-TTR-188,other,NA,CRC.P0701_C000029:1,NoClonal
P0701,P0701-NTR-145,other,NA,CRC.P0701_C000030:1,NoClonal
P0701,P0701-NTR-102,DP,NA,CRC.P0701_C000031:1,NoClonal
P0701,P0701-NTR-106,other,NA,CRC.P0701_C000032:1,NoClonal
P0701,P0701-NTR-120,DP,NA,CRC.P0701_C000033:1,NoClonal
P0701,P0701-PTC-98,CD8,CD8_C04-GZMK,CRC.P0701_C000035:1,NoClonal
P0701,P0701-NTR-112,CD4,CD4_C06-CXCR5,CRC.P0701_C000036:1,NoClonal
P0701,P0701-NTR-141,other,NA,CRC.P0701_C000037:1,NoClonal
P0701,PTR33-20160701,DN,NA,CRC.P0701_C000038:1,NoClonal
P0701,P0701-NTC-1-30,CD8,CD8_C06-CD160,CRC.P0701_C000040:1,NoClonal
P0701,P0701-TTR-133,DP,NA,CRC.P0701_C000041:1,NoClonal
P0701,P0701-TTR-161,DP,NA,CRC.P0701_C000042:1,NoClonal
P0701,P0701-TTC-184,CD8,CD8_C07-LAYN,CRC.P0701_C000043:1,NoClonal
P0701,P0701-TTR-187,DP,NA,CRC.P0701_C000045:1,NoClonal
P0701,P0701-TTR-150,DP,NA,CRC.P0701_C000046:1,NoClonal
P0701,P0701-NTR-146,DP,NA,CRC.P0701_C000048:1,NoClonal
P0701,P0701_PTR-1_48,CD4,CD4_C02-ANXA1,CRC.P0701_C000050:1,NoClonal
P0701,P0701-NTR-134,DP,NA,CRC.P0701_C000052:1,NoClonal
P0701,P0701-NTR-98,other,NA,CRC.P0701_C000053:1,NoClonal
P0701,P0701-NTR-185,other,NA,CRC.P0701_C000054:1,NoClonal
P0701,P0701-PTC-112,CD8,CD8_C04-GZMK,CRC.P0701_C000055:1,NoClonal
P0701,P0701-PTH-2-32,CD4,CD4_C01-CCR7,CRC.P0701_C000056:1,NoClonal
P0701,P0701-PTH-2-27,CD4,CD4_C01-CCR7,CRC.P0701_C000057:1,NoClonal
P0701,P0701-NTR-125,CD4,CD4_C06-CXCR5,CRC.P0701_C000058:1,NoClonal
P0701,P0701-NTR-182,CD4,CD4_C06-CXCR5,CRC.P0701_C000060:1,NoClonal
P0701,P0701-NTR-139,CD4,CD4_C11-IL10,CRC.P0701_C000061:1,NoClonal
P0701,P0701_TTH-1_44,CD4,CD4_C08-IL23R,CRC.P0701_C000062:1,NoClonal
P0701,P0701_PTR-1_70,DN,NA,CRC.P0701_C000063:1,NoClonal
P0701,P0701-PTH-2-72,DP,NA,CRC.P0701_C000065:1,NoClonal
P0701,P0701-NTR-1-4,CD4,CD4_C11-IL10,CRC.P0701_C000067:1,NoClonal
P0701,P0701_PTR-2_29,CD4,CD4_C02-ANXA1,CRC.P0701_C000068:1,NoClonal
P0701,PTC102-20160701,CD8,CD8_C02-GPR183,CRC.P0701_C000069:1,NoClonal
P0701,P0701-PTH-2-54,CD4,CD4_C03-GNLY,CRC.P0701_C000070:1,NoClonal
P0701,PTR27-20160701,CD4,CD4_C01-CCR7,CRC.P0701_C000071:1,NoClonal
P0701,P0701_PTR-1_42,CD4,CD4_C02-ANXA1,CRC.P0701_C000072:1,NoClonal
P0701,P0701-TTC-126,CD8,CD8_C04-GZMK,CRC.P0701_C000073:1,NoClonal
P0701,P0701_TTH-1_28,CD4,CD4_C08-IL23R,CRC.P0701_C000074:1,NoClonal
P0701,PTC128-20160701,CD8,CD8_C01-LEF1,CRC.P0701_C000078:1,NoClonal
P0701,P0701-NTR-1-3,other,NA,CRC.P0701_C000079:1,NoClonal
P0701,P0701-PTH-2-84,CD4,CD4_C02-ANXA1,CRC.P0701_C000080:1,NoClonal
P0701,P0701-PTH-2-20,DN,NA,CRC.P0701_C000082:1,NoClonal
P0701,P0701-PTC-117,CD8,CD8_C03-CX3CR1,CRC.P0701_C000083:1,NoClonal
P0701,P0701-NTR-1-88,CD4,CD4_C01-CCR7,CRC.P0701_C000084:1,NoClonal
P0701,P0701-TTR-1-76,CD4,CD4_C12-CTLA4,CRC.P0701_C000085:1,NoClonal
P0701,P0701-NTR-1-72,CD4,CD4_C08-IL23R,CRC.P0701_C000086:1,NoClonal
P0701,P0701_TTH-1_69,CD4,CD4_C09-CXCL13,CRC.P0701_C000087:1,NoClonal
P0701,P0701_TTC-1_76,CD8,CD8_C08-SLC4A10,CRC.P0701_C000088:1,NoClonal
P0701,P0701-NTR-144,other,NA,CRC.P0701_C000089:1,NoClonal
P0701,P0701_TTR-1_11,CD4,CD4_C04-TCF7,CRC.P0701_C000091:1,NoClonal
P0701,P0701-NTR-109,CD4,CD4_C11-IL10,CRC.P0701_C000092:1,NoClonal
P0701,P0701-PTC-1-8,CD8,CD8_C01-LEF1,CRC.P0701_C000093:1,NoClonal
P0701,P0701-NTR-177,CD4,CD4_C11-IL10,CRC.P0701_C000095:1,NoClonal
P0701,P0701_TTH-1_90,CD4,CD4_C08-IL23R,CRC.P0701_C000096:1,NoClonal
P0701,P0701_TTR-2_11,CD4,CD4_C12-CTLA4,CRC.P0701_C000098:1,NoClonal
P0701,P0701_TTH-1_76,CD4,CD4_C08-IL23R,CRC.P0701_C000099:1,NoClonal
P0701,P0701_TTR-2_2,CD4,CD4_C08-IL23R,CRC.P0701_C000100:1,NoClonal
P0701,P0701-NTR-140,CD4,CD4_C12-CTLA4,CRC.P0701_C000101:1,NoClonal
P0701,P0701_TTC-2_4,CD8,CD8_C07-LAYN,CRC.P0701_C000102:1,NoClonal
P0701,P0701_TTH-1_30,CD4,CD4_C05-CXCR6,CRC.P0701_C000103:1,NoClonal
P0701,P0701-PTC-1-47,CD8,CD8_C01-LEF1,CRC.P0701_C000104:1,NoClonal
P0701,P0701_PTR-1_44,DN,NA,CRC.P0701_C000105:1,NoClonal
P0701,P0701-NTR-113,CD4,CD4_C06-CXCR5,CRC.P0701_C000106:1,NoClonal
P0701,P0701-NTR-143,CD4,CD4_C06-CXCR5,CRC.P0701_C000107:1,NoClonal
P0701,P0701-NTR-111,CD4,CD4_C11-IL10,CRC.P0701_C000108:1,NoClonal
P0701,P0701-NTC-1-66,CD8,CD8_C04-GZMK,CRC.P0701_C000109:1,NoClonal
P0701,P0701_PTR-1_90,CD4,CD4_C02-ANXA1,CRC.P0701_C000110:1,NoClonal
P0701,P0701-PTC-1-41,other,NA,CRC.P0701_C000114:1,NoClonal
P0701,P0701-NTR-1-66,CD4,CD4_C04-TCF7,CRC.P0701_C000115:1,NoClonal
P0701,P0701_TTC-1_28,CD8,CD8_C05-CD6,CRC.P0701_C000117:1,NoClonal
P0701,P0701-PTC-1-66,CD8,CD8_C02-GPR183,CRC.P0701_C000118:1,NoClonal
P0701,P0701-NTR-99,other,NA,CRC.P0701_C000119:1,NoClonal
P0701,PTR52-20160701,DN,NA,CRC.P0701_C000120:1,NoClonal
P0701,P0701-TTR-189,CD4,CD4_C08-IL23R,CRC.P0701_C000121:1,NoClonal
P0701,P0701_PTR-2_15,CD4,CD4_C02-ANXA1,CRC.P0701_C000124:1,NoClonal
P0701,P0701_PTR-2_5,CD4,CD4_C02-ANXA1,CRC.P0701_C000125:1,NoClonal
P0701,P0701_PTR-2_2,CD4,CD4_C02-ANXA1,CRC.P0701_C000126:1,NoClonal
P0701,P0701_TTH-1_20,CD4,CD4_C05-CXCR6,CRC.P0701_C000127:1,NoClonal
P0701,P0701_TTH-1_61,CD4,CD4_C05-CXCR6,CRC.P0701_C000129:1,NoClonal
P0701,P0701-NTC-1-7,CD8,CD8_C01-LEF1,CRC.P0701_C000130:1,NoClonal
P0701,P0701_PTR-1_31,other,NA,CRC.P0701_C000131:1,NoClonal
P0701,P0701_TTR-2_12,CD4,CD4_C12-CTLA4,CRC.P0701_C000132:1,NoClonal
P0701,P0701_TTR-1_57,DN,NA,CRC.P0701_C000133:1,NoClonal
P0701,P0701_TTR-2_6,CD4,CD4_C08-IL23R,CRC.P0701_C000134:1,NoClonal
P0701,P0701-PTC-1-72,CD8,CD8_C03-CX3CR1,CRC.P0701_C000136:1,NoClonal
P0701,P0701_PTR-1_75,CD4,CD4_C02-ANXA1,CRC.P0701_C000137:1,NoClonal
P0701,P0701-NTR-1-14,CD4,CD4_C11-IL10,CRC.P0701_C000138:1,NoClonal
P0701,P0701-TTR-140,CD4,CD4_C08-IL23R,CRC.P0701_C000139:1,NoClonal
P0701,P0701-TTR-141,CD4,CD4_C12-CTLA4,CRC.P0701_C000141:1,NoClonal
P0701,P0701-NTR-1-30,CD4,CD4_C06-CXCR5,CRC.P0701_C000142:1,NoClonal
P0701,P0701-PTH-2-67,CD4,CD4_C01-CCR7,CRC.P0701_C000143:1,NoClonal
P0701,P0701-TTR-182,CD4,CD4_C12-CTLA4,CRC.P0701_C000145:1,NoClonal
P0701,P0701-NTC-1-82,CD8,CD8_C05-CD6,CRC.P0701_C000150:1,NoClonal
P0701,P0701_TTH-1_45,CD4,CD4_C08-IL23R,CRC.P0701_C000151:1,NoClonal
P0701,PTR40-20160701,CD4,CD4_C10-FOXP3,CRC.P0701_C000155:1,NoClonal
P0701,P0701-NTR-119,other,NA,CRC.P0701_C000156:1,NoClonal
P0701,P0701-NTR-1-64,CD4,CD4_C11-IL10,CRC.P0701_C000157:1,NoClonal
P0701,P0701-NTR-1-63,CD4,CD4_C06-CXCR5,CRC.P0701_C000158:1,NoClonal
P0701,P0701-NTR-156,CD4,CD4_C06-CXCR5,CRC.P0701_C000159:1,NoClonal
P0701,P0701-PTH-2-93,CD4,CD4_C01-CCR7,CRC.P0701_C000160:1,NoClonal
P0701,P0701-PTH-2-8,other,NA,CRC.P0701_C000162:1,NoClonal
P0701,P0701-TTR-144,CD4,CD4_C12-CTLA4,CRC.P0701_C000163:1,NoClonal
P0701,P0701-NTR-1-68,CD4,CD4_C06-CXCR5,CRC.P0701_C000165:1,NoClonal
P0701,P0701-PTH-2-50,CD4,CD4_C01-CCR7,CRC.P0701_C000166:1,NoClonal
P0701,P0701-PTC-1-94,CD8,CD8_C03-CX3CR1,CRC.P0701_C000167:1,NoClonal
P0701,P0701-PTH-2-10,CD4,CD4_C02-ANXA1,CRC.P0701_C000168:1,NoClonal
P0701,P0701-NTR-1-8,CD4,CD4_C10-FOXP3,CRC.P0701_C000169:1,NoClonal
P0701,P0701-NTR-1-74,CD4,CD4_C10-FOXP3,CRC.P0701_C000170:1,NoClonal
P0701,P0701_TTH-2_6,CD4,CD4_C05-CXCR6,CRC.P0701_C000171:1,NoClonal
P0701,P0701-TTR-165,CD4,CD4_C12-CTLA4,CRC.P0701_C000173:1,NoClonal
P0701,P0701-NTR-135,DN,NA,CRC.P0701_C000174:1,NoClonal
P0701,P0701-NTC-1-56,CD8,CD8_C05-CD6,CRC.P0701_C000175:1,NoClonal
P0701,P0701-PTC-1-12,CD8,CD8_C03-CX3CR1,CRC.P0701_C000176:1,NoClonal
P0701,P0701_PTR-1_93,CD4,CD4_C02-ANXA1,CRC.P0701_C000177:1,NoClonal
P0701,P0701-PTH-2-5,CD4,CD4_C03-GNLY,CRC.P0701_C000178:1,NoClonal
P0701,P0701_TTC-1_85,CD8,CD8_C08-SLC4A10,CRC.P0701_C000179:1,NoClonal
P0701,P0701_PTR-1_85,CD4,CD4_C02-ANXA1,CRC.P0701_C000180:1,NoClonal
P0701,PTR29-20160701,CD4,CD4_C10-FOXP3,CRC.P0701_C000181:1,NoClonal
P0701,P0701-TTR-1-94,CD4,CD4_C08-IL23R,CRC.P0701_C000182:1,NoClonal
P0701,P0701-TTR-1-78,CD4,CD4_C08-IL23R,CRC.P0701_C000185:1,NoClonal
P0701,P0701-PTH-2-66,CD4,CD4_C03-GNLY,CRC.P0701_C000188:1,NoClonal
P0701,P0701-TTR-156,CD4,CD4_C12-CTLA4,CRC.P0701_C000189:1,NoClonal
P0701,P0701-NTC-1-83,CD8,CD8_C02-GPR183,CRC.P0701_C000190:1,NoClonal
P0701,P0701-NTR-168,DP,NA,CRC.P0701_C000191:1,NoClonal
P0701,P0701-TTC-153,CD8,CD8_C04-GZMK,CRC.P0701_C000192:1,NoClonal
P0701,P0701-NTR-116,CD4,CD4_C06-CXCR5,CRC.P0701_C000193:1,NoClonal
P0701,P0701-PTH-2-25,CD4,CD4_C07-GZMK,CRC.P0701_C000194:1,NoClonal
P0701,P0701_TTH-1_34,CD4,CD4_C08-IL23R,CRC.P0701_C000197:1,NoClonal
P0701,P0701-TTR-1-87,other,NA,CRC.P0701_C000198:1,NoClonal
P0701,P0701_PTR-1_58,CD4,CD4_C02-ANXA1,CRC.P0701_C000199:1,NoClonal
P0701,P0701-NTR-104,CD4,CD4_C11-IL10,CRC.P0701_C000200:1,NoClonal
P0701,P0701_PTR-1_53,CD4,CD4_C02-ANXA1,CRC.P0701_C000201:1,NoClonal
P0701,P0701-PTC-1-2,CD8,CD8_C03-CX3CR1,CRC.P0701_C000202:1,NoClonal
P0701,P0701-TTR-1-80,CD4,CD4_C08-IL23R,CRC.P0701_C000203:1,NoClonal
P0701,P0701-PTH-1-49,CD4,CD4_C02-ANXA1,CRC.P0701_C000204:1,NoClonal
P0701,P0701-NTR-1-16,CD4,CD4_C04-TCF7,CRC.P0701_C000205:1,NoClonal
P0701,P0701_PTR-1_36,CD4,CD4_C10-FOXP3,CRC.P0701_C000206:1,NoClonal
P0701,P0701_PTR-1_45,CD4,CD4_C02-ANXA1,CRC.P0701_C000207:1,NoClonal
P0701,P0701_PTR-1_76,CD4,CD4_C02-ANXA1,CRC.P0701_C000208:1,NoClonal
P0701,P0701-NTR-1-7,CD4,CD4_C11-IL10,CRC.P0701_C000209:1,NoClonal
P0701,P0701-TTR-1-72,CD4,CD4_C12-CTLA4,CRC.P0701_C000210:1,NoClonal
P0701,P0701-PTH-2-4,CD4,CD4_C01-CCR7,CRC.P0701_C000211:1,NoClonal
P0701,P0701_TTH-1_88,CD4,CD4_C04-TCF7,CRC.P0701_C000212:1,NoClonal
P0701,P0701_TTC-1_20,CD8,CD8_C05-CD6,CRC.P0701_C000213:1,NoClonal
P0701,P0701-TTR-186,CD4,CD4_C12-CTLA4,CRC.P0701_C000214:1,NoClonal
P0701,P0701_TTH-1_60,CD4,CD4_C05-CXCR6,CRC.P0701_C000215:1,NoClonal
P0701,P0701_TTC-1_69,CD8,CD8_C05-CD6,CRC.P0701_C000216:1,NoClonal
P0701,P0701_TTR-2_28,CD4,CD4_C12-CTLA4,CRC.P0701_C000217:1,NoClonal
P0701,P0701-NTR-150,other,NA,CRC.P0701_C000218:1,NoClonal
P0701,P0701-PTH-2-35,CD4,CD4_C02-ANXA1,CRC.P0701_C000219:1,NoClonal
P0701,P0701-NTC-1-34,CD8,CD8_C06-CD160,CRC.P0701_C000220:1,NoClonal
P0701,P0701-NTC-1-61,CD8,CD8_C04-GZMK,CRC.P0701_C000221:1,NoClonal
P0701,P0701-NTR-1-77,CD4,CD4_C12-CTLA4,CRC.P0701_C000222:1,NoClonal
P0701,P0701-TTC-192,CD8,CD8_C05-CD6,CRC.P0701_C000223:1,NoClonal
P0701,P0701-PTH-2-75,CD4,CD4_C01-CCR7,CRC.P0701_C000224:1,NoClonal
P0701,P0701-PTC-1-91,CD8,CD8_C01-LEF1,CRC.P0701_C000225:1,NoClonal
P0701,P0701-PTC-1-48,CD8,CD8_C03-CX3CR1,CRC.P0701_C000226:1,NoClonal
P0701,P0701-NTR-1-10,CD4,CD4_C12-CTLA4,CRC.P0701_C000227:1,NoClonal
P0701,P0701-NTR-128,CD4,CD4_C11-IL10,CRC.P0701_C000229:1,NoClonal
P0701,P0701-PTH-2-62,CD4,CD4_C01-CCR7,CRC.P0701_C000230:1,NoClonal
P0701,P0701-PTC-1-52,CD8,CD8_C03-CX3CR1,CRC.P0701_C000231:1,NoClonal
P0701,P0701-PTH-2-81,other,NA,CRC.P0701_C000232:1,NoClonal
P0701,P0701_PTR-1_64,CD4,CD4_C10-FOXP3,CRC.P0701_C000233:1,NoClonal
P0701,P0701-PTC-1-64,CD8,CD8_C02-GPR183,CRC.P0701_C000234:1,NoClonal
P0701,P0701-PTH-2-40,CD4,CD4_C01-CCR7,CRC.P0701_C000235:1,NoClonal
P0701,P0701-NTR-1-53,CD4,CD4_C06-CXCR5,CRC.P0701_C000236:1,NoClonal
P0701,P0701_PTR-2_30,DN,NA,CRC.P0701_C000237:1,NoClonal
P0701,PTR47-20160701,CD4,CD4_C02-ANXA1,CRC.P0701_C000239:1,NoClonal
P0701,P0701_TTR-1_53,DN,NA,CRC.P0701_C000240:1,NoClonal
P0701,PTR25-20160701,CD4,CD4_C10-FOXP3,CRC.P0701_C000241:1,NoClonal
P0701,P0701-NTC-1-17,CD8,CD8_C05-CD6,CRC.P0701_C000242:1,NoClonal
P0701,P0701-PTH-2-3,CD4,CD4_C01-CCR7,CRC.P0701_C000243:1,NoClonal
P0701,P0701-NTC-1-63,CD8,CD8_C05-CD6,CRC.P0701_C000244:1,NoClonal
P0701,P0701-PTH-2-17,CD4,CD4_C01-CCR7,CRC.P0701_C000246:1,NoClonal
P0701,P0701_TTC-1_96,CD8,CD8_C06-CD160,CRC.P0701_C000247:1,NoClonal
P0701,P0701_PTR-1_57,CD4,CD4_C10-FOXP3,CRC.P0701_C000249:1,NoClonal
P0701,P0701-TTR-1-81,CD4,CD4_C12-CTLA4,CRC.P0701_C000250:1,NoClonal
P0701,P0701_PTR-2_22,other,NA,CRC.P0701_C000251:1,NoClonal
P0701,P0701-NTC-1-14,CD8,CD8_C04-GZMK,CRC.P0701_C000253:1,NoClonal
P0701,P0701-PTH-2-19,CD4,CD4_C02-ANXA1,CRC.P0701_C000254:1,NoClonal
P0701,P0701-PTH-2-58,CD4,CD4_C01-CCR7,CRC.P0701_C000255:1,NoClonal
P0701,P0701-NTR-1-9,CD4,CD4_C06-CXCR5,CRC.P0701_C000256:1,NoClonal
P0701,P0701-NTR-172,other,NA,CRC.P0701_C000257:1,NoClonal
P0701,P0701-NTR-175,other,NA,CRC.P0701_C000258:1,NoClonal
P0701,P0701-NTR-163,other,NA,CRC.P0701_C000259:1,NoClonal
P0701,P0701-NTR-165,CD4,CD4_C10-FOXP3,CRC.P0701_C000260:1,NoClonal
P0701,P0701-PTC-123,other,NA,CRC.P0701_C000261:1,NoClonal
P0701,P0701-NTR-1-45,CD4,CD4_C05-CXCR6,CRC.P0701_C000263:1,NoClonal
P0701,P0701-PTC-110,other,NA,CRC.P0701_C000265:1,NoClonal
P0701,P0701-NTR-1-6,CD4,CD4_C06-CXCR5,CRC.P0701_C000266:1,NoClonal
P0701,P0701_TTH-1_57,CD4,CD4_C07-GZMK,CRC.P0701_C000267:1,NoClonal
P0701,P0701-TTC-136,CD8,CD8_C07-LAYN,CRC.P0701_C000268:1,NoClonal
P0701,P0701_PTR-1_74,other,NA,CRC.P0701_C000269:1,NoClonal
P0701,P0701-NTR-1-44,CD4,CD4_C12-CTLA4,CRC.P0701_C000270:1,NoClonal
P0701,P0701-PTH-2-36,CD4,CD4_C01-CCR7,CRC.P0701_C000271:1,NoClonal
P0701,P0701_TTC-1_34,CD8,CD8_C07-LAYN,CRC.P0701_C000272:1,NoClonal
P0701,PTC107-20160701,CD8,CD8_C02-GPR183,CRC.P0701_C000273:1,NoClonal
P0701,P0701-TTR-130,DP,NA,CRC.P0701_C000274:1,NoClonal
P0701,P0701-PTC-1-45,CD8,CD8_C02-GPR183,CRC.P0701_C000275:1,NoClonal
P0701,P0701_TTH-1_87,other,NA,CRC.P0701_C000277:1,NoClonal
P0701,P0701_TTH-1_84,other,NA,CRC.P0701_C000278:1,NoClonal
P0701,P0701_TTH-1_82,CD4,CD4_C08-IL23R,CRC.P0701_C000279:1,NoClonal
P0701,P0701-NTR-1-87,CD4,CD4_C11-IL10,CRC.P0701_C000280:1,NoClonal
P0701,P0701-PTH-2-28,CD4,CD4_C03-GNLY,CRC.P0701_C000281:1,NoClonal
P0701,P0701_PTR-2_4,other,NA,CRC.P0701_C000283:1,NoClonal
P0701,P0701-NTC-1-5,CD8,CD8_C07-LAYN,CRC.P0701_C000284:1,NoClonal
P0701,P0701_TTH-1_52,CD4,CD4_C08-IL23R,CRC.P0701_C000285:1,NoClonal
P0701,PTR56-20160701,DN,NA,CRC.P0701_C000286:1,NoClonal
P0701,P0701-PTC-1-19,CD8,CD8_C02-GPR183,CRC.P0701_C000287:1,NoClonal
P0701,P0701_TTH-1_55,CD4,CD4_C08-IL23R,CRC.P0701_C000288:1,NoClonal
P0701,P0701-PTC-1-81,CD8,CD8_C08-SLC4A10,CRC.P0701_C000289:1,NoClonal
P0701,P0701-PTH-1-1,other,NA,CRC.P0701_C000290:1,NoClonal
P0701,P0701-TTR-145,CD4,CD4_C12-CTLA4,CRC.P0701_C000291:1,NoClonal
P0701,P0701_TTC-1_80,CD8,CD8_C07-LAYN,CRC.P0701_C000292:1,NoClonal
P0701,P0701_PTR-1_41,other,NA,CRC.P0701_C000293:1,NoClonal
P0701,P0701-NTR-1-65,CD4,CD4_C01-CCR7,CRC.P0701_C000294:1,NoClonal
P0701,P0701-PTC-111,CD8,CD8_C02-GPR183,CRC.P0701_C000295:1,NoClonal
P0701,P0701-PTH-2-80,CD4,CD4_C01-CCR7,CRC.P0701_C000296:1,NoClonal
P0701,P0701-NTR-173,other,NA,CRC.P0701_C000298:1,NoClonal
P0701,P0701_TTR-2_21,CD4,CD4_C08-IL23R,CRC.P0701_C000299:1,NoClonal
P0701,P0701-NTR-1-33,CD4,CD4_C04-TCF7,CRC.P0701_C000300:1,NoClonal
P0701,P0701_TTR-2_24,CD4,NA,CRC.P0701_C000302:1,NoClonal
P0701,P0701-PTC-1-49,CD8,CD8_C03-CX3CR1,CRC.P0701_C000303:1,NoClonal
P0701,P0701-TTR-1-70,CD4,CD4_C12-CTLA4,CRC.P0701_C000304:1,NoClonal
P0701,P0701-PTH-2-12,CD4,CD4_C01-CCR7,CRC.P0701_C000305:1,NoClonal
P0701,P0701-TTR-129,other,NA,CRC.P0701_C000307:1,NoClonal
P0701,P0701_PTR-2_16,CD4,CD4_C01-CCR7,CRC.P0701_C000308:1,NoClonal
P0701,P0701-TTR-1-46,CD4,CD4_C08-IL23R,CRC.P0701_C000309:1,NoClonal
P0701,P0701-PTH-2-24,CD4,CD4_C01-CCR7,CRC.P0701_C000310:1,NoClonal
P0701,P0701-NTR-127,CD4,CD4_C11-IL10,CRC.P0701_C000311:1,NoClonal
P0701,P0701-NTR-1-69,other,NA,CRC.P0701_C000312:1,NoClonal
P0701,P0701-NTR-138,DN,NA,CRC.P0701_C000313:1,NoClonal
P0701,P0701_PTR-2_24,DN,NA,CRC.P0701_C000314:1,NoClonal
P0701,PTC119-20160701,CD8,CD8_C02-GPR183,CRC.P0701_C000315:1,NoClonal
P0701,P0701-NTR-108,other,NA,CRC.P0701_C000316:1,NoClonal
P0701,P0701-TTR-1-82,CD4,CD4_C08-IL23R,CRC.P0701_C000317:1,NoClonal
P0701,P0701_PTR-1_71,CD4,CD4_C02-ANXA1,CRC.P0701_C000318:1,NoClonal
P0701,PTR34-20160701,CD4,CD4_C02-ANXA1,CRC.P0701_C000319:1,NoClonal
P0701,P0701_TTC-1_55,CD8,CD8_C03-CX3CR1,CRC.P0701_C000320:1,NoClonal
P0701,P0701-PTC-1-63,CD8,CD8_C04-GZMK,CRC.P0701_C000321:1,NoClonal
P0701,P0701-NTR-1-70,CD4,CD4_C06-CXCR5,CRC.P0701_C000322:1,NoClonal
P0701,P0701_TTR-2_8,CD4,CD4_C08-IL23R,CRC.P0701_C000323:1,NoClonal
P0701,P0701-PTH-2-13,CD4,CD4_C02-ANXA1,CRC.P0701_C000324:1,NoClonal
P0701,P0701_PTR-1_78,DN,NA,CRC.P0701_C000326:1,NoClonal
P0701,P0701_TTH-1_46,CD4,CD4_C05-CXCR6,CRC.P0701_C000327:1,NoClonal
P0701,P0701_TTH-1_80,CD4,CD4_C08-IL23R,CRC.P0701_C000328:1,NoClonal
P0701,P0701-TTR-1-43,CD4,CD4_C08-IL23R,CRC.P0701_C000329:1,NoClonal
P0701,P0701-PTH-2-77,CD4,CD4_C01-CCR7,CRC.P0701_C000331:1,NoClonal
P0701,P0701-PTH-2-87,CD4,CD4_C01-CCR7,CRC.P0701_C000332:1,NoClonal
P0701,P0701-NTR-136,CD4,CD4_C11-IL10,CRC.P0701_C000333:1,NoClonal
P0701,P0701_TTH-1_51,DN,NA,CRC.P0701_C000334:1,NoClonal
P0701,P0701-NTR-1-18,DN,NA,CRC.P0701_C000335:1,NoClonal
P0701,P0701-PTH-2-61,DN,NA,CRC.P0701_C000336:1,NoClonal
P0701,P0701_PTR-1_79,CD4,CD4_C02-ANXA1,CRC.P0701_C000337:1,NoClonal
P0701,P0701-NTR-169,other,NA,CRC.P0701_C000338:1,NoClonal
P0701,P0701-PTC-1-51,CD8,CD8_C02-GPR183,CRC.P0701_C000339:1,NoClonal
P0701,P0701-NTR-1-83,CD4,CD4_C04-TCF7,CRC.P0701_C000340:1,NoClonal
P0701,P0701-NTR-118,CD4,CD4_C11-IL10,CRC.P0701_C000341:1,NoClonal
P0701,P0701_TTH-1_22,CD4,CD4_C08-IL23R,CRC.P0701_C000342:1,NoClonal
P0701,P0701_PTR-2_28,CD4,CD4_C10-FOXP3,CRC.P0701_C000343:1,NoClonal
P0701,P0701_TTH-1_16,CD4,CD4_C05-CXCR6,CRC.P0701_C000344:1,NoClonal
P0701,P0701_PTR-1_83,CD4,CD4_C01-CCR7,CRC.P0701_C000345:1,NoClonal
P0701,P0701-TTC-189,CD8,CD8_C04-GZMK,CRC.P0701_C000347:1,NoClonal
P0701,P0701-NTC-1-44,CD8,CD8_C01-LEF1,CRC.P0701_C000348:1,NoClonal
P0701,P0701-NTR-1-17,CD4,CD4_C04-TCF7,CRC.P0701_C000349:1,NoClonal
P0701,P0701_TTH-1_26,CD4,CD4_C02-ANXA1,CRC.P0701_C000350:1,NoClonal
P0701,P0701-TTR-185,CD4,CD4_C12-CTLA4,CRC.P0701_C000351:1,NoClonal
P0701,P0701-TTR-134,CD4,CD4_C12-CTLA4,CRC.P0701_C000352:1,NoClonal
P0701,P0701_PTR-1_72,CD4,CD4_C10-FOXP3,CRC.P0701_C000353:1,NoClonal
P0701,P0701_PTR-1_95,CD4,CD4_C10-FOXP3,CRC.P0701_C000354:1,NoClonal
P0701,P0701-TTR-148,other,NA,CRC.P0701_C000355:1,NoClonal
P0701,P0701-NTR-1-40,CD4,CD4_C06-CXCR5,CRC.P0701_C000356:1,NoClonal
P0701,P0701-PTC-1-5,CD8,CD8_C02-GPR183,CRC.P0701_C000357:1,NoClonal
P0701,P0701_TTR-1_52,CD4,CD4_C08-IL23R,CRC.P0701_C000358:1,NoClonal
P0701,P0701-NTR-129,DP,NA,CRC.P0701_C000359:1,NoClonal
P0701,P0701-PTC-1-22,CD8,CD8_C01-LEF1,CRC.P0701_C000360:1,NoClonal
P0701,P0701-TTR-1-93,CD4,CD4_C12-CTLA4,CRC.P0701_C000361:1,NoClonal
P0701,P0701-PTH-2-11,CD4,CD4_C02-ANXA1,CRC.P0701_C000362:1,NoClonal
P0701,P0701-TTR-155,CD4,CD4_C08-IL23R,CRC.P0701_C000364:1,NoClonal
P0701,P0701-TTC-119,CD8,CD8_C05-CD6,CRC.P0701_C000365:1,NoClonal
P0701,P0701_TTR-1_85,CD4,CD4_C08-IL23R,CRC.P0701_C000366:1,NoClonal
P0701,P0701_TTR-2_22,CD4,CD4_C12-CTLA4,CRC.P0701_C000367:1,NoClonal
P0701,P0701-PTC-1-11,CD8,CD8_C03-CX3CR1,CRC.P0701_C000369:1,NoClonal
P0701,P0701_PTR-1_91,CD4,CD4_C10-FOXP3,CRC.P0701_C000370:1,NoClonal
P0701,PTC108-20160701,CD8,CD8_C04-GZMK,CRC.P0701_C000371:1,NoClonal
P0701,P0701_PTR-1_52,CD4,CD4_C02-ANXA1,CRC.P0701_C000373:1,NoClonal
P0701,P0701-TTR-139,CD4,CD4_C12-CTLA4,CRC.P0701_C000374:1,NoClonal
P0701,P0701-TTR-1-65,CD4,CD4_C12-CTLA4,CRC.P0701_C000375:1,NoClonal
P0701,P0701-NTC-1-3,CD8,CD8_C05-CD6,CRC.P0701_C000376:1,NoClonal
P0701,P0701_TTH-1_66,CD4,CD4_C02-ANXA1,CRC.P0701_C000377:1,NoClonal
P0701,P0701-PTC-100,CD8,CD8_C02-GPR183,CRC.P0701_C000378:1,NoClonal
P0701,P0701_TTC-1_58,CD8,CD8_C04-GZMK,CRC.P0701_C000379:1,NoClonal
P0701,P0701_TTC-1_13,other,NA,CRC.P0701_C000380:1,NoClonal
P0701,P0701-NTR-1-11,CD4,CD4_C06-CXCR5,CRC.P0701_C000381:1,NoClonal
P0701,PTC141-20160701,other,NA,CRC.P0701_C000382:1,NoClonal
P0701,P0701_PTR-2_21,CD4,CD4_C10-FOXP3,CRC.P0701_C000383:1,NoClonal
P0701,P0701_PTR-1_59,DN,NA,CRC.P0701_C000384:1,NoClonal
P0701,P0701-NTR-1-43,CD4,CD4_C11-IL10,CRC.P0701_C000385:1,NoClonal
P0701,P0701-NTR-1-21,CD4,CD4_C11-IL10,CRC.P0701_C000386:1,NoClonal
P0701,P0701-TTR-1-75,CD4,CD4_C08-IL23R,CRC.P0701_C000387:1,NoClonal
P0701,PTR46-20160701,CD4,CD4_C02-ANXA1,CRC.P0701_C000388:1,NoClonal
P0701,P0701_TTC-1_38,CD8,CD8_C07-LAYN,CRC.P0701_C000389:1,NoClonal
P0701,P0701-NTC-1-42,CD8,CD8_C06-CD160,CRC.P0701_C000390:1,NoClonal
P0701,P0701_PTR-1_62,CD4,CD4_C02-ANXA1,CRC.P0701_C000391:1,NoClonal
P0701,P0701-NTR-1-23,CD4,CD4_C06-CXCR5,CRC.P0701_C000392:1,NoClonal
P0701,P0701-PTH-2-91,CD4,CD4_C01-CCR7,CRC.P0701_C000393:1,NoClonal
P0701,P0701_TTH-1_92,DN,NA,CRC.P0701_C000395:1,NoClonal
P0701,P0701_TTH-1_70,CD4,CD4_C08-IL23R,CRC.P0701_C000396:1,NoClonal
P0701,P0701-NTC-1-81,CD8,CD8_C01-LEF1,CRC.P0701_C000397:1,NoClonal
P0701,P0701-NTR-1-55,CD4,CD4_C11-IL10,CRC.P0701_C000398:1,NoClonal
P0701,P0701-NTR-1-15,CD4,CD4_C12-CTLA4,CRC.P0701_C000400:1,NoClonal
P0701,P0701-NTR-1-48,CD4,CD4_C06-CXCR5,CRC.P0701_C000401:1,NoClonal
P0701,P0701_PTR-1_34,other,NA,CRC.P0701_C000402:1,NoClonal
P0701,P0701_TTR-1_48,other,NA,CRC.P0701_C000403:1,NoClonal
P0701,P0701_TTH-1_38,CD4,CD4_C04-TCF7,CRC.P0701_C000404:1,NoClonal
P0701,P0701_TTR-1_89,CD4,CD4_C08-IL23R,CRC.P0701_C000405:1,NoClonal
P0701,P0701-TTC-170,CD8,CD8_C04-GZMK,CRC.P0701_C000407:1,NoClonal
P0701,P0701_TTR-2_1,CD4,CD4_C12-CTLA4,CRC.P0701_C000408:1,NoClonal
P0701,PTC121-20160701,CD8,CD8_C02-GPR183,CRC.P0701_C000409:1,NoClonal
P0701,P0701-PTC-1-33,CD8,CD8_C02-GPR183,CRC.P0701_C000411:1,NoClonal
P0701,P0701-NTR-142,DP,NA,CRC.P0701_C000412:1,NoClonal
P0701,P0701-NTR-121,other,NA,CRC.P0701_C000413:1,NoClonal
P0701,P0701-PTC-1-37,CD8,CD8_C02-GPR183,CRC.P0701_C000414:1,NoClonal
P0701,P0701-PTH-2-95,CD4,CD4_C01-CCR7,CRC.P0701_C000416:1,NoClonal
P0701,P0701-TTC-168,CD8,CD8_C05-CD6,CRC.P0701_C000417:1,NoClonal
P0701,P0701_PTR-1_65,CD4,CD4_C02-ANXA1,CRC.P0701_C000419:1,NoClonal
P0701,P0701_TTC-1_93,CD8,CD8_C04-GZMK,CRC.P0701_C000420:1,NoClonal
P0701,P0701_TTH-1_50,CD4,CD4_C05-CXCR6,CRC.P0701_C000421:1,NoClonal
P0701,P0701_TTH-1_17,CD4,CD4_C08-IL23R,CRC.P0701_C000422:1,NoClonal
P0701,P0701_PTR-1_94,CD4,CD4_C10-FOXP3,CRC.P0701_C000423:1,NoClonal
P0701,P0701_PTR-1_87,CD4,CD4_C02-ANXA1,CRC.P0701_C000424:1,NoClonal
P0701,P0701_TTR-1_61,CD4,CD4_C12-CTLA4,CRC.P0701_C000425:1,NoClonal
P0701,P0701-PTH-2-26,CD4,CD4_C01-CCR7,CRC.P0701_C000426:1,NoClonal
P0701,P0701-TTR-162,CD4,CD4_C12-CTLA4,CRC.P0701_C000427:1,NoClonal
P0701,P0701-TTR-164,other,NA,CRC.P0701_C000428:1,NoClonal
P0701,P0701-PTC-1-34,CD8,CD8_C03-CX3CR1,CRC.P0701_C000429:1,NoClonal
P0701,P0701-NTC-1-9,CD8,CD8_C01-LEF1,CRC.P0701_C000431:1,NoClonal
P0701,PTC101-20160701,CD8,CD8_C02-GPR183,CRC.P0701_C000432:1,NoClonal
P0701,P0701-TTR-169,CD4,CD4_C12-CTLA4,CRC.P0701_C000433:1,NoClonal
P0701,P0701-PTH-2-44,CD4,CD4_C01-CCR7,CRC.P0701_C000434:1,NoClonal
P0701,P0701_PTR-1_77,CD4,CD4_C02-ANXA1,CRC.P0701_C000435:1,NoClonal
P0701,P0701-NTR-1-19,CD4,CD4_C12-CTLA4,CRC.P0701_C000437:1,NoClonal
P0701,P0701-TTC-166,CD8,CD8_C04-GZMK,CRC.P0701_C000438:1,NoClonal
P0701,P0701-NTR-1-35,CD4,CD4_C06-CXCR5,CRC.P0701_C000439:1,NoClonal
P0701,P0701_TTC-2_3,CD8,CD8_C07-LAYN,CRC.P0701_C000440:1,NoClonal
P0701,P0701_TTR-2_5,CD4,CD4_C12-CTLA4,CRC.P0701_C000441:1,NoClonal
P0701,P0701-NTR-1-24,CD4,CD4_C11-IL10,CRC.P0701_C000442:1,NoClonal
P0701,P0701_PTR-1_50,DN,NA,CRC.P0701_C000443:1,NoClonal
P0701,P0701-TTR-1-47,CD4,CD4_C12-CTLA4,CRC.P0701_C000444:1,NoClonal
P0701,P0701_TTH-1_24,CD4,CD4_C08-IL23R,CRC.P0701_C000445:1,NoClonal
P0701,P0701-TTR-178,CD4,CD4_C12-CTLA4,CRC.P0701_C000446:1,NoClonal
P0701,P0701_TTH-1_23,CD4,CD4_C05-CXCR6,CRC.P0701_C000447:1,NoClonal
P0701,P0701-NTR-164,DN,NA,CRC.P0701_C000448:1,NoClonal
P0701,P0701-NTR-124,DN,NA,CRC.P0701_C000449:1,NoClonal
P0701,P0701_TTH-1_48,CD4,CD4_C08-IL23R,CRC.P0701_C000450:1,NoClonal
P0701,P0701-NTR-184,CD4,CD4_C11-IL10,CRC.P0701_C000451:1,NoClonal
P0701,P0701-PTC-1-4,CD8,CD8_C02-GPR183,CRC.P0701_C000452:1,NoClonal
P0701,P0701_TTH-1_58,CD4,CD4_C05-CXCR6,CRC.P0701_C000453:1,NoClonal
P0701,P0701_TTH-1_65,CD4,CD4_C04-TCF7,CRC.P0701_C000456:1,NoClonal
P0701,P0701-NTR-1-26,CD4,CD4_C06-CXCR5,CRC.P0701_C000457:1,NoClonal
P0701,P0701-TTR-191,CD4,CD4_C08-IL23R,CRC.P0701_C000458:1,NoClonal
P0701,P0701-PTH-2-55,CD4,CD4_C01-CCR7,CRC.P0701_C000459:1,NoClonal
P0701,P0701_TTR-1_63,DN,NA,CRC.P0701_C000460:1,NoClonal
P0701,P0701-PTC-1-80,CD8,CD8_C01-LEF1,CRC.P0701_C000461:1,NoClonal
P0701,P0701_TTR-2_3,CD4,CD4_C12-CTLA4,CRC.P0701_C000462:1,NoClonal
P0701,P0701-NTR-147,CD4,CD4_C11-IL10,CRC.P0701_C000464:1,NoClonal
P0701,P0701_TTH-1_56,CD4,CD4_C07-GZMK,CRC.P0701_C000465:1,NoClonal
P0701,P0701-NTR-1-82,CD4,CD4_C10-FOXP3,CRC.P0701_C000466:1,NoClonal
P0701,P0701-PTC-120,CD8,CD8_C01-LEF1,CRC.P0701_C000467:1,NoClonal
P0701,P0701-NTR-157,CD4,CD4_C11-IL10,CRC.P0701_C000468:1,NoClonal
P0701,P0701-TTR-163,CD4,CD4_C12-CTLA4,CRC.P0701_C000469:1,NoClonal
P0701,PTC118-20160701,CD8,CD8_C03-CX3CR1,CRC.P0701_C000470:1,NoClonal
P0701,P0701-NTR-159,other,NA,CRC.P0701_C000471:1,NoClonal
P0701,P0701-NTR-167,CD4,CD4_C04-TCF7,CRC.P0701_C000472:1,NoClonal
P0701,P0701-NTR-1-31,CD4,CD4_C04-TCF7,CRC.P0701_C000473:1,NoClonal
P0701,P0701-NTR-149,CD4,CD4_C11-IL10,CRC.P0701_C000474:1,NoClonal
P0701,P0701-PTC-1-90,CD8,CD8_C03-CX3CR1,CRC.P0701_C000475:1,NoClonal
P0701,P0701_PTR-1_92,other,NA,CRC.P0701_C000476:1,NoClonal
P0701,P0701_TTH-1_27,CD4,CD4_C05-CXCR6,CRC.P0701_C000477:1,NoClonal
P0701,P0701-NTR-178,CD4,CD4_C06-CXCR5,CRC.P0701_C000479:1,NoClonal
P0701,P0701-NTR-1-54,CD4,CD4_C06-CXCR5,CRC.P0701_C000480:1,NoClonal
P0701,P0701-PTH-2-96,CD4,CD4_C01-CCR7,CRC.P0701_C000481:1,NoClonal
P0701,P0701-PTC-1-69,CD8,CD8_C02-GPR183,CRC.P0701_C000482:1,NoClonal
P0701,P0701-PTH-2-15,CD4,CD4_C02-ANXA1,CRC.P0701_C000483:1,NoClonal
P0701,P0701-PTC-132,CD8,CD8_C03-CX3CR1,CRC.P0701_C000484:1,NoClonal
P0701,P0701-NTR-1-37,DN,NA,CRC.P0701_C000485:1,NoClonal
P0701,P0701-PTH-2-23,other,NA,CRC.P0701_C000486:1,NoClonal
P0701,P0701-TTC-161,CD8,CD8_C04-GZMK,CRC.P0701_C000487:1,NoClonal
P0701,P0701-TTR-132,CD4,CD4_C11-IL10,CRC.P0701_C000488:1,NoClonal
P0701,P0701-PTC-1-55,CD8,CD8_C01-LEF1,CRC.P0701_C000489:1,NoClonal
P0701,P0701_PTR-1_96,DN,NA,CRC.P0701_C000490:1,NoClonal
P0701,P0701_PTR-1_80,DN,NA,CRC.P0701_C000491:1,NoClonal
P0701,P0701-NTR-1-75,CD4,CD4_C06-CXCR5,CRC.P0701_C000492:1,NoClonal
P0701,P0701-PTH-2-14,CD4,CD4_C01-CCR7,CRC.P0701_C000493:1,NoClonal
P0701,P0701-TTC-187,CD8,CD8_C07-LAYN,CRC.P0701_C000494:1,NoClonal
P0701,P0701-TTR-171,CD4,CD4_C08-IL23R,CRC.P0701_C000495:1,NoClonal
P0701,P0701_TTH-1_89,CD4,CD4_C08-IL23R,CRC.P0701_C000496:1,NoClonal
P0701,P0701-PTC-1-68,CD8,CD8_C02-GPR183,CRC.P0701_C000497:1,NoClonal
P0701,P0701-TTR-1-64,CD4,CD4_C12-CTLA4,CRC.P0701_C000498:1,NoClonal
P0701,P0701_TTH-1_59,CD4,CD4_C04-TCF7,CRC.P0701_C000499:1,NoClonal
P0701,P0701_TTH-1_96,CD4,CD4_C08-IL23R,CRC.P0701_C000500:1,NoClonal
P0701,P0701-PTC-1-77,CD8,CD8_C02-GPR183,CRC.P0701_C000501:1,NoClonal
P0701,P0701-PTC-1-50,CD8,CD8_C03-CX3CR1,CRC.P0701_C000502:1,NoClonal
P0701,P0701-TTC-137,CD8,CD8_C07-LAYN,CRC.P0701_C000503:1,NoClonal
P0701,P0701_TTH-1_64,CD4,CD4_C05-CXCR6,CRC.P0701_C000504:1,NoClonal
P0701,P0701-PTH-2-56,CD4,CD4_C01-CCR7,CRC.P0701_C000505:1,NoClonal
P0701,P0701-NTR-1-62,CD4,CD4_C04-TCF7,CRC.P0701_C000506:1,NoClonal
P0701,P0701-TTR-166,CD4,CD4_C08-IL23R,CRC.P0701_C000507:1,NoClonal
P0701,P0701-TTR-160,DP,NA,CRC.P0701_C000508:1,NoClonal
P0701,P0701-NTR-1-38,DN,NA,CRC.P0701_C000509:1,NoClonal
P0701,P0701-PTH-2-74,CD4,CD4_C02-ANXA1,CRC.P0701_C000510:1,NoClonal
P0701,P0701_TTR-2_19,other,NA,CRC.P0701_C000511:1,NoClonal
P0701,P0701-NTR-155,CD4,CD4_C11-IL10,CRC.P0701_C000512:1,NoClonal
P0701,P0701-PTC-1-9,CD8,CD8_C01-LEF1,CRC.P0701_C000513:1,NoClonal
P0701,P0701_TTR-2_13,CD4,CD4_C12-CTLA4,CRC.P0701_C000514:1,NoClonal
P0701,P0701_PTR-2_19,other,NA,CRC.P0701_C000515:1,NoClonal
P0701,P0701-PTH-2-90,CD4,CD4_C01-CCR7,CRC.P0701_C000516:1,NoClonal
P0701,P0701-PTH-2-31,CD4,CD4_C01-CCR7,CRC.P0701_C000517:1,NoClonal
P0701,P0701-PTC-1-17,CD8,CD8_C01-LEF1,CRC.P0701_C000518:1,NoClonal
P0701,P0701-NTC-1-92,CD8,CD8_C06-CD160,CRC.P0701_C000519:1,NoClonal
P0701,P0701_PTR-1_40,DN,NA,CRC.P0701_C000520:1,NoClonal
P0701,P0701-NTR-1-58,CD4,CD4_C11-IL10,CRC.P0701_C000522:1,NoClonal
P0701,P0701-PTH-2-85,CD4,CD4_C01-CCR7,CRC.P0701_C000523:1,NoClonal
P0701,P0701-NTR-133,other,NA,CRC.P0701_C000524:1,NoClonal
P0701,P0701-TTC-150,CD8,CD8_C04-GZMK,CRC.P0701_C000525:1,NoClonal
P0701,P0701_TTC-1_70,CD8,CD8_C03-CX3CR1,CRC.P0701_C000526:1,NoClonal
P0701,P0701_PTR-1_54,CD4,CD4_C02-ANXA1,CRC.P0701_C000527:1,NoClonal
P0701,P0701-NTR-1-81,CD4,CD4_C11-IL10,CRC.P0701_C000528:1,NoClonal
P0701,P0701-TTR-2-16,CD4,CD4_C12-CTLA4,CRC.P0701_C000529:1,NoClonal
P0701,P0701-NTR-1-73,CD4,CD4_C06-CXCR5,CRC.P0701_C000530:1,NoClonal
P0701,P0701-NTR-1-47,CD4,CD4_C06-CXCR5,CRC.P0701_C000531:1,NoClonal
P0701,P0701-NTR-1-13,CD4,CD4_C04-TCF7,CRC.P0701_C000532:1,NoClonal
P0701,P0701-TTR-135,CD4,CD4_C12-CTLA4,CRC.P0701_C000533:1,NoClonal
P0701,P0701-PTH-2-42,CD4,CD4_C02-ANXA1,CRC.P0701_C000534:1,NoClonal
P0701,P0701_PTR-1_43,DN,NA,CRC.P0701_C000535:1,NoClonal
P0701,P0701-PTC-1-23,CD8,CD8_C01-LEF1,CRC.P0701_C000536:1,NoClonal
P0701,P0701-NTR-1-93,DN,NA,CRC.P0701_C000537:1,NoClonal
P0701,P0701-NTR-1-67,CD4,CD4_C10-FOXP3,CRC.P0701_C000538:1,NoClonal
P0701,P0701-PTH-2-94,CD4,CD4_C02-ANXA1,CRC.P0701_C000539:1,NoClonal
P0701,P0701-PTH-2-59,CD4,CD4_C01-CCR7,CRC.P0701_C000541:1,NoClonal
P0701,P0701_PTR-1_60,CD4,CD4_C02-ANXA1,CRC.P0701_C000542:1,NoClonal
P0701,P0701-NTR-1-22,CD4,CD4_C11-IL10,CRC.P0701_C000543:1,NoClonal
P0701,P0701-NTR-1-90,CD4,CD4_C11-IL10,CRC.P0701_C000544:1,NoClonal
P0701,P0701-NTR-1-20,other,NA,CRC.P0701_C000545:1,NoClonal
P0701,P0701-NTR-1-12,DN,NA,CRC.P0701_C000546:1,NoClonal
P0701,P0701-TTR-1-49,CD4,CD4_C07-GZMK,CRC.P0701_C000547:1,NoClonal
P0701,P0701-TTR-173,other,NA,CRC.P0701_C000548:1,NoClonal
P0701,P0701_PTR-1_47,CD4,CD4_C02-ANXA1,CRC.P0701_C000549:1,NoClonal
P0701,P0701_PTR-1_32,DN,NA,CRC.P0701_C000550:1,NoClonal
P0701,P0701-TTC-185,CD8,CD8_C05-CD6,CRC.P0701_C000552:1,NoClonal
P0701,P0701-PTH-2-34,DN,NA,CRC.P0701_C000553:1,NoClonal
P0701,PTR32-20160701,CD4,CD4_C02-ANXA1,CRC.P0701_C000554:1,NoClonal
P0701,P0701_TTC-1_89,CD8,CD8_C05-CD6,CRC.P0701_C000555:1,NoClonal
P0701,P0701-PTH-2-33,other,NA,CRC.P0701_C000557:1,NoClonal
P0701,P0701-NTC-1-52,CD8,CD8_C05-CD6,CRC.P0701_C000558:1,NoClonal
P0701,P0701-PTH-2-51,CD4,CD4_C01-CCR7,CRC.P0701_C000559:1,NoClonal
P0701,P0701-NTR-1-76,CD4,CD4_C12-CTLA4,CRC.P0701_C000560:1,NoClonal
P0701,P0701_TTH-1_77,CD4,CD4_C05-CXCR6,CRC.P0701_C000561:1,NoClonal
P0701,P0701-NTR-1-42,CD4,CD4_C12-CTLA4,CRC.P0701_C000562:1,NoClonal
P0701,P0701_TTC-1_9,other,NA,CRC.P0701_C000563:1,NoClonal
P0701,P0701_PTR-2_14,CD4,CD4_C02-ANXA1,CRC.P0701_C000564:1,NoClonal
P0701,P0701-PTH-2-9,CD4,CD4_C01-CCR7,CRC.P0701_C000565:1,NoClonal
P0701,P0701_PTR-1_61,DN,NA,CRC.P0701_C000566:1,NoClonal
P0701,P0701-NTR-117,CD4,CD4_C11-IL10,CRC.P0701_C000567:1,NoClonal
P0701,P0701-NTR-1-56,CD4,CD4_C06-CXCR5,CRC.P0701_C000569:1,NoClonal
P0701,P0701-NTR-180,CD4,CD4_C11-IL10,CRC.P0701_C000570:1,NoClonal
P0701,P0701-NTR-1-49,other,NA,CRC.P0701_C000571:1,NoClonal
P0701,P0701_PTR-1_68,CD4,CD4_C02-ANXA1,CRC.P0701_C000572:1,NoClonal
P0701,P0701_PTR-1_46,CD4,CD4_C10-FOXP3,CRC.P0701_C000573:1,NoClonal
P0701,P0701-PTC-1-54,CD8,CD8_C04-GZMK,CRC.P0701_C000574:1,NoClonal
P0701,P0701-PTH-2-18,DN,NA,CRC.P0701_C000575:1,NoClonal
P0701,P0701_TTH-1_29,CD4,CD4_C08-IL23R,CRC.P0701_C000576:1,NoClonal
P0701,P0701-PTC-1-3,CD8,CD8_C04-GZMK,CRC.P0701_C000577:1,NoClonal
P0701,P0701-NTR-1-60,DN,NA,CRC.P0701_C000578:1,NoClonal
P0701,P0701-PTH-2-22,CD4,CD4_C02-ANXA1,CRC.P0701_C000579:1,NoClonal
P0701,P0701-TTR-154,CD4,CD4_C12-CTLA4,CRC.P0701_C000580:1,NoClonal
P0701,P0701_PTR-1_86,DN,NA,CRC.P0701_C000581:1,NoClonal
P0701,P0701-PTC-1-38,CD8,CD8_C03-CX3CR1,CRC.P0701_C000582:1,NoClonal
P0701,P0701-NTC-1-48,CD8,CD8_C04-GZMK,CRC.P0701_C000583:1,NoClonal
P0701,P0701-PTH-2-16,DN,NA,CRC.P0701_C000584:1,NoClonal
P0701,P0701-TTR-177,CD4,CD4_C12-CTLA4,CRC.P0701_C000585:1,NoClonal
P0701,P0701-NTR-1-71,CD4,CD4_C06-CXCR5,CRC.P0701_C000586:1,NoClonal
P0701,P0701-NTR-154,CD4,CD4_C06-CXCR5,CRC.P0701_C000587:1,NoClonal
P0701,P0701-PTC-1-85,CD8,CD8_C01-LEF1,CRC.P0701_C000588:1,NoClonal
P0701,P0701_TTH-1_49,CD4,CD4_C08-IL23R,CRC.P0701_C000590:1,NoClonal
P0701,P0701_TTR-2_7,CD4,CD4_C12-CTLA4,CRC.P0701_C000591:1,NoClonal
P0701,P0701-TTR-2-17,CD4,CD4_C12-CTLA4,CRC.P0701_C000592:1,NoClonal
P0701,P0701_PTR-1_33,DN,NA,CRC.P0701_C000593:1,NoClonal
P0701,P0701_TTH-1_14,CD4,CD4_C07-GZMK,CRC.P0701_C000594:1,NoClonal
P0701,P0701-TTR-2-15,other,NA,CRC.P0701_C000595:1,NoClonal
P0701,P0701-PTH-2-41,CD4,CD4_C03-GNLY,CRC.P0701_C000596:1,NoClonal
P0701,P0701-TTR-168,CD4,CD4_C08-IL23R,CRC.P0701_C000597:1,NoClonal
P0701,P0701-PTH-2-89,CD4,CD4_C01-CCR7,CRC.P0701_C000598:1,NoClonal
P0701,P0701-PTH-2-7,other,NA,CRC.P0701_C000599:1,NoClonal
P0701,P0701_TTR-1_54,CD4,CD4_C08-IL23R,CRC.P0701_C000600:1,NoClonal
P0701,P0701-TTR-1-84,CD4,CD4_C05-CXCR6,CRC.P0701_C000601:1,NoClonal
P0701,P0701-PTH-2-47,other,NA,CRC.P0701_C000602:1,NoClonal
P0701,P0701_TTH-1_85,CD4,CD4_C05-CXCR6,CRC.P0701_C000603:1,NoClonal
P0701,P0701_TTH-1_79,CD4,CD4_C08-IL23R,CRC.P0701_C000604:1,NoClonal
P0701,P0701-NTR-1-5,other,NA,CRC.P0701_C000605:1,NoClonal
P0701,P0701_TTH-2_5,CD4,CD4_C08-IL23R,CRC.P0701_C000606:1,NoClonal
P0701,P0701-PTH-2-76,CD4,CD4_C02-ANXA1,CRC.P0701_C000607:1,NoClonal
P0701,PTC116-20160701,CD8,CD8_C01-LEF1,CRC.P0701_C000608:1,NoClonal
P0701,P0701-PTH-2-64,CD4,CD4_C01-CCR7,CRC.P0701_C000610:1,NoClonal
P0701,P0701_PTR-1_49,CD4,CD4_C10-FOXP3,CRC.P0701_C000611:1,NoClonal
P0701,P0701-PTC-1-79,CD8,CD8_C02-GPR183,CRC.P0701_C000612:1,NoClonal
P0701,P0701-NTR-103,CD4,CD4_C04-TCF7,CRC.P0701_C000613:1,NoClonal
P0701,P0701-TTR-172,DP,NA,CRC.P0701_C000614:1,NoClonal
P0701,P0701-NTR-114,CD4,CD4_C04-TCF7,CRC.P0701_C000615:1,NoClonal
P0701,P0701-PTC-1-60,CD8,CD8_C02-GPR183,CRC.P0701_C000616:1,NoClonal
P0701,P0701_TTC-1_64,CD8,CD8_C04-GZMK,CRC.P0701_C000617:1,NoClonal
P0701,P0701-PTH-2-6,CD4,CD4_C01-CCR7,CRC.P0701_C000618:1,NoClonal
P0701,P0701_PTR-2_13,CD4,CD4_C02-ANXA1,CRC.P0701_C000619:1,NoClonal
P0701,P0701_TTH-1_36,CD4,CD4_C12-CTLA4,CRC.P0701_C000620:1,NoClonal
P0701,P0701-NTR-123,other,NA,CRC.P0701_C000621:1,NoClonal
P0701,P0701-NTR-1-79,CD4,CD4_C06-CXCR5,CRC.P0701_C000622:1,NoClonal
P0701,P0701-NTC-1-70,CD8,CD8_C04-GZMK,CRC.P0701_C000624:1,NoClonal
P0701,P0701-PTC-1-16,CD8,CD8_C01-LEF1,CRC.P0701_C000625:1,NoClonal
P0701,P0701-NTR-1-27,CD4,CD4_C11-IL10,CRC.P0701_C000626:1,NoClonal
P0701,P0701_TTH-1_81,CD4,CD4_C08-IL23R,CRC.P0701_C000627:1,NoClonal
P0701,PTC130-20160701,CD8,CD8_C01-LEF1,CRC.P0701_C000628:1,NoClonal
P0701,P0701-TTC-107,CD8,CD8_C07-LAYN,CRC.P0701_C000629:1,NoClonal
P0825,TTR188-20170825,CD4,CD4_C12-CTLA4,CRC.P0825_C000045:26,Clonal
P0825,TTR98-20170825,CD4,CD4_C12-CTLA4,CRC.P0825_C000045:26,Clonal
P0825,TTR103-20170825,CD4,CD4_C12-CTLA4,CRC.P0825_C000045:26,Clonal
P0825,TTR146-20170825,CD4,CD4_C12-CTLA4,CRC.P0825_C000045:26,Clonal
P0825,TTR9-20170825,CD4,CD4_C12-CTLA4,CRC.P0825_C000045:26,Clonal
P0825,TTR129-20170825,CD4,CD4_C12-CTLA4,CRC.P0825_C000045:26,Clonal
P0825,TTR3-20170825,CD4,CD4_C12-CTLA4,CRC.P0825_C000045:26,Clonal
P0825,TTR99-20170825,CD4,CD4_C12-CTLA4,CRC.P0825_C000045:26,Clonal
P0825,TTR54-20170825,CD4,CD4_C12-CTLA4,CRC.P0825_C000045:26,Clonal
P0825,TTR29-20170825,CD4,CD4_C12-CTLA4,CRC.P0825_C000045:26,Clonal
P0825,TTR96-20170825,CD4,CD4_C12-CTLA4,CRC.P0825_C000045:26,Clonal
P0825,TTH244-20170825,CD4,CD4_C12-CTLA4,CRC.P0825_C000045:26,Clonal
P0825,TTR165-20170825,CD4,CD4_C12-CTLA4,CRC.P0825_C000045:26,Clonal
P0825,TTR163-20170825,CD4,CD4_C12-CTLA4,CRC.P0825_C000045:26,Clonal
P0825,TTR136-20170825,CD4,CD4_C12-CTLA4,CRC.P0825_C000045:26,Clonal
P0825,TTY52-20170825,CD4,CD4_C12-CTLA4,CRC.P0825_C000045:26,Clonal
P0825,TTR59-20170825,CD4,CD4_C12-CTLA4,CRC.P0825_C000045:26,Clonal
P0825,TTY12-20170825,CD4,CD4_C12-CTLA4,CRC.P0825_C000045:26,Clonal
P0825,TTR21-20170825,CD4,CD4_C12-CTLA4,CRC.P0825_C000045:26,Clonal
P0825,TTR85-20170825,CD4,CD4_C12-CTLA4,CRC.P0825_C000045:26,Clonal
P0825,TTR71-20170825,CD4,CD4_C12-CTLA4,CRC.P0825_C000045:26,Clonal
P0825,TTY82-20170825,DN,NA,CRC.P0825_C000045:26,Clonal
P0825,TTR84-20170825,other,NA,CRC.P0825_C000045:26,Clonal
P0825,TTY27-20170825,DN,NA,CRC.P0825_C000045:26,Clonal
P0825,TTR183-20170825,other,NA,CRC.P0825_C000045:26,Clonal
P0825,TTR172-20170825,DN,NA,CRC.P0825_C000045:26,Clonal
P0825,PTC101-20170825,CD8,CD8_C03-CX3CR1,CRC.P0825_C000095:24,Clonal
P0825,PTC131-20170825,CD8,CD8_C03-CX3CR1,CRC.P0825_C000095:24,Clonal
P0825,PTC141-20170825,CD8,CD8_C03-CX3CR1,CRC.P0825_C000095:24,Clonal
P0825,PTC16-20170825,CD8,CD8_C03-CX3CR1,CRC.P0825_C000095:24,Clonal
P0825,PTC8-20170825,CD8,CD8_C03-CX3CR1,CRC.P0825_C000095:24,Clonal
P0825,PTC24-20170825,CD8,CD8_C03-CX3CR1,CRC.P0825_C000095:24,Clonal
P0825,PTC85-20170825,CD8,CD8_C03-CX3CR1,CRC.P0825_C000095:24,Clonal
P0825,PTC41-20170825,CD8,CD8_C03-CX3CR1,CRC.P0825_C000095:24,Clonal
P0825,PTC36-20170825,CD8,CD8_C03-CX3CR1,CRC.P0825_C000095:24,Clonal
P0825,PTC20-20170825,CD8,CD8_C03-CX3CR1,CRC.P0825_C000095:24,Clonal
P0825,PTC104-20170825,CD8,CD8_C03-CX3CR1,CRC.P0825_C000095:24,Clonal
P0825,PTC115-20170825,CD8,CD8_C03-CX3CR1,CRC.P0825_C000095:24,Clonal
P0825,PTC50-20170825,CD8,CD8_C03-CX3CR1,CRC.P0825_C000095:24,Clonal
P0825,PTC139-20170825,CD8,CD8_C03-CX3CR1,CRC.P0825_C000095:24,Clonal
P0825,NTC72-20170825,CD8,CD8_C03-CX3CR1,CRC.P0825_C000095:24,Clonal
P0825,PTC48-20170825,CD8,CD8_C03-CX3CR1,CRC.P0825_C000095:24,Clonal
P0825,PTC18-20170825,CD8,CD8_C03-CX3CR1,CRC.P0825_C000095:24,Clonal
P0825,TTC176-20170825,CD8,CD8_C04-GZMK,CRC.P0825_C000095:24,Clonal
P0825,TTC126-20170825,CD8,CD8_C04-GZMK,CRC.P0825_C000095:24,Clonal
P0825,TTC161-20170825,CD8,CD8_C04-GZMK,CRC.P0825_C000095:24,Clonal
P0825,TTC105-20170825,CD8,CD8_C04-GZMK,CRC.P0825_C000095:24,Clonal
P0825,TTC46-20170825,CD8,CD8_C04-GZMK,CRC.P0825_C000095:24,Clonal
P0825,NTC88-20170825,CD8,CD8_C04-GZMK,CRC.P0825_C000095:24,Clonal
P0825,TTC70-20170825,other,NA,CRC.P0825_C000095:24,Clonal
P0825,TTR166-20170825,CD4,CD4_C12-CTLA4,CRC.P0825_C000176:17,Clonal
P0825,TTH230-20170825,CD4,CD4_C12-CTLA4,CRC.P0825_C000176:17,Clonal
P0825,TTR13-20170825,CD4,CD4_C12-CTLA4,CRC.P0825_C000176:17,Clonal
P0825,TTR189-20170825,CD4,CD4_C12-CTLA4,CRC.P0825_C000176:17,Clonal
P0825,TTH122-20170825,CD4,CD4_C12-CTLA4,CRC.P0825_C000176:17,Clonal
P0825,TTR173-20170825,CD4,CD4_C12-CTLA4,CRC.P0825_C000176:17,Clonal
P0825,TTH226-20170825,CD4,CD4_C12-CTLA4,CRC.P0825_C000176:17,Clonal
P0825,TTR16-20170825,CD4,CD4_C12-CTLA4,CRC.P0825_C000176:17,Clonal
P0825,TTR22-20170825,CD4,CD4_C12-CTLA4,CRC.P0825_C000176:17,Clonal
P0825,TTR140-20170825,CD4,CD4_C12-CTLA4,CRC.P0825_C000176:17,Clonal
P0825,TTR112-20170825,CD4,CD4_C12-CTLA4,CRC.P0825_C000176:17,Clonal
P0825,TTR38-20170825,CD4,CD4_C12-CTLA4,CRC.P0825_C000176:17,Clonal
P0825,TTY40-20170825,CD4,CD4_C12-CTLA4,CRC.P0825_C000176:17,Clonal
P0825,TTR148-20170825,DN,NA,CRC.P0825_C000176:17,Clonal
P0825,TTH137-20170825,other,NA,CRC.P0825_C000176:17,Clonal
P0825,TTY28-20170825,DN,NA,CRC.P0825_C000176:17,Clonal
P0825,TTR74-20170825,other,NA,CRC.P0825_C000176:17,Clonal
P0825,PTC91-20170825,CD8,CD8_C03-CX3CR1,CRC.P0825_C000258:16,Clonal
P0825,PTC79-20170825,CD8,CD8_C03-CX3CR1,CRC.P0825_C000258:16,Clonal
P0825,PTC136-20170825,CD8,CD8_C03-CX3CR1,CRC.P0825_C000258:16,Clonal
P0825,PTC30-20170825,CD8,CD8_C03-CX3CR1,CRC.P0825_C000258:16,Clonal
P0825,PTC58-20170825,CD8,CD8_C03-CX3CR1,CRC.P0825_C000258:16,Clonal
P0825,PTC40-20170825,CD8,CD8_C03-CX3CR1,CRC.P0825_C000258:16,Clonal
P0825,PTC57-20170825,CD8,CD8_C03-CX3CR1,CRC.P0825_C000258:16,Clonal
P0825,PTC51-20170825,CD8,CD8_C03-CX3CR1,CRC.P0825_C000258:16,Clonal
P0825,PTC88-20170825,CD8,CD8_C03-CX3CR1,CRC.P0825_C000258:16,Clonal
P0825,PTC13-20170825,CD8,CD8_C03-CX3CR1,CRC.P0825_C000258:16,Clonal
P0825,PTC128-20170825,CD8,CD8_C03-CX3CR1,CRC.P0825_C000258:16,Clonal
P0825,PTC99-20170825,CD8,CD8_C03-CX3CR1,CRC.P0825_C000258:16,Clonal
P0825,PTC23-20170825,CD8,CD8_C03-CX3CR1,CRC.P0825_C000258:16,Clonal
P0825,PTC143-20170825,CD8,CD8_C03-CX3CR1,CRC.P0825_C000258:16,Clonal
P0825,PTC114-20170825,CD8,CD8_C03-CX3CR1,CRC.P0825_C000258:16,Clonal
P0825,PTC52-20170825,other,NA,CRC.P0825_C000258:16,Clonal
P0825,TTR5-20170825,CD4,CD4_C09-CXCL13,CRC.P0825_C000231:13,Clonal
P0825,TTH106-20170825,CD4,CD4_C09-CXCL13,CRC.P0825_C000231:13,Clonal
P0825,TTR75-20170825,CD4,CD4_C09-CXCL13,CRC.P0825_C000231:13,Clonal
P0825,TTY57-20170825,CD4,CD4_C09-CXCL13,CRC.P0825_C000231:13,Clonal
P0825,TTY199-20170825,CD4,CD4_C09-CXCL13,CRC.P0825_C000231:13,Clonal
P0825,TTH248-20170825,CD4,CD4_C09-CXCL13,CRC.P0825_C000231:13,Clonal
P0825,TTR109-20170825,CD4,CD4_C09-CXCL13,CRC.P0825_C000231:13,Clonal
P0825,TTH172-20170825,CD4,CD4_C09-CXCL13,CRC.P0825_C000231:13,Clonal
P0825,TTR168-20170825,CD4,CD4_C09-CXCL13,CRC.P0825_C000231:13,Clonal
P0825,TTR44-20170825,CD4,CD4_C09-CXCL13,CRC.P0825_C000231:13,Clonal
P0825,TTY96-20170825,DN,NA,CRC.P0825_C000231:13,Clonal
P0825,TTH259-20170825,DN,NA,CRC.P0825_C000231:13,Clonal
P0825,TTY192-20170825,DN,NA,CRC.P0825_C000231:13,Clonal
P0825,TTC37-20170825,CD8,CD8_C07-LAYN,CRC.P0825_C000016:12,Clonal
P0825,TTC185-20170825,CD8,CD8_C07-LAYN,CRC.P0825_C000016:12,Clonal
P0825,TTC21-20170825,CD8,CD8_C07-LAYN,CRC.P0825_C000016:12,Clonal
P0825,TTC83-20170825,CD8,CD8_C07-LAYN,CRC.P0825_C000016:12,Clonal
P0825,TTC81-20170825,CD8,CD8_C07-LAYN,CRC.P0825_C000016:12,Clonal
P0825,TTC167-20170825,CD8,CD8_C07-LAYN,CRC.P0825_C000016:12,Clonal
P0825,TTC8-20170825,CD8,CD8_C07-LAYN,CRC.P0825_C000016:12,Clonal
P0825,TTC112-20170825,CD8,CD8_C07-LAYN,CRC.P0825_C000016:12,Clonal
P0825,TTC145-20170825,CD8,CD8_C07-LAYN,CRC.P0825_C000016:12,Clonal
P0825,TTC159-20170825,CD8,CD8_C07-LAYN,CRC.P0825_C000016:12,Clonal
P0825,TTC156-20170825,CD8,CD8_C07-LAYN,CRC.P0825_C000016:12,Clonal
P0825,TTC192-20170825,CD8,CD8_C07-LAYN,CRC.P0825_C000016:12,Clonal
P0825,NTC61-20170825,CD8,CD8_C06-CD160,CRC.P0825_C000010:11,Clonal
P0825,NTC19-20170825,CD8,CD8_C06-CD160,CRC.P0825_C000010:11,Clonal
P0825,NTC46-20170825,CD8,CD8_C06-CD160,CRC.P0825_C000010:11,Clonal
P0825,NTC49-20170825,CD8,CD8_C06-CD160,CRC.P0825_C000010:11,Clonal
P0825,NTC75-20170825,CD8,CD8_C06-CD160,CRC.P0825_C000010:11,Clonal
P0825,NTC82-20170825,CD8,CD8_C06-CD160,CRC.P0825_C000010:11,Clonal
P0825,NTC39-20170825,CD8,CD8_C06-CD160,CRC.P0825_C000010:11,Clonal
P0825,NTC95-20170825,CD8,CD8_C06-CD160,CRC.P0825_C000010:11,Clonal
P0825,NTC37-20170825,CD8,CD8_C06-CD160,CRC.P0825_C000010:11,Clonal
P0825,NTC29-20170825,CD8,CD8_C06-CD160,CRC.P0825_C000010:11,Clonal
P0825,NTC28-20170825,CD8,CD8_C06-CD160,CRC.P0825_C000010:11,Clonal
P0825,PTC124-20170825,CD8,CD8_C03-CX3CR1,CRC.P0825_C000194:11,Clonal
P0825,PTC107-20170825,CD8,CD8_C03-CX3CR1,CRC.P0825_C000194:11,Clonal
P0825,PTC140-20170825,CD8,CD8_C03-CX3CR1,CRC.P0825_C000194:11,Clonal
P0825,PTC133-20170825,CD8,CD8_C03-CX3CR1,CRC.P0825_C000194:11,Clonal
P0825,PTC113-20170825,CD8,CD8_C03-CX3CR1,CRC.P0825_C000194:11,Clonal
P0825,PTC21-20170825,CD8,CD8_C03-CX3CR1,CRC.P0825_C000194:11,Clonal
P0825,PTC144-20170825,CD8,CD8_C03-CX3CR1,CRC.P0825_C000194:11,Clonal
P0825,PTC33-20170825,CD8,CD8_C03-CX3CR1,CRC.P0825_C000194:11,Clonal
P0825,PTC137-20170825,CD8,CD8_C03-CX3CR1,CRC.P0825_C000194:11,Clonal
P0825,PTC14-20170825,CD8,CD8_C03-CX3CR1,CRC.P0825_C000194:11,Clonal
P0825,PTC118-20170825,CD8,CD8_C03-CX3CR1,CRC.P0825_C000194:11,Clonal
P0825,TTC95-20170825,CD8,CD8_C07-LAYN,CRC.P0825_C000250:11,Clonal
P0825,TTC115-20170825,CD8,CD8_C07-LAYN,CRC.P0825_C000250:11,Clonal
P0825,TTC146-20170825,CD8,CD8_C07-LAYN,CRC.P0825_C000250:11,Clonal
P0825,TTC40-20170825,CD8,CD8_C07-LAYN,CRC.P0825_C000250:11,Clonal
P0825,TTC123-20170825,CD8,CD8_C07-LAYN,CRC.P0825_C000250:11,Clonal
P0825,TTC118-20170825,CD8,CD8_C07-LAYN,CRC.P0825_C000250:11,Clonal
P0825,TTC84-20170825,CD8,CD8_C07-LAYN,CRC.P0825_C000250:11,Clonal
P0825,TTC157-20170825,CD8,CD8_C07-LAYN,CRC.P0825_C000250:11,Clonal
P0825,TTC154-20170825,CD8,CD8_C07-LAYN,CRC.P0825_C000250:11,Clonal
P0825,TTC184-20170825,CD8,CD8_C07-LAYN,CRC.P0825_C000250:11,Clonal
P0825,TTC90-20170825,CD8,CD8_C07-LAYN,CRC.P0825_C000250:11,Clonal
P0825,TTH146-20170825,CD4,CD4_C09-CXCL13,CRC.P0825_C000125:10,Clonal
P0825,TTH182-20170825,CD4,CD4_C09-CXCL13,CRC.P0825_C000125:10,Clonal
P0825,TTH138-20170825,CD4,CD4_C09-CXCL13,CRC.P0825_C000125:10,Clonal
P0825,TTY66-20170825,CD4,CD4_C09-CXCL13,CRC.P0825_C000125:10,Clonal
P0825,TTH224-20170825,CD4,CD4_C09-CXCL13,CRC.P0825_C000125:10,Clonal
P0825,TTY95-20170825,CD4,CD4_C09-CXCL13,CRC.P0825_C000125:10,Clonal
P0825,TTH97-20170825,CD4,CD4_C09-CXCL13,CRC.P0825_C000125:10,Clonal
P0825,TTR149-20170825,CD4,CD4_C12-CTLA4,CRC.P0825_C000125:10,Clonal
P0825,TTR147-20170825,CD4,CD4_C12-CTLA4,CRC.P0825_C000125:10,Clonal
P0825,TTH234-20170825,DN,NA,CRC.P0825_C000125:10,Clonal
P0825,NTH65-20170825,CD4,CD4_C03-GNLY,CRC.P0825_C000030:9,Clonal
P0825,PTH56-20170825,CD4,CD4_C03-GNLY,CRC.P0825_C000030:9,Clonal
P0825,PTH64-20170825,CD4,CD4_C03-GNLY,CRC.P0825_C000030:9,Clonal
P0825,TTH167-20170825,CD4,CD4_C03-GNLY,CRC.P0825_C000030:9,Clonal
P0825,PTH54-20170825,CD4,CD4_C03-GNLY,CRC.P0825_C000030:9,Clonal
P0825,PTH90-20170825,CD4,CD4_C03-GNLY,CRC.P0825_C000030:9,Clonal
P0825,TTY191-20170825,DN,NA,CRC.P0825_C000030:9,Clonal
P0825,PTH104-20170825,other,NA,CRC.P0825_C000030:9,Clonal
P0825,TTH147-20170825,DN,NA,CRC.P0825_C000030:9,Clonal
P0825,NTC55-20170825,CD8,CD8_C05-CD6,CRC.P0825_C000050:9,Clonal
P0825,NTC51-20170825,CD8,CD8_C05-CD6,CRC.P0825_C000050:9,Clonal
P0825,TTC183-20170825,CD8,CD8_C05-CD6,CRC.P0825_C000050:9,Clonal
P0825,NTC20-20170825,CD8,CD8_C05-CD6,CRC.P0825_C000050:9,Clonal
P0825,NTC79-20170825,CD8,CD8_C05-CD6,CRC.P0825_C000050:9,Clonal
P0825,NTC56-20170825,CD8,CD8_C05-CD6,CRC.P0825_C000050:9,Clonal
P0825,NTC98-20170825,CD8,CD8_C05-CD6,CRC.P0825_C000050:9,Clonal
P0825,NTC54-20170825,CD8,CD8_C05-CD6,CRC.P0825_C000050:9,Clonal
P0825,NTC4-20170825,CD8,CD8_C05-CD6,CRC.P0825_C000050:9,Clonal
P0825,NTH58-20170825,CD4,CD4_C05-CXCR6,CRC.P0825_C000416:9,Clonal
P0825,NTY58-20170825,CD4,CD4_C08-IL23R,CRC.P0825_C000416:9,Clonal
P0825,NTH19-20170825,CD4,CD4_C08-IL23R,CRC.P0825_C000416:9,Clonal
P0825,NTH105-20170825,CD4,CD4_C08-IL23R,CRC.P0825_C000416:9,Clonal
P0825,NTH95-20170825,other,NA,CRC.P0825_C000416:9,Clonal
P0825,NTH100-20170825,DN,NA,CRC.P0825_C000416:9,Clonal
P0825,NTH87-20170825,other,NA,CRC.P0825_C000416:9,Clonal
P0825,NTH42-20170825,other,NA,CRC.P0825_C000416:9,Clonal
P0825,NTH62-20170825,DN,NA,CRC.P0825_C000416:9,Clonal
P0825,PTH131-20170825,CD4,CD4_C03-GNLY,CRC.P0825_C000134:7,Clonal
P0825,PTH93-20170825,CD4,CD4_C03-GNLY,CRC.P0825_C000134:7,Clonal
P0825,PTH144-20170825,CD4,CD4_C03-GNLY,CRC.P0825_C000134:7,Clonal
P0825,TTY198-20170825,CD4,CD4_C03-GNLY,CRC.P0825_C000134:7,Clonal
P0825,PTH99-20170825,CD4,CD4_C03-GNLY,CRC.P0825_C000134:7,Clonal
P0825,PTH72-20170825,CD4,CD4_C03-GNLY,CRC.P0825_C000134:7,Clonal
P0825,PTH71-20170825,CD4,CD4_C03-GNLY,CRC.P0825_C000134:7,Clonal
P0825,NTY132-20170825,CD4,CD4_C05-CXCR6,CRC.P0825_C000270:7,Clonal
P0825,NTY40-20170825,CD4,CD4_C05-CXCR6,CRC.P0825_C000270:7,Clonal
P0825,NTY126-20170825,CD4,CD4_C05-CXCR6,CRC.P0825_C000270:7,Clonal
P0825,NTH14-20170825,CD4,CD4_C05-CXCR6,CRC.P0825_C000270:7,Clonal
P0825,NTY23-20170825,CD4,CD4_C05-CXCR6,CRC.P0825_C000270:7,Clonal
P0825,NTY101-20170825,CD4,CD4_C05-CXCR6,CRC.P0825_C000270:7,Clonal
P0825,NTY144-20170825,DN,NA,CRC.P0825_C000270:7,Clonal
P0825,TTR28-20170825,CD4,CD4_C12-CTLA4,CRC.P0825_C000001:6,Clonal
P0825,TTR184-20170825,CD4,CD4_C12-CTLA4,CRC.P0825_C000001:6,Clonal
P0825,TTR177-20170825,CD4,CD4_C12-CTLA4,CRC.P0825_C000001:6,Clonal
P0825,TTR126-20170825,CD4,CD4_C12-CTLA4,CRC.P0825_C000001:6,Clonal
P0825,TTR137-20170825,CD4,CD4_C12-CTLA4,CRC.P0825_C000001:6,Clonal
P0825,TTR169-20170825,other,NA,CRC.P0825_C000001:6,Clonal
P0825,TTH175-20170825,CD4,CD4_C09-CXCL13,CRC.P0825_C000028:6,Clonal
P0825,TTR174-20170825,CD4,CD4_C09-CXCL13,CRC.P0825_C000028:6,Clonal
P0825,TTR86-20170825,CD4,CD4_C09-CXCL13,CRC.P0825_C000028:6,Clonal
P0825,TTR143-20170825,CD4,CD4_C09-CXCL13,CRC.P0825_C000028:6,Clonal
P0825,TTR116-20170825,CD4,CD4_C09-CXCL13,CRC.P0825_C000028:6,Clonal
P0825,TTH136-20170825,CD4,CD4_C09-CXCL13,CRC.P0825_C000028:6,Clonal
P0825,TTC130-20170825,CD8,CD8_C07-LAYN,CRC.P0825_C000298:6,Clonal
P0825,TTC151-20170825,CD8,CD8_C07-LAYN,CRC.P0825_C000298:6,Clonal
P0825,TTC160-20170825,CD8,CD8_C07-LAYN,CRC.P0825_C000298:6,Clonal
P0825,TTC96-20170825,CD8,CD8_C07-LAYN,CRC.P0825_C000298:6,Clonal
P0825,TTC88-20170825,CD8,CD8_C07-LAYN,CRC.P0825_C000298:6,Clonal
P0825,TTC175-20170825,CD8,CD8_C07-LAYN,CRC.P0825_C000298:6,Clonal
P0825,TTC29-20170825,CD8,CD8_C07-LAYN,CRC.P0825_C000381:6,Clonal
P0825,TTC54-20170825,CD8,CD8_C07-LAYN,CRC.P0825_C000381:6,Clonal
P0825,TTC48-20170825,CD8,CD8_C07-LAYN,CRC.P0825_C000381:6,Clonal
P0825,TTC103-20170825,CD8,CD8_C07-LAYN,CRC.P0825_C000381:6,Clonal
P0825,TTC30-20170825,CD8,CD8_C07-LAYN,CRC.P0825_C000381:6,Clonal
P0825,TTC43-20170825,other,NA,CRC.P0825_C000381:6,Clonal
P0825,TTC153-20170825,CD8,CD8_C04-GZMK,CRC.P0825_C000013:5,Clonal
P0825,TTC169-20170825,CD8,CD8_C07-LAYN,CRC.P0825_C000013:5,Clonal
P0825,TTC66-20170825,CD8,CD8_C07-LAYN,CRC.P0825_C000013:5,Clonal
P0825,TTC31-20170825,CD8,CD8_C07-LAYN,CRC.P0825_C000013:5,Clonal
P0825,TTC26-20170825,CD8,CD8_C07-LAYN,CRC.P0825_C000013:5,Clonal
P0825,TTC87-20170825,CD8,CD8_C07-LAYN,CRC.P0825_C000101:5,Clonal
P0825,TTC69-20170825,CD8,CD8_C07-LAYN,CRC.P0825_C000101:5,Clonal
P0825,TTC100-20170825,CD8,CD8_C07-LAYN,CRC.P0825_C000101:5,Clonal
P0825,TTC182-20170825,CD8,CD8_C07-LAYN,CRC.P0825_C000101:5,Clonal
P0825,TTC99-20170825,CD8,CD8_C07-LAYN,CRC.P0825_C000101:5,Clonal
P0825,TTY90-20170825,CD4,CD4_C09-CXCL13,CRC.P0825_C000132:5,Clonal
P0825,TTH159-20170825,CD4,CD4_C09-CXCL13,CRC.P0825_C000132:5,Clonal
P0825,TTY94-20170825,CD4,CD4_C09-CXCL13,CRC.P0825_C000132:5,Clonal
P0825,TTR139-20170825,CD4,CD4_C09-CXCL13,CRC.P0825_C000132:5,Clonal
P0825,TTY39-20170825,other,NA,CRC.P0825_C000132:5,Clonal
P0825,PTC43-20170825,CD8,CD8_C03-CX3CR1,CRC.P0825_C000200:5,Clonal
P0825,PTC54-20170825,CD8,CD8_C03-CX3CR1,CRC.P0825_C000200:5,Clonal
P0825,PTC95-20170825,CD8,CD8_C03-CX3CR1,CRC.P0825_C000200:5,Clonal
P0825,PTC72-20170825,CD8,CD8_C03-CX3CR1,CRC.P0825_C000200:5,Clonal
P0825,PTC134-20170825,other,NA,CRC.P0825_C000200:5,Clonal
P0825,TTH199-20170825,CD4,CD4_C08-IL23R,CRC.P0825_C000242:5,Clonal
P0825,TTY31-20170825,CD4,CD4_C08-IL23R,CRC.P0825_C000242:5,Clonal
P0825,TTH257-20170825,CD4,CD4_C09-CXCL13,CRC.P0825_C000242:5,Clonal
P0825,TTH220-20170825,DN,NA,CRC.P0825_C000242:5,Clonal
P0825,TTY21-20170825,DN,NA,CRC.P0825_C000242:5,Clonal
P0825,PTC102-20170825,CD8,CD8_C03-CX3CR1,CRC.P0825_C000257:5,Clonal
P0825,PTC5-20170825,CD8,CD8_C03-CX3CR1,CRC.P0825_C000257:5,Clonal
P0825,PTC25-20170825,CD8,CD8_C03-CX3CR1,CRC.P0825_C000257:5,Clonal
P0825,PTC66-20170825,CD8,CD8_C03-CX3CR1,CRC.P0825_C000257:5,Clonal
P0825,PTC60-20170825,CD8,CD8_C03-CX3CR1,CRC.P0825_C000257:5,Clonal
P0825,PTC84-20170825,CD8,CD8_C03-CX3CR1,CRC.P0825_C000392:5,Clonal
P0825,PTC1-20170825,CD8,CD8_C03-CX3CR1,CRC.P0825_C000392:5,Clonal
P0825,TTC60-20170825,CD8,CD8_C04-GZMK,CRC.P0825_C000392:5,Clonal
P0825,TTC32-20170825,CD8,CD8_C04-GZMK,CRC.P0825_C000392:5,Clonal
P0825,TTC41-20170825,CD8,CD8_C07-LAYN,CRC.P0825_C000392:5,Clonal
P0825,TTR178-20170825,CD4,CD4_C09-CXCL13,CRC.P0825_C000539:5,Clonal
P0825,TTR63-20170825,CD4,CD4_C09-CXCL13,CRC.P0825_C000539:5,Clonal
P0825,TTR90-20170825,CD4,CD4_C09-CXCL13,CRC.P0825_C000539:5,Clonal
P0825,TTY81-20170825,DN,NA,CRC.P0825_C000539:5,Clonal
P0825,TTH169-20170825,DN,NA,CRC.P0825_C000539:5,Clonal
P0825,TTH164-20170825,CD4,CD4_C08-IL23R,CRC.P0825_C000006:4,Clonal
P0825,TTH203-20170825,CD4,CD4_C09-CXCL13,CRC.P0825_C000006:4,Clonal
P0825,TTH250-20170825,DN,NA,CRC.P0825_C000006:4,Clonal
P0825,TTH213-20170825,DN,NA,CRC.P0825_C000006:4,Clonal
P0825,NTC73-20170825,CD8,CD8_C05-CD6,CRC.P0825_C000021:4,Clonal
P0825,NTC6-20170825,CD8,CD8_C05-CD6,CRC.P0825_C000021:4,Clonal
P0825,NTC23-20170825,CD8,CD8_C05-CD6,CRC.P0825_C000021:4,Clonal
P0825,NTC44-20170825,CD8,CD8_C05-CD6,CRC.P0825_C000021:4,Clonal
P0825,TTR154-20170825,CD4,CD4_C12-CTLA4,CRC.P0825_C000061:4,Clonal
P0825,TTR72-20170825,CD4,CD4_C12-CTLA4,CRC.P0825_C000061:4,Clonal
P0825,TTR14-20170825,CD4,CD4_C12-CTLA4,CRC.P0825_C000061:4,Clonal
P0825,TTR155-20170825,CD4,CD4_C12-CTLA4,CRC.P0825_C000061:4,Clonal
P0825,TTH155-20170825,CD4,CD4_C09-CXCL13,CRC.P0825_C000072:4,Clonal
P0825,TTH243-20170825,CD4,CD4_C09-CXCL13,CRC.P0825_C000072:4,Clonal
P0825,TTH195-20170825,CD4,CD4_C09-CXCL13,CRC.P0825_C000072:4,Clonal
P0825,TTH281-20170825,DN,NA,CRC.P0825_C000072:4,Clonal
P0825,TTR171-20170825,CD4,CD4_C12-CTLA4,CRC.P0825_C000077:4,Clonal
P0825,TTR176-20170825,CD4,CD4_C12-CTLA4,CRC.P0825_C000077:4,Clonal
P0825,TTY50-20170825,CD4,CD4_C12-CTLA4,CRC.P0825_C000077:4,Clonal
P0825,TTR100-20170825,CD4,CD4_C12-CTLA4,CRC.P0825_C000077:4,Clonal
P0825,NTC5-20170825,CD8,CD8_C05-CD6,CRC.P0825_C000120:4,Clonal
P0825,NTC25-20170825,CD8,CD8_C05-CD6,CRC.P0825_C000120:4,Clonal
P0825,NTC52-20170825,CD8,CD8_C05-CD6,CRC.P0825_C000120:4,Clonal
P0825,NTC50-20170825,CD8,CD8_C05-CD6,CRC.P0825_C000120:4,Clonal
P0825,TTC24-20170825,CD8,CD8_C07-LAYN,CRC.P0825_C000168:4,Clonal
P0825,TTC18-20170825,CD8,CD8_C07-LAYN,CRC.P0825_C000168:4,Clonal
P0825,TTC129-20170825,CD8,CD8_C07-LAYN,CRC.P0825_C000168:4,Clonal
P0825,TTC116-20170825,CD8,CD8_C07-LAYN,CRC.P0825_C000168:4,Clonal
P0825,TTC164-20170825,CD8,CD8_C07-LAYN,CRC.P0825_C000248:4,Clonal
P0825,TTC79-20170825,CD8,CD8_C07-LAYN,CRC.P0825_C000248:4,Clonal
P0825,TTC85-20170825,CD8,CD8_C07-LAYN,CRC.P0825_C000248:4,Clonal
P0825,TTC131-20170825,CD8,CD8_C07-LAYN,CRC.P0825_C000248:4,Clonal
P0825,TTC74-20170825,CD8,CD8_C07-LAYN,CRC.P0825_C000260:4,Clonal
P0825,TTC51-20170825,CD8,CD8_C07-LAYN,CRC.P0825_C000260:4,Clonal
P0825,TTC93-20170825,CD8,CD8_C07-LAYN,CRC.P0825_C000260:4,Clonal
P0825,TTC27-20170825,CD8,CD8_C07-LAYN,CRC.P0825_C000260:4,Clonal
P0825,PTH134-20170825,CD4,CD4_C03-GNLY,CRC.P0825_C000334:4,Clonal
P0825,PTH123-20170825,CD4,CD4_C03-GNLY,CRC.P0825_C000334:4,Clonal
P0825,NTH71-20170825,CD4,CD4_C05-CXCR6,CRC.P0825_C000334:4,Clonal
P0825,PTH82-20170825,DN,NA,CRC.P0825_C000334:4,Clonal
P0825,PTC69-20170825,CD8,CD8_C03-CX3CR1,CRC.P0825_C000354:4,Clonal
P0825,PTC53-20170825,CD8,CD8_C03-CX3CR1,CRC.P0825_C000354:4,Clonal
P0825,PTC96-20170825,CD8,CD8_C03-CX3CR1,CRC.P0825_C000354:4,Clonal
P0825,NTC35-20170825,CD8,CD8_C04-GZMK,CRC.P0825_C000354:4,Clonal
P0825,NTY102-20170825,CD4,CD4_C05-CXCR6,CRC.P0825_C000374:4,Clonal
P0825,NTH7-20170825,CD4,CD4_C05-CXCR6,CRC.P0825_C000374:4,Clonal
P0825,NTH13-20170825,CD4,CD4_C05-CXCR6,CRC.P0825_C000374:4,Clonal
P0825,NTY54-20170825,DN,NA,CRC.P0825_C000374:4,Clonal
P0825,TTC15-20170825,CD8,CD8_C07-LAYN,CRC.P0825_C000419:4,Clonal
P0825,TTC101-20170825,CD8,CD8_C07-LAYN,CRC.P0825_C000419:4,Clonal
P0825,TTC56-20170825,CD8,CD8_C07-LAYN,CRC.P0825_C000419:4,Clonal
P0825,TTC63-20170825,other,NA,CRC.P0825_C000419:4,Clonal
P0825,TTR91-20170825,CD4,CD4_C12-CTLA4,CRC.P0825_C000007:3,Clonal
P0825,TTR117-20170825,CD4,CD4_C12-CTLA4,CRC.P0825_C000007:3,Clonal
P0825,TTR20-20170825,other,NA,CRC.P0825_C000007:3,Clonal
P0825,TTC141-20170825,CD8,CD8_C07-LAYN,CRC.P0825_C000039:3,Clonal
P0825,TTC138-20170825,CD8,CD8_C07-LAYN,CRC.P0825_C000039:3,Clonal
P0825,TTC19-20170825,other,NA,CRC.P0825_C000039:3,Clonal
P0825,TTH211-20170825,CD4,CD4_C12-CTLA4,CRC.P0825_C000053:3,Clonal
P0825,TTR65-20170825,CD4,CD4_C12-CTLA4,CRC.P0825_C000053:3,Clonal
P0825,TTR95-20170825,CD4,CD4_C12-CTLA4,CRC.P0825_C000053:3,Clonal
P0825,TTR106-20170825,CD4,CD4_C09-CXCL13,CRC.P0825_C000123:3,Clonal
P0825,TTR135-20170825,CD4,CD4_C09-CXCL13,CRC.P0825_C000123:3,Clonal
P0825,TTH214-20170825,DN,NA,CRC.P0825_C000123:3,Clonal
P0825,TTC191-20170825,CD8,CD8_C07-LAYN,CRC.P0825_C000140:3,Clonal
P0825,TTC124-20170825,CD8,CD8_C07-LAYN,CRC.P0825_C000140:3,Clonal
P0825,TTC53-20170825,other,NA,CRC.P0825_C000140:3,Clonal
P0825,TTY37-20170825,CD4,CD4_C07-GZMK,CRC.P0825_C000146:3,Clonal
P0825,TTH188-20170825,CD4,CD4_C09-CXCL13,CRC.P0825_C000146:3,Clonal
P0825,TTH110-20170825,DN,NA,CRC.P0825_C000146:3,Clonal
P0825,NTC71-20170825,CD8,CD8_C05-CD6,CRC.P0825_C000147:3,Clonal
P0825,NTC40-20170825,CD8,CD8_C05-CD6,CRC.P0825_C000147:3,Clonal
P0825,NTC30-20170825,CD8,CD8_C05-CD6,CRC.P0825_C000147:3,Clonal
P0825,TTC180-20170825,CD8,CD8_C07-LAYN,CRC.P0825_C000165:3,Clonal
P0825,TTC134-20170825,CD8,CD8_C07-LAYN,CRC.P0825_C000165:3,Clonal
P0825,TTC136-20170825,CD8,CD8_C07-LAYN,CRC.P0825_C000165:3,Clonal
P0825,TTC178-20170825,CD8,CD8_C04-GZMK,CRC.P0825_C000170:3,Clonal
P0825,TTC140-20170825,CD8,CD8_C04-GZMK,CRC.P0825_C000170:3,Clonal
P0825,TTC104-20170825,CD8,CD8_C07-LAYN,CRC.P0825_C000170:3,Clonal
P0825,TTR145-20170825,CD4,CD4_C12-CTLA4,CRC.P0825_C000171:3,Clonal
P0825,TTR49-20170825,CD4,CD4_C12-CTLA4,CRC.P0825_C000171:3,Clonal
P0825,TTR46-20170825,CD4,CD4_C12-CTLA4,CRC.P0825_C000171:3,Clonal
P0825,PTH60-20170825,CD4,CD4_C03-GNLY,CRC.P0825_C000184:3,Clonal
P0825,TTH231-20170825,CD4,CD4_C09-CXCL13,CRC.P0825_C000184:3,Clonal
P0825,PTH73-20170825,DN,NA,CRC.P0825_C000184:3,Clonal
P0825,TTY23-20170825,CD4,CD4_C08-IL23R,CRC.P0825_C000189:3,Clonal
P0825,TTH285-20170825,DN,NA,CRC.P0825_C000189:3,Clonal
P0825,TTH176-20170825,DN,NA,CRC.P0825_C000189:3,Clonal
P0825,PTC42-20170825,CD8,CD8_C03-CX3CR1,CRC.P0825_C000287:3,Clonal
P0825,PTC63-20170825,CD8,CD8_C03-CX3CR1,CRC.P0825_C000287:3,Clonal
P0825,PTC142-20170825,other,NA,CRC.P0825_C000287:3,Clonal
P0825,TTR61-20170825,CD4,CD4_C12-CTLA4,CRC.P0825_C000318:3,Clonal
P0825,TTR114-20170825,CD4,CD4_C12-CTLA4,CRC.P0825_C000318:3,Clonal
P0825,TTR110-20170825,DN,NA,CRC.P0825_C000318:3,Clonal
P0825,NTH55-20170825,CD4,CD4_C05-CXCR6,CRC.P0825_C000343:3,Clonal
P0825,NTY66-20170825,CD4,CD4_C05-CXCR6,CRC.P0825_C000343:3,Clonal
P0825,NTY41-20170825,CD4,CD4_C05-CXCR6,CRC.P0825_C000343:3,Clonal
P0825,NTC22-20170825,CD8,CD8_C05-CD6,CRC.P0825_C000345:3,Clonal
P0825,NTC84-20170825,CD8,CD8_C05-CD6,CRC.P0825_C000345:3,Clonal
P0825,NTC27-20170825,CD8,CD8_C05-CD6,CRC.P0825_C000345:3,Clonal
P0825,TTR125-20170825,CD4,CD4_C12-CTLA4,CRC.P0825_C000360:3,Clonal
P0825,TTY6-20170825,CD4,CD4_C12-CTLA4,CRC.P0825_C000360:3,Clonal
P0825,TTR118-20170825,CD4,CD4_C12-CTLA4,CRC.P0825_C000360:3,Clonal
P0825,PTC82-20170825,CD8,CD8_C03-CX3CR1,CRC.P0825_C000365:3,Clonal
P0825,NTC11-20170825,CD8,CD8_C04-GZMK,CRC.P0825_C000365:3,Clonal
P0825,TTC77-20170825,CD8,CD8_C07-LAYN,CRC.P0825_C000365:3,Clonal
P0825,TTC155-20170825,CD8,CD8_C07-LAYN,CRC.P0825_C000373:3,Clonal
P0825,TTC2-20170825,CD8,CD8_C07-LAYN,CRC.P0825_C000373:3,Clonal
P0825,TTC97-20170825,CD8,CD8_C07-LAYN,CRC.P0825_C000373:3,Clonal
P0825,NTC10-20170825,CD8,CD8_C05-CD6,CRC.P0825_C000011:2,Clonal
P0825,NTC68-20170825,CD8,CD8_C05-CD6,CRC.P0825_C000011:2,Clonal
P0825,PTC9-20170825,CD8,CD8_C03-CX3CR1,CRC.P0825_C000012:2,Clonal
P0825,PTC44-20170825,CD8,CD8_C03-CX3CR1,CRC.P0825_C000012:2,Clonal
P0825,NTY2-20170825,CD4,CD4_C05-CXCR6,CRC.P0825_C000024:2,Clonal
P0825,TTH192-20170825,CD4,CD4_C08-IL23R,CRC.P0825_C000024:2,Clonal
P0825,PTR65-20170825,CD4,CD4_C03-GNLY,CRC.P0825_C000033:2,Clonal
P0825,TTR81-20170825,CD4,CD4_C09-CXCL13,CRC.P0825_C000033:2,Clonal
P0825,TTR24-20170825,CD4,CD4_C12-CTLA4,CRC.P0825_C000035:2,Clonal
P0825,PTR20-20170825,DN,NA,CRC.P0825_C000035:2,Clonal
P0825,TTY24-20170825,CD4,CD4_C09-CXCL13,CRC.P0825_C000052:2,Clonal
P0825,TTH287-20170825,CD4,CD4_C09-CXCL13,CRC.P0825_C000052:2,Clonal
P0825,PTC19-20170825,CD8,CD8_C03-CX3CR1,CRC.P0825_C000054:2,Clonal
P0825,TTC91-20170825,CD8,CD8_C04-GZMK,CRC.P0825_C000054:2,Clonal
P0825,TTR52-20170825,CD4,CD4_C12-CTLA4,CRC.P0825_C000063:2,Clonal
P0825,TTR69-20170825,CD4,CD4_C12-CTLA4,CRC.P0825_C000063:2,Clonal
P0825,TTR119-20170825,CD4,CD4_C12-CTLA4,CRC.P0825_C000094:2,Clonal
P0825,TTR156-20170825,DN,NA,CRC.P0825_C000094:2,Clonal
P0825,TTY72-20170825,CD4,CD4_C12-CTLA4,CRC.P0825_C000107:2,Clonal
P0825,TTR115-20170825,CD4,CD4_C12-CTLA4,CRC.P0825_C000107:2,Clonal
P0825,TTY20-20170825,CD4,CD4_C12-CTLA4,CRC.P0825_C000108:2,Clonal
P0825,TTY46-20170825,DN,NA,CRC.P0825_C000108:2,Clonal
P0825,TTY26-20170825,CD4,CD4_C12-CTLA4,CRC.P0825_C000110:2,Clonal
P0825,TTR141-20170825,CD4,CD4_C12-CTLA4,CRC.P0825_C000110:2,Clonal
P0825,NTY53-20170825,CD4,CD4_C05-CXCR6,CRC.P0825_C000115:2,Clonal
P0825,NTY117-20170825,DN,NA,CRC.P0825_C000115:2,Clonal
P0825,TTC12-20170825,CD8,CD8_C06-CD160,CRC.P0825_C000117:2,Clonal
P0825,TTC162-20170825,CD8,CD8_C06-CD160,CRC.P0825_C000117:2,Clonal
P0825,NTY44-20170825,CD4,CD4_C03-GNLY,CRC.P0825_C000122:2,Clonal
P0825,NTH68-20170825,CD4,CD4_C05-CXCR6,CRC.P0825_C000122:2,Clonal
P0825,TTR25-20170825,CD4,CD4_C09-CXCL13,CRC.P0825_C000153:2,Clonal
P0825,TTH132-20170825,CD4,CD4_C12-CTLA4,CRC.P0825_C000153:2,Clonal
P0825,NTH76-20170825,CD4,CD4_C08-IL23R,CRC.P0825_C000175:2,Clonal
P0825,NTH82-20170825,other,NA,CRC.P0825_C000175:2,Clonal
P0825,NTY25-20170825,CD4,CD4_C07-GZMK,CRC.P0825_C000196:2,Clonal
P0825,TTH219-20170825,other,NA,CRC.P0825_C000196:2,Clonal
P0825,PTC87-20170825,CD8,CD8_C03-CX3CR1,CRC.P0825_C000199:2,Clonal
P0825,PTC34-20170825,other,NA,CRC.P0825_C000199:2,Clonal
P0825,TTR121-20170825,CD4,CD4_C12-CTLA4,CRC.P0825_C000206:2,Clonal
P0825,TTR79-20170825,CD4,CD4_C12-CTLA4,CRC.P0825_C000206:2,Clonal
P0825,NTC48-20170825,CD8,CD8_C04-GZMK,CRC.P0825_C000214:2,Clonal
P0825,PTC68-20170825,other,NA,CRC.P0825_C000214:2,Clonal
P0825,PTC35-20170825,CD8,CD8_C03-CX3CR1,CRC.P0825_C000234:2,Clonal
P0825,TTC5-20170825,CD8,CD8_C07-LAYN,CRC.P0825_C000234:2,Clonal
P0825,NTC57-20170825,CD8,CD8_C05-CD6,CRC.P0825_C000237:2,Clonal
P0825,NTC18-20170825,CD8,CD8_C05-CD6,CRC.P0825_C000237:2,Clonal
P0825,NTY105-20170825,CD4,CD4_C04-TCF7,CRC.P0825_C000266:2,Clonal
P0825,TTH275-20170825,DN,NA,CRC.P0825_C000266:2,Clonal
P0825,TTR181-20170825,CD4,CD4_C12-CTLA4,CRC.P0825_C000276:2,Clonal
P0825,TTH170-20170825,CD4,CD4_C12-CTLA4,CRC.P0825_C000276:2,Clonal
P0825,TTH240-20170825,CD4,CD4_C09-CXCL13,CRC.P0825_C000289:2,Clonal
P0825,TTY3-20170825,DN,NA,CRC.P0825_C000289:2,Clonal
P0825,TTH124-20170825,CD4,CD4_C09-CXCL13,CRC.P0825_C000311:2,Clonal
P0825,TTH218-20170825,DN,NA,CRC.P0825_C000311:2,Clonal
P0825,TTH173-20170825,CD4,CD4_C07-GZMK,CRC.P0825_C000322:2,Clonal
P0825,TTH193-20170825,other,NA,CRC.P0825_C000322:2,Clonal
P0825,TTY61-20170825,CD4,CD4_C12-CTLA4,CRC.P0825_C000323:2,Clonal
P0825,TTR55-20170825,CD4,CD4_C12-CTLA4,CRC.P0825_C000323:2,Clonal
P0825,NTC15-20170825,CD8,CD8_C05-CD6,CRC.P0825_C000325:2,Clonal
P0825,NTC41-20170825,CD8,CD8_C05-CD6,CRC.P0825_C000325:2,Clonal
P0825,PTC90-20170825,CD8,CD8_C03-CX3CR1,CRC.P0825_C000331:2,Clonal
P0825,PTC97-20170825,CD8,CD8_C03-CX3CR1,CRC.P0825_C000331:2,Clonal
P0825,TTC110-20170825,other,NA,CRC.P0825_C000358:2,Clonal
P0825,TTC34-20170825,other,NA,CRC.P0825_C000358:2,Clonal
P0825,TTR88-20170825,CD4,CD4_C12-CTLA4,CRC.P0825_C000361:2,Clonal
P0825,TTR66-20170825,CD4,CD4_C12-CTLA4,CRC.P0825_C000361:2,Clonal
P0825,NTH88-20170825,CD4,CD4_C06-CXCR5,CRC.P0825_C000366:2,Clonal
P0825,NTH96-20170825,CD4,CD4_C06-CXCR5,CRC.P0825_C000366:2,Clonal
P0825,NTH92-20170825,CD4,CD4_C04-TCF7,CRC.P0825_C000371:2,Clonal
P0825,NTH84-20170825,CD4,CD4_C04-TCF7,CRC.P0825_C000371:2,Clonal
P0825,TTC25-20170825,CD8,CD8_C04-GZMK,CRC.P0825_C000375:2,Clonal
P0825,TTC166-20170825,CD8,CD8_C04-GZMK,CRC.P0825_C000375:2,Clonal
P0825,TTR82-20170825,CD4,CD4_C12-CTLA4,CRC.P0825_C000382:2,Clonal
P0825,TTR7-20170825,CD4,CD4_C12-CTLA4,CRC.P0825_C000382:2,Clonal
P0825,TTY34-20170825,CD4,CD4_C09-CXCL13,CRC.P0825_C000386:2,Clonal
P0825,TTH263-20170825,CD4,CD4_C09-CXCL13,CRC.P0825_C000386:2,Clonal
P0825,TTY76-20170825,CD4,CD4_C05-CXCR6,CRC.P0825_C000393:2,Clonal
P0825,TTY16-20170825,other,NA,CRC.P0825_C000393:2,Clonal
P0825,NTY135-20170825,DN,NA,CRC.P0825_C000396:2,Clonal
P0825,NTY80-20170825,DN,NA,CRC.P0825_C000396:2,Clonal
P0825,TTR45-20170825,CD4,CD4_C12-CTLA4,CRC.P0825_C000398:2,Clonal
P0825,TTY7-20170825,DN,NA,CRC.P0825_C000398:2,Clonal
P0825,NTH29-20170825,CD4,CD4_C06-CXCR5,CRC.P0825_C000420:2,Clonal
P0825,NTY22-20170825,DN,NA,CRC.P0825_C000420:2,Clonal
P0825,NTH89-20170825,CD4,CD4_C05-CXCR6,CRC.P0825_C000425:2,Clonal
P0825,NTH81-20170825,CD4,CD4_C05-CXCR6,CRC.P0825_C000425:2,Clonal
P0825,TTR102-20170825,CD4,CD4_C09-CXCL13,CRC.P0825_C000426:2,Clonal
P0825,TTR190-20170825,CD4,CD4_C09-CXCL13,CRC.P0825_C000426:2,Clonal
P0825,TTY29-20170825,CD4,CD4_C09-CXCL13,CRC.P0825_C000430:2,Clonal
P0825,TTH269-20170825,DN,NA,CRC.P0825_C000430:2,Clonal
P0825,NTC12-20170825,CD8,CD8_C05-CD6,CRC.P0825_C000449:2,Clonal
P0825,NTC64-20170825,CD8,CD8_C05-CD6,CRC.P0825_C000449:2,Clonal
P0825,NTC62-20170825,CD8,CD8_C05-CD6,CRC.P0825_C000479:2,Clonal
P0825,NTC43-20170825,CD8,CD8_C05-CD6,CRC.P0825_C000479:2,Clonal
P0825,TTR151-20170825,CD4,CD4_C12-CTLA4,CRC.P0825_C000483:2,Clonal
P0825,TTR113-20170825,DN,NA,CRC.P0825_C000483:2,Clonal
P0825,PTH107-20170825,CD4,CD4_C02-ANXA1,CRC.P0825_C000492:2,Clonal
P0825,TTH288-20170825,other,NA,CRC.P0825_C000492:2,Clonal
P0825,TTC148-20170825,CD8,CD8_C07-LAYN,CRC.P0825_C000500:2,Clonal
P0825,TTC179-20170825,CD8,CD8_C07-LAYN,CRC.P0825_C000500:2,Clonal
P0825,TTR105-20170825,CD4,CD4_C12-CTLA4,CRC.P0825_C000504:2,Clonal
P0825,TTY92-20170825,CD4,CD4_C12-CTLA4,CRC.P0825_C000504:2,Clonal
P0825,TTH100-20170825,DN,NA,CRC.P0825_C000515:2,Clonal
P0825,NTY69-20170825,DN,NA,CRC.P0825_C000515:2,Clonal
P0825,TTC16-20170825,CD8,CD8_C07-LAYN,CRC.P0825_C000526:2,Clonal
P0825,TTC163-20170825,CD8,CD8_C07-LAYN,CRC.P0825_C000526:2,Clonal
P0825,TTH127-20170825,CD4,CD4_C05-CXCR6,CRC.P0825_C000568:2,Clonal
P0825,TTH184-20170825,CD4,CD4_C09-CXCL13,CRC.P0825_C000568:2,Clonal
P0825,PTC56-20170825,CD8,CD8_C03-CX3CR1,CRC.P0825_C000600:2,Clonal
P0825,TTC67-20170825,CD8,CD8_C04-GZMK,CRC.P0825_C000600:2,Clonal
P0825,TTH118-20170825,CD4,CD4_C05-CXCR6,CRC.P0825_C000621:2,Clonal
P0825,TTY41-20170825,CD4,CD4_C09-CXCL13,CRC.P0825_C000621:2,Clonal
P0825,NTC74-20170825,CD8,CD8_C05-CD6,CRC.P0825_C000624:2,Clonal
P0825,NTC13-20170825,CD8,CD8_C05-CD6,CRC.P0825_C000624:2,Clonal
P0825,NTY118-20170825,CD4,CD4_C04-TCF7,CRC.P0825_C000642:2,Clonal
P0825,NTH64-20170825,DN,NA,CRC.P0825_C000642:2,Clonal
P0825,PTH77-20170825,other,NA,CRC.P0825_C000671:2,Clonal
P0825,PTH120-20170825,DN,NA,CRC.P0825_C000671:2,Clonal
P0825,PTH51-20170825,CD4,CD4_C03-GNLY,CRC.P0825_C000684:2,Clonal
P0825,PTH122-20170825,DN,NA,CRC.P0825_C000684:2,Clonal
P0825,TTH168-20170825,CD4,CD4_C05-CXCR6,CRC.P0825_C000687:2,Clonal
P0825,TTR1-20170825,CD4,CD4_C09-CXCL13,CRC.P0825_C000687:2,Clonal
P0825,TTH282-20170825,CD4,CD4_C07-GZMK,CRC.P0825_C000697:2,Clonal
P0825,TTR192-20170825,CD4,CD4_C09-CXCL13,CRC.P0825_C000697:2,Clonal
P0825,TTY60-20170825,CD4,CD4_C09-CXCL13,CRC.P0825_C000707:2,Clonal
P0825,TTH183-20170825,DN,NA,CRC.P0825_C000707:2,Clonal
P0825,TTC58-20170825,CD8,CD8_C07-LAYN,CRC.P0825_C000712:2,Clonal
P0825,TTC98-20170825,CD8,CD8_C07-LAYN,CRC.P0825_C000712:2,Clonal
P0825,TTR58-20170825,CD4,CD4_C12-CTLA4,CRC.P0825_C000713:2,Clonal
P0825,TTR30-20170825,CD4,CD4_C12-CTLA4,CRC.P0825_C000713:2,Clonal
P0825,TTC188-20170825,CD8,CD8_C07-LAYN,CRC.P0825_C000793:2,Clonal
P0825,TTC20-20170825,CD8,CD8_C07-LAYN,CRC.P0825_C000793:2,Clonal
P0825,NTC7-20170825,CD8,CD8_C06-CD160,CRC.P0825_C000002:1,NoClonal
P0825,NTH5-20170825,CD4,CD4_C05-CXCR6,CRC.P0825_C000003:1,NoClonal
P0825,TTH103-20170825,CD4,CD4_C12-CTLA4,CRC.P0825_C000004:1,NoClonal
P0825,TTH156-20170825,DN,NA,CRC.P0825_C000005:1,NoClonal
P0825,PTR33-20170825,CD4,CD4_C02-ANXA1,CRC.P0825_C000008:1,NoClonal
P0825,TTR132-20170825,CD4,CD4_C12-CTLA4,CRC.P0825_C000009:1,NoClonal
P0825,TTR134-20170825,CD4,CD4_C12-CTLA4,CRC.P0825_C000014:1,NoClonal
P0825,PTR135-20170825,DN,NA,CRC.P0825_C000015:1,NoClonal
P0825,NTC100-20170825,CD8,CD8_C05-CD6,CRC.P0825_C000020:1,NoClonal
P0825,PTR124-20170825,DN,NA,CRC.P0825_C000022:1,NoClonal
P0825,PTR141-20170825,DN,NA,CRC.P0825_C000023:1,NoClonal
P0825,NTY37-20170825,other,NA,CRC.P0825_C000025:1,NoClonal
P0825,TTR12-20170825,CD4,CD4_C09-CXCL13,CRC.P0825_C000026:1,NoClonal
P0825,TTR48-20170825,CD4,CD4_C12-CTLA4,CRC.P0825_C000027:1,NoClonal
P0825,TTY71-20170825,other,NA,CRC.P0825_C000029:1,NoClonal
P0825,TTR187-20170825,CD4,CD4_C12-CTLA4,CRC.P0825_C000031:1,NoClonal
P0825,NTH79-20170825,CD4,CD4_C04-TCF7,CRC.P0825_C000032:1,NoClonal
P0825,NTC45-20170825,CD8,CD8_C05-CD6,CRC.P0825_C000037:1,NoClonal
P0825,PTH50-20170825,CD4,CD4_C01-CCR7,CRC.P0825_C000038:1,NoClonal
P0825,TTR182-20170825,CD4,CD4_C12-CTLA4,CRC.P0825_C000043:1,NoClonal
P0825,TTR31-20170825,CD4,CD4_C12-CTLA4,CRC.P0825_C000044:1,NoClonal
P0825,NTC33-20170825,CD8,CD8_C06-CD160,CRC.P0825_C000047:1,NoClonal
P0825,PTR43-20170825,other,NA,CRC.P0825_C000048:1,NoClonal
P0825,TTH157-20170825,other,NA,CRC.P0825_C000049:1,NoClonal
P0825,NTY7-20170825,CD4,CD4_C11-IL10,CRC.P0825_C000051:1,NoClonal
P0825,NTY134-20170825,CD4,CD4_C05-CXCR6,CRC.P0825_C000056:1,NoClonal
P0825,NTH72-20170825,CD4,CD4_C04-TCF7,CRC.P0825_C000057:1,NoClonal
P0825,NTH9-20170825,CD4,CD4_C11-IL10,CRC.P0825_C000058:1,NoClonal
P0825,TTR162-20170825,CD4,CD4_C12-CTLA4,CRC.P0825_C000059:1,NoClonal
P0825,TTH162-20170825,DN,NA,CRC.P0825_C000060:1,NoClonal
P0825,PTR12-20170825,CD4,CD4_C02-ANXA1,CRC.P0825_C000062:1,NoClonal
P0825,NTC89-20170825,CD8,CD8_C05-CD6,CRC.P0825_C000064:1,NoClonal
P0825,PTH70-20170825,other,NA,CRC.P0825_C000065:1,NoClonal
P0825,PTR19-20170825,DN,NA,CRC.P0825_C000066:1,NoClonal
P0825,PTR22-20170825,DN,NA,CRC.P0825_C000067:1,NoClonal
P0825,PTC31-20170825,CD8,CD8_C02-GPR183,CRC.P0825_C000068:1,NoClonal
P0825,PTH79-20170825,CD4,CD4_C01-CCR7,CRC.P0825_C000069:1,NoClonal
P0825,TTC119-20170825,CD8,CD8_C04-GZMK,CRC.P0825_C000070:1,NoClonal
P0825,PTR2-20170825,DN,NA,CRC.P0825_C000071:1,NoClonal
P0825,NTY31-20170825,DN,NA,CRC.P0825_C000073:1,NoClonal
P0825,NTC99-20170825,CD8,CD8_C04-GZMK,CRC.P0825_C000074:1,NoClonal
P0825,TTC38-20170825,CD8,CD8_C04-GZMK,CRC.P0825_C000075:1,NoClonal
P0825,TTY5-20170825,CD4,CD4_C01-CCR7,CRC.P0825_C000076:1,NoClonal
P0825,TTH279-20170825,CD4,CD4_C08-IL23R,CRC.P0825_C000078:1,NoClonal
P0825,TTC111-20170825,CD8,CD8_C07-LAYN,CRC.P0825_C000079:1,NoClonal
P0825,PTC112-20170825,CD8,CD8_C03-CX3CR1,CRC.P0825_C000099:1,NoClonal
P0825,NTC58-20170825,CD8,CD8_C05-CD6,CRC.P0825_C000100:1,NoClonal
P0825,TTC172-20170825,CD8,CD8_C07-LAYN,CRC.P0825_C000109:1,NoClonal
P0825,NTH59-20170825,CD4,CD4_C05-CXCR6,CRC.P0825_C000111:1,NoClonal
P0825,PTR62-20170825,DN,NA,CRC.P0825_C000112:1,NoClonal
P0825,PTR111-20170825,CD4,CD4_C10-FOXP3,CRC.P0825_C000113:1,NoClonal
P0825,PTR64-20170825,CD4,CD4_C10-FOXP3,CRC.P0825_C000114:1,NoClonal
P0825,PTH63-20170825,DN,NA,CRC.P0825_C000116:1,NoClonal
P0825,NTH30-20170825,CD4,CD4_C05-CXCR6,CRC.P0825_C000118:1,NoClonal
P0825,PTH65-20170825,CD4,CD4_C01-CCR7,CRC.P0825_C000119:1,NoClonal
P0825,TTH209-20170825,DN,NA,CRC.P0825_C000121:1,NoClonal
P0825,TTH98-20170825,CD4,CD4_C11-IL10,CRC.P0825_C000124:1,NoClonal
P0825,NTH32-20170825,CD4,CD4_C11-IL10,CRC.P0825_C000126:1,NoClonal
P0825,NTY79-20170825,DN,NA,CRC.P0825_C000127:1,NoClonal
P0825,PTH128-20170825,DN,NA,CRC.P0825_C000128:1,NoClonal
P0825,NTH38-20170825,DN,NA,CRC.P0825_C000129:1,NoClonal
P0825,NTY91-20170825,CD4,CD4_C05-CXCR6,CRC.P0825_C000130:1,NoClonal
P0825,TTH273-20170825,CD4,CD4_C05-CXCR6,CRC.P0825_C000131:1,NoClonal
P0825,TTH253-20170825,CD4,CD4_C07-GZMK,CRC.P0825_C000133:1,NoClonal
P0825,PTR15-20170825,CD4,CD4_C10-FOXP3,CRC.P0825_C000138:1,NoClonal
P0825,NTH2-20170825,CD4,CD4_C05-CXCR6,CRC.P0825_C000139:1,NoClonal
P0825,NTH44-20170825,CD4,CD4_C05-CXCR6,CRC.P0825_C000141:1,NoClonal
P0825,PTH62-20170825,CD4,CD4_C02-ANXA1,CRC.P0825_C000142:1,NoClonal
P0825,TTH121-20170825,CD4,CD4_C10-FOXP3,CRC.P0825_C000143:1,NoClonal
P0825,NTH35-20170825,other,NA,CRC.P0825_C000144:1,NoClonal
P0825,NTY14-20170825,CD4,CD4_C04-TCF7,CRC.P0825_C000145:1,NoClonal
P0825,TTY58-20170825,CD4,CD4_C12-CTLA4,CRC.P0825_C000148:1,NoClonal
P0825,TTR175-20170825,other,NA,CRC.P0825_C000149:1,NoClonal
P0825,TTH204-20170825,CD4,CD4_C07-GZMK,CRC.P0825_C000150:1,NoClonal
P0825,TTH163-20170825,CD4,CD4_C09-CXCL13,CRC.P0825_C000151:1,NoClonal
P0825,TTR60-20170825,CD4,CD4_C12-CTLA4,CRC.P0825_C000152:1,NoClonal
P0825,TTY59-20170825,CD4,CD4_C12-CTLA4,CRC.P0825_C000155:1,NoClonal
P0825,NTY48-20170825,CD4,CD4_C08-IL23R,CRC.P0825_C000156:1,NoClonal
P0825,PTR16-20170825,DN,NA,CRC.P0825_C000157:1,NoClonal
P0825,PTH117-20170825,CD4,CD4_C02-ANXA1,CRC.P0825_C000158:1,NoClonal
P0825,NTC90-20170825,CD8,CD8_C04-GZMK,CRC.P0825_C000159:1,NoClonal
P0825,NTH39-20170825,other,NA,CRC.P0825_C000160:1,NoClonal
P0825,PTH76-20170825,CD4,CD4_C01-CCR7,CRC.P0825_C000161:1,NoClonal
P0825,TTR23-20170825,CD4,CD4_C12-CTLA4,CRC.P0825_C000162:1,NoClonal
P0825,NTH21-20170825,CD4,CD4_C05-CXCR6,CRC.P0825_C000163:1,NoClonal
P0825,PTC12-20170825,CD8,CD8_C03-CX3CR1,CRC.P0825_C000164:1,NoClonal
P0825,NTC92-20170825,CD8,CD8_C06-CD160,CRC.P0825_C000166:1,NoClonal
P0825,TTH158-20170825,CD4,CD4_C05-CXCR6,CRC.P0825_C000167:1,NoClonal
P0825,PTR142-20170825,CD4,CD4_C02-ANXA1,CRC.P0825_C000169:1,NoClonal
P0825,NTC81-20170825,CD8,CD8_C06-CD160,CRC.P0825_C000172:1,NoClonal
P0825,TTY38-20170825,CD4,CD4_C09-CXCL13,CRC.P0825_C000173:1,NoClonal
P0825,PTR114-20170825,DN,NA,CRC.P0825_C000174:1,NoClonal
P0825,NTC83-20170825,CD8,CD8_C05-CD6,CRC.P0825_C000177:1,NoClonal
P0825,TTC39-20170825,CD8,CD8_C07-LAYN,CRC.P0825_C000178:1,NoClonal
P0825,NTY70-20170825,DN,NA,CRC.P0825_C000179:1,NoClonal
P0825,PTH102-20170825,CD4,CD4_C01-CCR7,CRC.P0825_C000180:1,NoClonal
P0825,TTR144-20170825,CD4,CD4_C12-CTLA4,CRC.P0825_C000181:1,NoClonal
P0825,TTC10-20170825,CD8,CD8_C07-LAYN,CRC.P0825_C000183:1,NoClonal
P0825,PTH126-20170825,CD4,CD4_C03-GNLY,CRC.P0825_C000185:1,NoClonal
P0825,TTC22-20170825,CD8,CD8_C07-LAYN,CRC.P0825_C000188:1,NoClonal
P0825,NTY26-20170825,CD4,CD4_C05-CXCR6,CRC.P0825_C000190:1,NoClonal
P0825,NTY127-20170825,CD4,CD4_C04-TCF7,CRC.P0825_C000191:1,NoClonal
P0825,NTC24-20170825,CD8,CD8_C05-CD6,CRC.P0825_C000192:1,NoClonal
P0825,PTR102-20170825,CD4,CD4_C01-CCR7,CRC.P0825_C000193:1,NoClonal
P0825,TTR94-20170825,DN,NA,CRC.P0825_C000195:1,NoClonal
P0825,TTR42-20170825,CD4,CD4_C12-CTLA4,CRC.P0825_C000197:1,NoClonal
P0825,PTR123-20170825,DN,NA,CRC.P0825_C000198:1,NoClonal
P0825,PTC61-20170825,CD8,CD8_C03-CX3CR1,CRC.P0825_C000201:1,NoClonal
P0825,PTC80-20170825,CD8,CD8_C08-SLC4A10,CRC.P0825_C000202:1,NoClonal
P0825,TTY36-20170825,CD4,CD4_C04-TCF7,CRC.P0825_C000203:1,NoClonal
P0825,NTY71-20170825,DN,NA,CRC.P0825_C000204:1,NoClonal
P0825,PTC3-20170825,DP,NA,CRC.P0825_C000205:1,NoClonal
P0825,PTR72-20170825,CD4,CD4_C10-FOXP3,CRC.P0825_C000207:1,NoClonal
P0825,NTH63-20170825,CD4,CD4_C08-IL23R,CRC.P0825_C000208:1,NoClonal
P0825,PTH86-20170825,other,NA,CRC.P0825_C000209:1,NoClonal
P0825,TTH177-20170825,CD4,CD4_C09-CXCL13,CRC.P0825_C000210:1,NoClonal
P0825,TTY68-20170825,other,NA,CRC.P0825_C000211:1,NoClonal
P0825,TTR160-20170825,CD4,CD4_C09-CXCL13,CRC.P0825_C000212:1,NoClonal
P0825,TTR180-20170825,CD4,CD4_C09-CXCL13,CRC.P0825_C000213:1,NoClonal
P0825,NTY29-20170825,DN,NA,CRC.P0825_C000215:1,NoClonal
P0825,TTC173-20170825,CD8,CD8_C07-LAYN,CRC.P0825_C000216:1,NoClonal
P0825,NTC3-20170825,CD8,CD8_C04-GZMK,CRC.P0825_C000217:1,NoClonal
P0825,TTH160-20170825,CD4,CD4_C09-CXCL13,CRC.P0825_C000218:1,NoClonal
P0825,NTY59-20170825,DN,NA,CRC.P0825_C000219:1,NoClonal
P0825,TTH101-20170825,other,NA,CRC.P0825_C000221:1,NoClonal
P0825,TTR34-20170825,CD4,CD4_C12-CTLA4,CRC.P0825_C000222:1,NoClonal
P0825,TTC127-20170825,CD8,CD8_C07-LAYN,CRC.P0825_C000223:1,NoClonal
P0825,TTY88-20170825,DN,NA,CRC.P0825_C000224:1,NoClonal
P0825,NTY108-20170825,other,NA,CRC.P0825_C000225:1,NoClonal
P0825,TTY70-20170825,DN,NA,CRC.P0825_C000226:1,NoClonal
P0825,NTY109-20170825,DN,NA,CRC.P0825_C000228:1,NoClonal
P0825,NTH18-20170825,DN,NA,CRC.P0825_C000229:1,NoClonal
P0825,TTY183-20170825,CD4,CD4_C01-CCR7,CRC.P0825_C000230:1,NoClonal
P0825,TTH216-20170825,CD4,CD4_C05-CXCR6,CRC.P0825_C000232:1,NoClonal
P0825,PTH121-20170825,DN,NA,CRC.P0825_C000233:1,NoClonal
P0825,PTR31-20170825,CD4,CD4_C02-ANXA1,CRC.P0825_C000235:1,NoClonal
P0825,TTY75-20170825,CD4,CD4_C04-TCF7,CRC.P0825_C000236:1,NoClonal
P0825,TTH145-20170825,CD4,CD4_C07-GZMK,CRC.P0825_C000238:1,NoClonal
P0825,PTR103-20170825,DN,NA,CRC.P0825_C000239:1,NoClonal
P0825,TTH265-20170825,other,NA,CRC.P0825_C000240:1,NoClonal
P0825,PTH59-20170825,CD4,CD4_C03-GNLY,CRC.P0825_C000241:1,NoClonal
P0825,TTH205-20170825,CD4,CD4_C07-GZMK,CRC.P0825_C000243:1,NoClonal
P0825,NTY74-20170825,CD4,CD4_C05-CXCR6,CRC.P0825_C000244:1,NoClonal
P0825,PTH108-20170825,other,NA,CRC.P0825_C000245:1,NoClonal
P0825,PTR58-20170825,CD4,CD4_C02-ANXA1,CRC.P0825_C000246:1,NoClonal
P0825,PTR11-20170825,CD4,CD4_C10-FOXP3,CRC.P0825_C000247:1,NoClonal
P0825,PTH58-20170825,CD4,CD4_C01-CCR7,CRC.P0825_C000249:1,NoClonal
P0825,PTR44-20170825,DN,NA,CRC.P0825_C000252:1,NoClonal
P0825,NTH94-20170825,CD4,CD4_C05-CXCR6,CRC.P0825_C000253:1,NoClonal
P0825,TTC109-20170825,CD8,CD8_C07-LAYN,CRC.P0825_C000254:1,NoClonal
P0825,PTC32-20170825,CD8,CD8_C02-GPR183,CRC.P0825_C000255:1,NoClonal
P0825,NTY99-20170825,CD4,CD4_C05-CXCR6,CRC.P0825_C000256:1,NoClonal
P0825,TTR186-20170825,CD4,CD4_C09-CXCL13,CRC.P0825_C000259:1,NoClonal
P0825,PTR63-20170825,DN,NA,CRC.P0825_C000262:1,NoClonal
P0825,NTH15-20170825,CD4,CD4_C05-CXCR6,CRC.P0825_C000263:1,NoClonal
P0825,PTR128-20170825,CD4,CD4_C02-ANXA1,CRC.P0825_C000264:1,NoClonal
P0825,TTR142-20170825,CD4,CD4_C09-CXCL13,CRC.P0825_C000265:1,NoClonal
P0825,TTH119-20170825,DN,NA,CRC.P0825_C000267:1,NoClonal
P0825,PTR8-20170825,CD4,CD4_C02-ANXA1,CRC.P0825_C000268:1,NoClonal
P0825,NTY107-20170825,DN,NA,CRC.P0825_C000274:1,NoClonal
P0825,NTH54-20170825,CD4,CD4_C12-CTLA4,CRC.P0825_C000275:1,NoClonal
P0825,TTR47-20170825,CD4,CD4_C12-CTLA4,CRC.P0825_C000277:1,NoClonal
P0825,TTH237-20170825,CD4,CD4_C07-GZMK,CRC.P0825_C000278:1,NoClonal
P0825,PTC130-20170825,CD8,CD8_C02-GPR183,CRC.P0825_C000279:1,NoClonal
P0825,PTC119-20170825,CD8,CD8_C02-GPR183,CRC.P0825_C000280:1,NoClonal
P0825,PTC110-20170825,CD8,CD8_C01-LEF1,CRC.P0825_C000281:1,NoClonal
P0825,PTC106-20170825,CD8,CD8_C03-CX3CR1,CRC.P0825_C000282:1,NoClonal
P0825,PTH78-20170825,CD4,CD4_C01-CCR7,CRC.P0825_C000283:1,NoClonal
P0825,PTH83-20170825,CD4,CD4_C02-ANXA1,CRC.P0825_C000284:1,NoClonal
P0825,PTR107-20170825,DN,NA,CRC.P0825_C000285:1,NoClonal
P0825,TTY14-20170825,CD4,CD4_C09-CXCL13,CRC.P0825_C000288:1,NoClonal
P0825,NTY1-20170825,CD4,CD4_C05-CXCR6,CRC.P0825_C000290:1,NoClonal
P0825,TTR138-20170825,CD4,CD4_C09-CXCL13,CRC.P0825_C000292:1,NoClonal
P0825,PTR21-20170825,CD4,CD4_C01-CCR7,CRC.P0825_C000293:1,NoClonal
P0825,TTR127-20170825,CD4,CD4_C12-CTLA4,CRC.P0825_C000294:1,NoClonal
P0825,TTR159-20170825,DN,NA,CRC.P0825_C000295:1,NoClonal
P0825,NTY96-20170825,CD4,CD4_C12-CTLA4,CRC.P0825_C000296:1,NoClonal
P0825,NTH17-20170825,DN,NA,CRC.P0825_C000297:1,NoClonal
P0825,NTY85-20170825,CD4,CD4_C06-CXCR5,CRC.P0825_C000299:1,NoClonal
P0825,PTC94-20170825,CD8,CD8_C03-CX3CR1,CRC.P0825_C000300:1,NoClonal
P0825,PTR29-20170825,CD4,CD4_C02-ANXA1,CRC.P0825_C000301:1,NoClonal
P0825,TTR87-20170825,CD4,CD4_C12-CTLA4,CRC.P0825_C000302:1,NoClonal
P0825,PTH116-20170825,DN,NA,CRC.P0825_C000303:1,NoClonal
P0825,PTR45-20170825,CD4,CD4_C02-ANXA1,CRC.P0825_C000304:1,NoClonal
P0825,PTR67-20170825,CD4,CD4_C01-CCR7,CRC.P0825_C000305:1,NoClonal
P0825,TTH271-20170825,CD4,CD4_C07-GZMK,CRC.P0825_C000306:1,NoClonal
P0825,PTR110-20170825,CD4,CD4_C10-FOXP3,CRC.P0825_C000307:1,NoClonal
P0825,TTH235-20170825,CD4,CD4_C12-CTLA4,CRC.P0825_C000308:1,NoClonal
P0825,PTR136-20170825,CD4,CD4_C10-FOXP3,CRC.P0825_C000309:1,NoClonal
P0825,TTC76-20170825,CD8,CD8_C07-LAYN,CRC.P0825_C000310:1,NoClonal
P0825,PTC49-20170825,CD8,CD8_C02-GPR183,CRC.P0825_C000313:1,NoClonal
P0825,TTY54-20170825,CD4,CD4_C09-CXCL13,CRC.P0825_C000314:1,NoClonal
P0825,TTC4-20170825,CD8,CD8_C07-LAYN,CRC.P0825_C000315:1,NoClonal
P0825,PTR52-20170825,DN,NA,CRC.P0825_C000316:1,NoClonal
P0825,NTH22-20170825,CD4,CD4_C04-TCF7,CRC.P0825_C000317:1,NoClonal
P0825,TTC1-20170825,other,NA,CRC.P0825_C000319:1,NoClonal
P0825,TTH261-20170825,CD4,CD4_C07-GZMK,CRC.P0825_C000320:1,NoClonal
P0825,NTY121-20170825,CD4,CD4_C05-CXCR6,CRC.P0825_C000321:1,NoClonal
P0825,TTC168-20170825,CD8,CD8_C07-LAYN,CRC.P0825_C000324:1,NoClonal
P0825,PTR56-20170825,DN,NA,CRC.P0825_C000326:1,NoClonal
P0825,TTY11-20170825,other,NA,CRC.P0825_C000327:1,NoClonal
P0825,TTH267-20170825,CD4,CD4_C09-CXCL13,CRC.P0825_C000328:1,NoClonal
P0825,TTY56-20170825,CD4,NA,CRC.P0825_C000329:1,NoClonal
P0825,TTH148-20170825,DN,NA,CRC.P0825_C000330:1,NoClonal
P0825,TTH102-20170825,CD4,CD4_C06-CXCR5,CRC.P0825_C000333:1,NoClonal
P0825,NTH60-20170825,CD4,CD4_C08-IL23R,CRC.P0825_C000335:1,NoClonal
P0825,NTY50-20170825,CD4,CD4_C05-CXCR6,CRC.P0825_C000336:1,NoClonal
P0825,PTR101-20170825,CD4,CD4_C01-CCR7,CRC.P0825_C000337:1,NoClonal
P0825,PTH98-20170825,CD4,CD4_C01-CCR7,CRC.P0825_C000338:1,NoClonal
P0825,PTH140-20170825,other,NA,CRC.P0825_C000339:1,NoClonal
P0825,NTY19-20170825,other,NA,CRC.P0825_C000340:1,NoClonal
P0825,TTY110-20170825,DN,NA,CRC.P0825_C000341:1,NoClonal
P0825,PTR104-20170825,CD4,CD4_C10-FOXP3,CRC.P0825_C000342:1,NoClonal
P0825,NTY63-20170825,CD4,CD4_C06-CXCR5,CRC.P0825_C000344:1,NoClonal
P0825,TTY77-20170825,CD4,CD4_C09-CXCL13,CRC.P0825_C000346:1,NoClonal
P0825,TTC9-20170825,CD8,CD8_C07-LAYN,CRC.P0825_C000347:1,NoClonal
P0825,NTY133-20170825,CD4,CD4_C05-CXCR6,CRC.P0825_C000348:1,NoClonal
P0825,PTR99-20170825,CD4,CD4_C02-ANXA1,CRC.P0825_C000349:1,NoClonal
P0825,NTC87-20170825,CD8,CD8_C06-CD160,CRC.P0825_C000350:1,NoClonal
P0825,NTY76-20170825,CD4,CD4_C05-CXCR6,CRC.P0825_C000351:1,NoClonal
P0825,TTY4-20170825,CD4,CD4_C12-CTLA4,CRC.P0825_C000352:1,NoClonal
P0825,TTC35-20170825,CD8,CD8_C07-LAYN,CRC.P0825_C000353:1,NoClonal
P0825,TTC113-20170825,CD8,CD8_C07-LAYN,CRC.P0825_C000356:1,NoClonal
P0825,PTH49-20170825,CD4,CD4_C03-GNLY,CRC.P0825_C000357:1,NoClonal
P0825,PTR7-20170825,DN,NA,CRC.P0825_C000362:1,NoClonal
P0825,PTC55-20170825,other,NA,CRC.P0825_C000363:1,NoClonal
P0825,TTH258-20170825,DN,NA,CRC.P0825_C000364:1,NoClonal
P0825,PTR9-20170825,CD4,CD4_C02-ANXA1,CRC.P0825_C000367:1,NoClonal
P0825,NTY18-20170825,CD4,CD4_C04-TCF7,CRC.P0825_C000368:1,NoClonal
P0825,TTH255-20170825,DN,NA,CRC.P0825_C000370:1,NoClonal
P0825,NTY68-20170825,CD4,CD4_C06-CXCR5,CRC.P0825_C000372:1,NoClonal
P0825,TTY91-20170825,CD4,CD4_C12-CTLA4,CRC.P0825_C000376:1,NoClonal
P0825,TTY51-20170825,CD4,CD4_C08-IL23R,CRC.P0825_C000377:1,NoClonal
P0825,PTH81-20170825,CD4,CD4_C02-ANXA1,CRC.P0825_C000378:1,NoClonal
P0825,TTY79-20170825,DN,NA,CRC.P0825_C000380:1,NoClonal
P0825,NTH8-20170825,other,NA,CRC.P0825_C000383:1,NoClonal
P0825,NTY90-20170825,other,NA,CRC.P0825_C000384:1,NoClonal
P0825,PTR132-20170825,CD4,CD4_C10-FOXP3,CRC.P0825_C000385:1,NoClonal
P0825,TTY193-20170825,CD4,CD4_C05-CXCR6,CRC.P0825_C000387:1,NoClonal
P0825,PTR40-20170825,CD4,CD4_C10-FOXP3,CRC.P0825_C000388:1,NoClonal
P0825,PTR38-20170825,DN,NA,CRC.P0825_C000389:1,NoClonal
P0825,PTR51-20170825,CD4,CD4_C10-FOXP3,CRC.P0825_C000390:1,NoClonal
P0825,PTH135-20170825,CD4,CD4_C02-ANXA1,CRC.P0825_C000394:1,NoClonal
P0825,NTY36-20170825,CD4,CD4_C05-CXCR6,CRC.P0825_C000395:1,NoClonal
P0825,PTH52-20170825,DN,NA,CRC.P0825_C000397:1,NoClonal
P0825,TTH107-20170825,CD4,CD4_C05-CXCR6,CRC.P0825_C000399:1,NoClonal
P0825,PTC120-20170825,CD8,CD8_C02-GPR183,CRC.P0825_C000400:1,NoClonal
P0825,TTR92-20170825,CD4,CD4_C12-CTLA4,CRC.P0825_C000401:1,NoClonal
P0825,PTR34-20170825,CD4,CD4_C10-FOXP3,CRC.P0825_C000402:1,NoClonal
P0825,NTY83-20170825,CD4,CD4_C05-CXCR6,CRC.P0825_C000403:1,NoClonal
P0825,NTY61-20170825,CD4,CD4_C06-CXCR5,CRC.P0825_C000404:1,NoClonal
P0825,TTH251-20170825,DN,NA,CRC.P0825_C000405:1,NoClonal
P0825,TTH233-20170825,DN,NA,CRC.P0825_C000406:1,NoClonal
P0825,TTH112-20170825,DN,NA,CRC.P0825_C000407:1,NoClonal
P0825,NTH57-20170825,DN,NA,CRC.P0825_C000408:1,NoClonal
P0825,NTY5-20170825,CD4,CD4_C04-TCF7,CRC.P0825_C000409:1,NoClonal
P0825,TTR62-20170825,CD4,CD4_C12-CTLA4,CRC.P0825_C000411:1,NoClonal
P0825,PTC2-20170825,CD8,CD8_C02-GPR183,CRC.P0825_C000413:1,NoClonal
P0825,NTY123-20170825,CD4,CD4_C04-TCF7,CRC.P0825_C000414:1,NoClonal
P0825,TTH274-20170825,CD4,CD4_C07-GZMK,CRC.P0825_C000415:1,NoClonal
P0825,PTC64-20170825,CD8,CD8_C02-GPR183,CRC.P0825_C000417:1,NoClonal
P0825,NTH67-20170825,other,NA,CRC.P0825_C000418:1,NoClonal
P0825,NTC38-20170825,CD8,CD8_C05-CD6,CRC.P0825_C000421:1,NoClonal
P0825,TTR170-20170825,CD4,CD4_C12-CTLA4,CRC.P0825_C000422:1,NoClonal
P0825,TTY93-20170825,other,NA,CRC.P0825_C000423:1,NoClonal
P0825,NTY116-20170825,CD4,CD4_C05-CXCR6,CRC.P0825_C000424:1,NoClonal
P0825,NTY39-20170825,CD4,CD4_C04-TCF7,CRC.P0825_C000427:1,NoClonal
P0825,PTR115-20170825,CD4,CD4_C02-ANXA1,CRC.P0825_C000428:1,NoClonal
P0825,TTH238-20170825,CD4,CD4_C05-CXCR6,CRC.P0825_C000431:1,NoClonal
P0825,TTY22-20170825,DN,NA,CRC.P0825_C000432:1,NoClonal
P0825,TTC108-20170825,CD8,CD8_C07-LAYN,CRC.P0825_C000433:1,NoClonal
P0825,TTR78-20170825,DN,NA,CRC.P0825_C000434:1,NoClonal
P0825,TTH264-20170825,DN,NA,CRC.P0825_C000435:1,NoClonal
P0825,NTY114-20170825,CD4,CD4_C05-CXCR6,CRC.P0825_C000436:1,NoClonal
P0825,PTR120-20170825,CD4,CD4_C02-ANXA1,CRC.P0825_C000438:1,NoClonal
P0825,TTH242-20170825,CD4,CD4_C04-TCF7,CRC.P0825_C000439:1,NoClonal
P0825,TTH197-20170825,CD4,CD4_C08-IL23R,CRC.P0825_C000440:1,NoClonal
P0825,TTY74-20170825,CD4,CD4_C05-CXCR6,CRC.P0825_C000441:1,NoClonal
P0825,PTH106-20170825,CD4,CD4_C02-ANXA1,CRC.P0825_C000442:1,NoClonal
P0825,TTR73-20170825,CD4,CD4_C12-CTLA4,CRC.P0825_C000443:1,NoClonal
P0825,PTR28-20170825,CD4,CD4_C02-ANXA1,CRC.P0825_C000444:1,NoClonal
P0825,TTH190-20170825,CD4,CD4_C05-CXCR6,CRC.P0825_C000445:1,NoClonal
P0825,PTC108-20170825,CD8,CD8_C08-SLC4A10,CRC.P0825_C000446:1,NoClonal
P0825,TTH191-20170825,DN,NA,CRC.P0825_C000447:1,NoClonal
P0825,PTH109-20170825,DN,NA,CRC.P0825_C000448:1,NoClonal
P0825,PTH67-20170825,CD4,CD4_C10-FOXP3,CRC.P0825_C000450:1,NoClonal
P0825,NTC17-20170825,CD8,CD8_C05-CD6,CRC.P0825_C000451:1,NoClonal
P0825,TTY15-20170825,DN,NA,CRC.P0825_C000453:1,NoClonal
P0825,NTC1-20170825,CD8,CD8_C05-CD6,CRC.P0825_C000454:1,NoClonal
P0825,NTY60-20170825,CD4,CD4_C04-TCF7,CRC.P0825_C000455:1,NoClonal
P0825,TTH130-20170825,CD4,CD4_C09-CXCL13,CRC.P0825_C000456:1,NoClonal
P0825,TTH252-20170825,CD4,CD4_C05-CXCR6,CRC.P0825_C000457:1,NoClonal
P0825,NTH97-20170825,CD4,CD4_C06-CXCR5,CRC.P0825_C000458:1,NoClonal
P0825,NTY93-20170825,CD4,CD4_C06-CXCR5,CRC.P0825_C000459:1,NoClonal
P0825,NTY72-20170825,CD4,NA,CRC.P0825_C000460:1,NoClonal
P0825,PTH125-20170825,CD4,CD4_C02-ANXA1,CRC.P0825_C000462:1,NoClonal
P0825,PTR36-20170825,DN,NA,CRC.P0825_C000463:1,NoClonal
P0825,NTY75-20170825,DN,NA,CRC.P0825_C000464:1,NoClonal
P0825,NTH66-20170825,CD4,CD4_C05-CXCR6,CRC.P0825_C000465:1,NoClonal
P0825,TTC28-20170825,CD8,CD8_C04-GZMK,CRC.P0825_C000467:1,NoClonal
P0825,PTH119-20170825,CD4,CD4_C01-CCR7,CRC.P0825_C000468:1,NoClonal
P0825,NTC76-20170825,CD8,CD8_C05-CD6,CRC.P0825_C000469:1,NoClonal
P0825,TTR77-20170825,CD4,CD4_C12-CTLA4,CRC.P0825_C000470:1,NoClonal
P0825,TTH270-20170825,CD4,CD4_C11-IL10,CRC.P0825_C000472:1,NoClonal
P0825,NTH91-20170825,CD4,CD4_C04-TCF7,CRC.P0825_C000473:1,NoClonal
P0825,NTH83-20170825,CD4,CD4_C04-TCF7,CRC.P0825_C000474:1,NoClonal
P0825,NTH53-20170825,CD4,CD4_C04-TCF7,CRC.P0825_C000475:1,NoClonal
P0825,TTY69-20170825,CD4,CD4_C10-FOXP3,CRC.P0825_C000476:1,NoClonal
P0825,PTR118-20170825,CD4,CD4_C10-FOXP3,CRC.P0825_C000477:1,NoClonal
P0825,NTY6-20170825,CD4,CD4_C05-CXCR6,CRC.P0825_C000478:1,NoClonal
P0825,PTR68-20170825,DN,NA,CRC.P0825_C000480:1,NoClonal
P0825,PTH74-20170825,other,NA,CRC.P0825_C000481:1,NoClonal
P0825,NTH36-20170825,CD4,CD4_C05-CXCR6,CRC.P0825_C000484:1,NoClonal
P0825,TTY78-20170825,CD4,CD4_C09-CXCL13,CRC.P0825_C000485:1,NoClonal
P0825,TTR122-20170825,CD4,CD4_C12-CTLA4,CRC.P0825_C000486:1,NoClonal
P0825,PTR10-20170825,CD4,CD4_C10-FOXP3,CRC.P0825_C000487:1,NoClonal
P0825,TTH284-20170825,other,NA,CRC.P0825_C000488:1,NoClonal
P0825,TTH239-20170825,CD4,CD4_C06-CXCR5,CRC.P0825_C000490:1,NoClonal
P0825,PTR53-20170825,CD4,CD4_C10-FOXP3,CRC.P0825_C000493:1,NoClonal
P0825,PTR59-20170825,CD4,CD4_C02-ANXA1,CRC.P0825_C000494:1,NoClonal
P0825,TTR15-20170825,CD4,CD4_C12-CTLA4,CRC.P0825_C000495:1,NoClonal
P0825,NTY24-20170825,CD4,CD4_C04-TCF7,CRC.P0825_C000497:1,NoClonal
P0825,TTH277-20170825,DN,NA,CRC.P0825_C000498:1,NoClonal
P0825,TTC62-20170825,CD8,CD8_C07-LAYN,CRC.P0825_C000499:1,NoClonal
P0825,NTC26-20170825,CD8,CD8_C04-GZMK,CRC.P0825_C000501:1,NoClonal
P0825,NTH78-20170825,CD4,CD4_C04-TCF7,CRC.P0825_C000502:1,NoClonal
P0825,TTR83-20170825,CD4,CD4_C09-CXCL13,CRC.P0825_C000503:1,NoClonal
P0825,PTR138-20170825,CD4,CD4_C10-FOXP3,CRC.P0825_C000505:1,NoClonal
P0825,TTH165-20170825,CD4,CD4_C12-CTLA4,CRC.P0825_C000506:1,NoClonal
P0825,NTY95-20170825,CD4,CD4_C06-CXCR5,CRC.P0825_C000507:1,NoClonal
P0825,PTC93-20170825,CD8,CD8_C02-GPR183,CRC.P0825_C000508:1,NoClonal
P0825,TTH194-20170825,CD4,CD4_C12-CTLA4,CRC.P0825_C000509:1,NoClonal
P0825,NTY124-20170825,CD4,CD4_C06-CXCR5,CRC.P0825_C000510:1,NoClonal
P0825,NTY77-20170825,DN,NA,CRC.P0825_C000511:1,NoClonal
P0825,PTH138-20170825,CD4,CD4_C01-CCR7,CRC.P0825_C000512:1,NoClonal
P0825,TTH174-20170825,CD4,CD4_C05-CXCR6,CRC.P0825_C000513:1,NoClonal
P0825,TTY18-20170825,other,NA,CRC.P0825_C000514:1,NoClonal
P0825,PTR134-20170825,CD4,CD4_C10-FOXP3,CRC.P0825_C000516:1,NoClonal
P0825,PTH87-20170825,DN,NA,CRC.P0825_C000517:1,NoClonal
P0825,TTH144-20170825,CD4,CD4_C05-CXCR6,CRC.P0825_C000518:1,NoClonal
P0825,PTH136-20170825,CD4,CD4_C01-CCR7,CRC.P0825_C000520:1,NoClonal
P0825,NTY92-20170825,DN,NA,CRC.P0825_C000521:1,NoClonal
P0825,PTC26-20170825,CD8,CD8_C02-GPR183,CRC.P0825_C000522:1,NoClonal
P0825,PTH66-20170825,CD4,CD4_C01-CCR7,CRC.P0825_C000523:1,NoClonal
P0825,TTH123-20170825,CD4,CD4_C05-CXCR6,CRC.P0825_C000524:1,NoClonal
P0825,TTH142-20170825,DN,NA,CRC.P0825_C000525:1,NoClonal
P0825,NTH40-20170825,CD4,CD4_C04-TCF7,CRC.P0825_C000527:1,NoClonal
P0825,PTH141-20170825,DN,NA,CRC.P0825_C000528:1,NoClonal
P0825,NTC63-20170825,CD8,CD8_C05-CD6,CRC.P0825_C000529:1,NoClonal
P0825,TTR101-20170825,CD4,CD4_C12-CTLA4,CRC.P0825_C000530:1,NoClonal
P0825,NTH4-20170825,CD4,CD4_C04-TCF7,CRC.P0825_C000531:1,NoClonal
P0825,PTH142-20170825,CD4,CD4_C03-GNLY,CRC.P0825_C000532:1,NoClonal
P0825,NTY52-20170825,other,NA,CRC.P0825_C000533:1,NoClonal
P0825,NTC105-20170825,CD8,CD8_C05-CD6,CRC.P0825_C000534:1,NoClonal
P0825,TTH105-20170825,CD4,CD4_C09-CXCL13,CRC.P0825_C000535:1,NoClonal
P0825,NTH20-20170825,CD4,CD4_C04-TCF7,CRC.P0825_C000536:1,NoClonal
P0825,PTR25-20170825,CD4,CD4_C02-ANXA1,CRC.P0825_C000537:1,NoClonal
P0825,NTC109-20170825,CD8,CD8_C05-CD6,CRC.P0825_C000538:1,NoClonal
P0825,NTY98-20170825,CD4,CD4_C05-CXCR6,CRC.P0825_C000540:1,NoClonal
P0825,TTR191-20170825,CD4,CD4_C12-CTLA4,CRC.P0825_C000541:1,NoClonal
P0825,NTH31-20170825,CD4,CD4_C04-TCF7,CRC.P0825_C000542:1,NoClonal
P0825,NTH56-20170825,CD4,CD4_C04-TCF7,CRC.P0825_C000543:1,NoClonal
P0825,TTC47-20170825,CD8,CD8_C07-LAYN,CRC.P0825_C000544:1,NoClonal
P0825,PTR130-20170825,DN,NA,CRC.P0825_C000545:1,NoClonal
P0825,NTY55-20170825,CD4,CD4_C05-CXCR6,CRC.P0825_C000546:1,NoClonal
P0825,PTR66-20170825,DN,NA,CRC.P0825_C000547:1,NoClonal
P0825,TTR39-20170825,CD4,CD4_C12-CTLA4,CRC.P0825_C000548:1,NoClonal
P0825,TTC120-20170825,CD8,CD8_C07-LAYN,CRC.P0825_C000549:1,NoClonal
P0825,NTC31-20170825,CD8,CD8_C05-CD6,CRC.P0825_C000550:1,NoClonal
P0825,TTC61-20170825,CD8,CD8_C02-GPR183,CRC.P0825_C000551:1,NoClonal
P0825,NTY64-20170825,other,NA,CRC.P0825_C000552:1,NoClonal
P0825,PTH118-20170825,DN,NA,CRC.P0825_C000553:1,NoClonal
P0825,PTR6-20170825,CD4,CD4_C02-ANXA1,CRC.P0825_C000554:1,NoClonal
P0825,PTR60-20170825,CD4,CD4_C02-ANXA1,CRC.P0825_C000555:1,NoClonal
P0825,PTR126-20170825,CD4,CD4_C10-FOXP3,CRC.P0825_C000556:1,NoClonal
P0825,NTH10-20170825,CD4,CD4_C05-CXCR6,CRC.P0825_C000557:1,NoClonal
P0825,PTR137-20170825,CD4,CD4_C10-FOXP3,CRC.P0825_C000558:1,NoClonal
P0825,TTC128-20170825,CD8,CD8_C07-LAYN,CRC.P0825_C000559:1,NoClonal
P0825,PTR55-20170825,CD4,CD4_C02-ANXA1,CRC.P0825_C000560:1,NoClonal
P0825,TTR18-20170825,CD4,CD4_C12-CTLA4,CRC.P0825_C000561:1,NoClonal
P0825,NTH106-20170825,DN,NA,CRC.P0825_C000562:1,NoClonal
P0825,TTR4-20170825,CD4,CD4_C12-CTLA4,CRC.P0825_C000563:1,NoClonal
P0825,NTC47-20170825,CD8,CD8_C04-GZMK,CRC.P0825_C000564:1,NoClonal
P0825,TTH189-20170825,CD4,CD4_C07-GZMK,CRC.P0825_C000565:1,NoClonal
P0825,PTH139-20170825,CD4,CD4_C01-CCR7,CRC.P0825_C000566:1,NoClonal
P0825,TTR93-20170825,other,NA,CRC.P0825_C000567:1,NoClonal
P0825,NTH51-20170825,DN,NA,CRC.P0825_C000569:1,NoClonal
P0825,TTH134-20170825,CD4,CD4_C09-CXCL13,CRC.P0825_C000570:1,NoClonal
P0825,TTH256-20170825,CD4,CD4_C05-CXCR6,CRC.P0825_C000571:1,NoClonal
P0825,NTY28-20170825,DN,NA,CRC.P0825_C000572:1,NoClonal
P0825,NTH45-20170825,CD4,CD4_C04-TCF7,CRC.P0825_C000573:1,NoClonal
P0825,PTR14-20170825,DN,NA,CRC.P0825_C000574:1,NoClonal
P0825,TTH249-20170825,CD4,CD4_C04-TCF7,CRC.P0825_C000575:1,NoClonal
P0825,PTR27-20170825,CD4,CD4_C02-ANXA1,CRC.P0825_C000576:1,NoClonal
P0825,TTR130-20170825,CD4,CD4_C12-CTLA4,CRC.P0825_C000577:1,NoClonal
P0825,NTY97-20170825,CD4,CD4_C05-CXCR6,CRC.P0825_C000578:1,NoClonal
P0825,NTH23-20170825,CD4,CD4_C11-IL10,CRC.P0825_C000579:1,NoClonal
P0825,TTR11-20170825,CD4,CD4_C12-CTLA4,CRC.P0825_C000580:1,NoClonal
P0825,TTH99-20170825,CD4,CD4_C05-CXCR6,CRC.P0825_C000581:1,NoClonal
P0825,NTC42-20170825,CD8,CD8_C05-CD6,CRC.P0825_C000582:1,NoClonal
P0825,TTH201-20170825,CD4,CD4_C07-GZMK,CRC.P0825_C000583:1,NoClonal
P0825,TTH223-20170825,CD4,CD4_C09-CXCL13,CRC.P0825_C000584:1,NoClonal
P0825,PTH143-20170825,DN,NA,CRC.P0825_C000585:1,NoClonal
P0825,NTY32-20170825,CD4,CD4_C08-IL23R,CRC.P0825_C000586:1,NoClonal
P0825,PTR32-20170825,DN,NA,CRC.P0825_C000587:1,NoClonal
P0825,TTR108-20170825,DN,NA,CRC.P0825_C000588:1,NoClonal
P0825,PTH111-20170825,CD4,CD4_C02-ANXA1,CRC.P0825_C000589:1,NoClonal
P0825,TTC89-20170825,CD8,CD8_C04-GZMK,CRC.P0825_C000590:1,NoClonal
P0825,PTR13-20170825,DN,NA,CRC.P0825_C000591:1,NoClonal
P0825,PTR5-20170825,CD4,CD4_C02-ANXA1,CRC.P0825_C000592:1,NoClonal
P0825,NTC96-20170825,CD8,CD8_C05-CD6,CRC.P0825_C000593:1,NoClonal
P0825,PTR30-20170825,CD4,CD4_C01-CCR7,CRC.P0825_C000594:1,NoClonal
P0825,PTH61-20170825,CD4,CD4_C01-CCR7,CRC.P0825_C000595:1,NoClonal
P0825,NTH28-20170825,CD4,CD4_C04-TCF7,CRC.P0825_C000596:1,NoClonal
P0825,TTY194-20170825,DN,NA,CRC.P0825_C000597:1,NoClonal
P0825,PTR133-20170825,CD4,CD4_C10-FOXP3,CRC.P0825_C000598:1,NoClonal
P0825,PTC98-20170825,CD8,CD8_C08-SLC4A10,CRC.P0825_C000599:1,NoClonal
P0825,PTC127-20170825,CD8,CD8_C01-LEF1,CRC.P0825_C000601:1,NoClonal
P0825,PTR18-20170825,CD4,CD4_C10-FOXP3,CRC.P0825_C000602:1,NoClonal
P0825,PTC22-20170825,CD8,CD8_C02-GPR183,CRC.P0825_C000604:1,NoClonal
P0825,TTH139-20170825,CD4,CD4_C12-CTLA4,CRC.P0825_C000605:1,NoClonal
P0825,TTY86-20170825,DN,NA,CRC.P0825_C000606:1,NoClonal
P0825,TTR89-20170825,CD4,CD4_C12-CTLA4,CRC.P0825_C000607:1,NoClonal
P0825,NTY128-20170825,CD4,CD4_C04-TCF7,CRC.P0825_C000608:1,NoClonal
P0825,TTY48-20170825,DN,NA,CRC.P0825_C000609:1,NoClonal
P0825,PTR37-20170825,DN,NA,CRC.P0825_C000610:1,NoClonal
P0825,TTH151-20170825,CD4,CD4_C12-CTLA4,CRC.P0825_C000611:1,NoClonal
P0825,TTH114-20170825,DN,NA,CRC.P0825_C000612:1,NoClonal
P0825,NTH27-20170825,CD4,CD4_C05-CXCR6,CRC.P0825_C000613:1,NoClonal
P0825,NTY38-20170825,CD4,CD4_C05-CXCR6,CRC.P0825_C000614:1,NoClonal
P0825,NTY45-20170825,DN,NA,CRC.P0825_C000615:1,NoClonal
P0825,PTR96-20170825,CD4,CD4_C02-ANXA1,CRC.P0825_C000616:1,NoClonal
P0825,PTR23-20170825,DN,NA,CRC.P0825_C000617:1,NoClonal
P0825,NTY122-20170825,CD4,CD4_C05-CXCR6,CRC.P0825_C000618:1,NoClonal
P0825,TTC125-20170825,CD8,CD8_C06-CD160,CRC.P0825_C000619:1,NoClonal
P0825,NTC60-20170825,CD8,CD8_C04-GZMK,CRC.P0825_C000620:1,NoClonal
P0825,NTY67-20170825,CD4,CD4_C04-TCF7,CRC.P0825_C000622:1,NoClonal
P0825,TTY42-20170825,DN,NA,CRC.P0825_C000623:1,NoClonal
P0825,TTH247-20170825,DN,NA,CRC.P0825_C000625:1,NoClonal
P0825,NTH34-20170825,CD4,CD4_C04-TCF7,CRC.P0825_C000626:1,NoClonal
P0825,TTH246-20170825,DN,NA,CRC.P0825_C000627:1,NoClonal
P0825,TTH196-20170825,CD4,CD4_C07-GZMK,CRC.P0825_C000628:1,NoClonal
P0825,NTY16-20170825,CD4,CD4_C11-IL10,CRC.P0825_C000629:1,NoClonal
P0825,NTC36-20170825,CD8,CD8_C05-CD6,CRC.P0825_C000630:1,NoClonal
P0825,TTY32-20170825,CD4,CD4_C09-CXCL13,CRC.P0825_C000631:1,NoClonal
P0825,PTC77-20170825,CD8,CD8_C03-CX3CR1,CRC.P0825_C000632:1,NoClonal
P0825,PTH133-20170825,CD4,CD4_C02-ANXA1,CRC.P0825_C000633:1,NoClonal
P0825,NTH25-20170825,CD4,CD4_C05-CXCR6,CRC.P0825_C000634:1,NoClonal
P0825,PTH95-20170825,CD4,CD4_C02-ANXA1,CRC.P0825_C000636:1,NoClonal
P0825,TTY89-20170825,DN,NA,CRC.P0825_C000638:1,NoClonal
P0825,PTR112-20170825,CD4,CD4_C02-ANXA1,CRC.P0825_C000639:1,NoClonal
P0825,TTH153-20170825,DN,NA,CRC.P0825_C000640:1,NoClonal
P0825,PTH129-20170825,other,NA,CRC.P0825_C000641:1,NoClonal
P0825,PTR54-20170825,CD4,CD4_C02-ANXA1,CRC.P0825_C000644:1,NoClonal
P0825,TTH185-20170825,DN,NA,CRC.P0825_C000645:1,NoClonal
P0825,PTC6-20170825,CD8,CD8_C02-GPR183,CRC.P0825_C000646:1,NoClonal
P0825,NTH93-20170825,CD4,CD4_C08-IL23R,CRC.P0825_C000648:1,NoClonal
P0825,NTH85-20170825,CD4,CD4_C05-CXCR6,CRC.P0825_C000649:1,NoClonal
P0825,TTH272-20170825,CD4,CD4_C09-CXCL13,CRC.P0825_C000650:1,NoClonal
P0825,TTC181-20170825,CD8,CD8_C07-LAYN,CRC.P0825_C000651:1,NoClonal
P0825,NTY43-20170825,DN,NA,CRC.P0825_C000652:1,NoClonal
P0825,PTH84-20170825,DN,NA,CRC.P0825_C000653:1,NoClonal
P0825,PTR117-20170825,DN,NA,CRC.P0825_C000654:1,NoClonal
P0825,TTH126-20170825,CD4,CD4_C09-CXCL13,CRC.P0825_C000655:1,NoClonal
P0825,PTC121-20170825,CD8,CD8_C03-CX3CR1,CRC.P0825_C000656:1,NoClonal
P0825,PTR98-20170825,other,NA,CRC.P0825_C000657:1,NoClonal
P0825,TTR50-20170825,CD4,CD4_C12-CTLA4,CRC.P0825_C000658:1,NoClonal
P0825,NTH37-20170825,CD4,CD4_C05-CXCR6,CRC.P0825_C000659:1,NoClonal
P0825,PTR105-20170825,DN,NA,CRC.P0825_C000660:1,NoClonal
P0825,TTR76-20170825,CD4,CD4_C09-CXCL13,CRC.P0825_C000661:1,NoClonal
P0825,TTC177-20170825,CD8,CD8_C07-LAYN,CRC.P0825_C000662:1,NoClonal
P0825,PTH92-20170825,CD4,CD4_C01-CCR7,CRC.P0825_C000663:1,NoClonal
P0825,PTC59-20170825,CD8,CD8_C02-GPR183,CRC.P0825_C000664:1,NoClonal
P0825,NTY3-20170825,CD4,CD4_C05-CXCR6,CRC.P0825_C000665:1,NoClonal
P0825,PTC15-20170825,other,NA,CRC.P0825_C000667:1,NoClonal
P0825,PTH89-20170825,DN,NA,CRC.P0825_C000668:1,NoClonal
P0825,NTH52-20170825,CD4,CD4_C05-CXCR6,CRC.P0825_C000669:1,NoClonal
P0825,TTH113-20170825,CD4,CD4_C12-CTLA4,CRC.P0825_C000670:1,NoClonal
P0825,NTY103-20170825,other,NA,CRC.P0825_C000672:1,NoClonal
P0825,TTR164-20170825,CD4,CD4_C09-CXCL13,CRC.P0825_C000675:1,NoClonal
P0825,PTH75-20170825,DN,NA,CRC.P0825_C000676:1,NoClonal
P0825,PTC7-20170825,CD8,CD8_C03-CX3CR1,CRC.P0825_C000677:1,NoClonal
P0825,NTH48-20170825,CD4,CD4_C04-TCF7,CRC.P0825_C000678:1,NoClonal
P0825,NTH11-20170825,CD4,CD4_C05-CXCR6,CRC.P0825_C000679:1,NoClonal
P0825,NTC67-20170825,CD8,CD8_C05-CD6,CRC.P0825_C000680:1,NoClonal
P0825,TTH104-20170825,CD4,CD4_C05-CXCR6,CRC.P0825_C000681:1,NoClonal
P0825,TTH109-20170825,CD4,CD4_C09-CXCL13,CRC.P0825_C000682:1,NoClonal
P0825,NTH3-20170825,CD4,CD4_C08-IL23R,CRC.P0825_C000683:1,NoClonal
P0825,TTH254-20170825,CD4,CD4_C05-CXCR6,CRC.P0825_C000685:1,NoClonal
P0825,TTR10-20170825,CD4,CD4_C12-CTLA4,CRC.P0825_C000686:1,NoClonal
P0825,TTH278-20170825,other,NA,CRC.P0825_C000688:1,NoClonal
P0825,PTH114-20170825,CD4,CD4_C02-ANXA1,CRC.P0825_C000689:1,NoClonal
P0825,NTY110-20170825,CD4,CD4_C06-CXCR5,CRC.P0825_C000690:1,NoClonal
P0825,PTR116-20170825,DN,NA,CRC.P0825_C000691:1,NoClonal
P0825,TTR51-20170825,CD4,CD4_C09-CXCL13,CRC.P0825_C000692:1,NoClonal
P0825,NTH47-20170825,CD4,CD4_C02-ANXA1,CRC.P0825_C000693:1,NoClonal
P0825,PTR41-20170825,DN,NA,CRC.P0825_C000694:1,NoClonal
P0825,TTY44-20170825,DN,NA,CRC.P0825_C000695:1,NoClonal
P0825,PTH91-20170825,CD4,CD4_C02-ANXA1,CRC.P0825_C000696:1,NoClonal
P0825,PTH127-20170825,CD4,CD4_C01-CCR7,CRC.P0825_C000698:1,NoClonal
P0825,PTH97-20170825,CD4,CD4_C01-CCR7,CRC.P0825_C000699:1,NoClonal
P0825,NTH70-20170825,CD4,CD4_C06-CXCR5,CRC.P0825_C000701:1,NoClonal
P0825,PTR71-20170825,CD4,CD4_C10-FOXP3,CRC.P0825_C000702:1,NoClonal
P0825,PTR49-20170825,CD4,CD4_C02-ANXA1,CRC.P0825_C000703:1,NoClonal
P0825,NTY4-20170825,CD4,CD4_C04-TCF7,CRC.P0825_C000704:1,NoClonal
P0825,TTH152-20170825,CD4,CD4_C09-CXCL13,CRC.P0825_C000705:1,NoClonal
P0825,NTY113-20170825,CD4,CD4_C05-CXCR6,CRC.P0825_C000706:1,NoClonal
P0825,PTH113-20170825,CD4,CD4_C01-CCR7,CRC.P0825_C000709:1,NoClonal
P0825,PTR113-20170825,DN,NA,CRC.P0825_C000710:1,NoClonal
P0825,PTH94-20170825,CD4,CD4_C01-CCR7,CRC.P0825_C000711:1,NoClonal
P0825,PTR48-20170825,CD4,CD4_C10-FOXP3,CRC.P0825_C000715:1,NoClonal
P0825,NTY111-20170825,CD4,CD4_C05-CXCR6,CRC.P0825_C000716:1,NoClonal
P0825,TTH111-20170825,CD4,CD4_C08-IL23R,CRC.P0825_C000717:1,NoClonal
P0825,NTY62-20170825,CD4,CD4_C05-CXCR6,CRC.P0825_C000718:1,NoClonal
P0825,TTH161-20170825,DN,NA,CRC.P0825_C000719:1,NoClonal
P0825,TTR150-20170825,CD4,CD4_C12-CTLA4,CRC.P0825_C000720:1,NoClonal
P0825,PTH85-20170825,CD4,CD4_C01-CCR7,CRC.P0825_C000721:1,NoClonal
P0825,PTH105-20170825,other,NA,CRC.P0825_C000722:1,NoClonal
P0825,PTR122-20170825,CD4,CD4_C02-ANXA1,CRC.P0825_C000724:1,NoClonal
P0825,NTY115-20170825,CD4,CD4_C06-CXCR5,CRC.P0825_C000725:1,NoClonal
P0825,TTC11-20170825,CD8,CD8_C07-LAYN,CRC.P0825_C000726:1,NoClonal
P0825,NTY46-20170825,CD4,CD4_C05-CXCR6,CRC.P0825_C000728:1,NoClonal
P0825,PTR26-20170825,CD4,CD4_C10-FOXP3,CRC.P0825_C000729:1,NoClonal
P0825,NTY86-20170825,CD4,CD4_C04-TCF7,CRC.P0825_C000730:1,NoClonal
P0825,PTR121-20170825,CD4,CD4_C02-ANXA1,CRC.P0825_C000731:1,NoClonal
P0825,TTR80-20170825,CD4,CD4_C09-CXCL13,CRC.P0825_C000732:1,NoClonal
P0825,PTH48-20170825,DN,NA,CRC.P0825_C000733:1,NoClonal
P0825,NTY104-20170825,CD4,CD4_C05-CXCR6,CRC.P0825_C000734:1,NoClonal
P0825,PTC132-20170825,CD8,CD8_C03-CX3CR1,CRC.P0825_C000735:1,NoClonal
P0825,PTR42-20170825,CD4,CD4_C01-CCR7,CRC.P0825_C000736:1,NoClonal
P0825,TTY8-20170825,DN,NA,CRC.P0825_C000737:1,NoClonal
P0825,TTH229-20170825,CD4,CD4_C04-TCF7,CRC.P0825_C000738:1,NoClonal
P0825,PTR127-20170825,DN,NA,CRC.P0825_C000739:1,NoClonal
P0825,TTH280-20170825,DN,NA,CRC.P0825_C000740:1,NoClonal
P0825,TTC174-20170825,CD8,CD8_C07-LAYN,CRC.P0825_C000741:1,NoClonal
P0825,TTH217-20170825,other,NA,CRC.P0825_C000742:1,NoClonal
P0825,PTH124-20170825,DN,NA,CRC.P0825_C000743:1,NoClonal
P0825,NTH75-20170825,DN,NA,CRC.P0825_C000744:1,NoClonal
P0825,TTC189-20170825,CD8,CD8_C07-LAYN,CRC.P0825_C000745:1,NoClonal
P0825,PTH80-20170825,CD4,CD4_C01-CCR7,CRC.P0825_C000746:1,NoClonal
P0825,PTR108-20170825,CD4,CD4_C10-FOXP3,CRC.P0825_C000747:1,NoClonal
P0825,TTH212-20170825,DN,NA,CRC.P0825_C000748:1,NoClonal
P0825,NTY20-20170825,CD4,CD4_C11-IL10,CRC.P0825_C000749:1,NoClonal
P0825,NTH99-20170825,DN,NA,CRC.P0825_C000750:1,NoClonal
P0825,NTH61-20170825,CD4,CD4_C05-CXCR6,CRC.P0825_C000751:1,NoClonal
P0825,TTH215-20170825,CD4,CD4_C09-CXCL13,CRC.P0825_C000753:1,NoClonal
P0825,PTR57-20170825,DN,NA,CRC.P0825_C000754:1,NoClonal
P0825,NTC106-20170825,CD8,CD8_C07-LAYN,CRC.P0825_C000756:1,NoClonal
P0825,PTC103-20170825,other,NA,CRC.P0825_C000757:1,NoClonal
P0825,TTR128-20170825,CD4,CD4_C09-CXCL13,CRC.P0825_C000758:1,NoClonal
P0825,TTR111-20170825,CD4,CD4_C09-CXCL13,CRC.P0825_C000759:1,NoClonal
P0825,PTR24-20170825,other,NA,CRC.P0825_C000760:1,NoClonal
P0825,NTY100-20170825,CD4,CD4_C04-TCF7,CRC.P0825_C000761:1,NoClonal
P0825,PTR50-20170825,CD4,CD4_C02-ANXA1,CRC.P0825_C000762:1,NoClonal
P0825,TTC121-20170825,CD8,CD8_C07-LAYN,CRC.P0825_C000763:1,NoClonal
P0825,TTY13-20170825,DN,NA,CRC.P0825_C000764:1,NoClonal
P0825,TTY9-20170825,DN,NA,CRC.P0825_C000765:1,NoClonal
P0825,PTR139-20170825,CD4,CD4_C01-CCR7,CRC.P0825_C000766:1,NoClonal
P0825,PTR97-20170825,CD4,CD4_C10-FOXP3,CRC.P0825_C000767:1,NoClonal
P0825,NTY11-20170825,CD4,CD4_C04-TCF7,CRC.P0825_C000768:1,NoClonal
P0825,NTH12-20170825,CD4,CD4_C04-TCF7,CRC.P0825_C000770:1,NoClonal
P0825,TTH227-20170825,DN,NA,CRC.P0825_C000771:1,NoClonal
P0825,NTY35-20170825,other,NA,CRC.P0825_C000772:1,NoClonal
P0825,TTR131-20170825,CD4,CD4_C12-CTLA4,CRC.P0825_C000773:1,NoClonal
P0825,PTR95-20170825,CD4,CD4_C02-ANXA1,CRC.P0825_C000774:1,NoClonal
P0825,TTY2-20170825,CD4,CD4_C01-CCR7,CRC.P0825_C000775:1,NoClonal
P0825,TTR17-20170825,CD4,CD4_C12-CTLA4,CRC.P0825_C000776:1,NoClonal
P0825,TTY45-20170825,DN,NA,CRC.P0825_C000777:1,NoClonal
P0825,TTR133-20170825,CD4,CD4_C12-CTLA4,CRC.P0825_C000778:1,NoClonal
P0825,TTR27-20170825,CD4,CD4_C12-CTLA4,CRC.P0825_C000779:1,NoClonal
P0825,PTC92-20170825,other,NA,CRC.P0825_C000780:1,NoClonal
P0825,TTY25-20170825,DN,NA,CRC.P0825_C000782:1,NoClonal
P0825,TTC50-20170825,DP,NA,CRC.P0825_C000784:1,NoClonal
P0825,PTR47-20170825,DN,NA,CRC.P0825_C000785:1,NoClonal
P0825,PTR129-20170825,CD4,CD4_C02-ANXA1,CRC.P0825_C000786:1,NoClonal
P0825,TTC133-20170825,CD8,CD8_C07-LAYN,CRC.P0825_C000787:1,NoClonal
P0825,TTY55-20170825,CD4,CD4_C07-GZMK,CRC.P0825_C000788:1,NoClonal
P0825,NTH26-20170825,CD4,CD4_C05-CXCR6,CRC.P0825_C000789:1,NoClonal
P0825,TTR6-20170825,CD4,CD4_C12-CTLA4,CRC.P0825_C000790:1,NoClonal
P0825,NTY17-20170825,CD4,CD4_C05-CXCR6,CRC.P0825_C000791:1,NoClonal
P0825,NTY56-20170825,CD4,CD4_C05-CXCR6,CRC.P0825_C000792:1,NoClonal
P0825,TTC44-20170825,CD8,CD8_C04-GZMK,CRC.P0825_C000794:1,NoClonal
P0825,TTC71-20170825,CD8,CD8_C04-GZMK,CRC.P0825_C000795:1,NoClonal
P0825,TTC117-20170825,CD8,CD8_C04-GZMK,CRC.P0825_C000796:1,NoClonal
P0825,PTH96-20170825,CD4,CD4_C02-ANXA1,CRC.P0825_C000797:1,NoClonal
P0825,PTH137-20170825,CD4,CD4_C01-CCR7,CRC.P0825_C000798:1,NoClonal
P0825,PTH88-20170825,CD4,CD4_C01-CCR7,CRC.P0825_C000799:1,NoClonal
P0825,TTR104-20170825,CD4,CD4_C09-CXCL13,CRC.P0825_C000800:1,NoClonal
P0825,TTH228-20170825,CD4,CD4_C05-CXCR6,CRC.P0825_C000801:1,NoClonal
P0825,PTH130-20170825,DN,NA,CRC.P0825_C000802:1,NoClonal
P0825,NTY33-20170825,CD4,CD4_C06-CXCR5,CRC.P0825_C000803:1,NoClonal
P0825,PTR144-20170825,CD4,CD4_C10-FOXP3,CRC.P0825_C000804:1,NoClonal
P0825,TTR157-20170825,CD4,CD4_C12-CTLA4,CRC.P0825_C000806:1,NoClonal
P0825,PTR109-20170825,other,NA,CRC.P0825_C000807:1,NoClonal
P0825,TTY196-20170825,CD4,CD4_C01-CCR7,CRC.P0825_C000808:1,NoClonal
P0825,TTR41-20170825,CD4,CD4_C12-CTLA4,CRC.P0825_C000809:1,NoClonal
P0825,TTC122-20170825,other,NA,CRC.P0825_C000810:1,NoClonal
P0825,NTH1-20170825,CD4,CD4_C06-CXCR5,CRC.P0825_C000811:1,NoClonal
P0825,TTC137-20170825,CD8,CD8_C04-GZMK,CRC.P0825_C000812:1,NoClonal
P0825,NTH77-20170825,DN,NA,CRC.P0825_C000813:1,NoClonal
P0825,TTC33-20170825,other,NA,CRC.P0825_C000814:1,NoClonal
P0825,PTC28-20170825,other,NA,CRC.P0825_C000815:1,NoClonal
P0825,PTR4-20170825,CD4,CD4_C10-FOXP3,CRC.P0825_C000816:1,NoClonal
P0825,NTY112-20170825,CD4,CD4_C04-TCF7,CRC.P0825_C000817:1,NoClonal
P0825,NTH69-20170825,DN,NA,CRC.P0825_C000818:1,NoClonal
P0825,PTH57-20170825,CD4,CD4_C01-CCR7,CRC.P0825_C000819:1,NoClonal
P0825,PTR140-20170825,DN,NA,CRC.P0825_C000820:1,NoClonal
P0825,TTR124-20170825,other,NA,CRC.P0825_C000821:1,NoClonal
P0825,PTC17-20170825,CD8,CD8_C02-GPR183,CRC.P0825_C000822:1,NoClonal
P0909,TTY51-20160909,CD4,CD4_C09-CXCL13,CRC.P0909_C000190:10,Clonal
P0909,TTH153-0909-ZL,CD4,CD4_C09-CXCL13,CRC.P0909_C000190:10,Clonal
P0909,TTH244-160909-ZL,CD4,CD4_C09-CXCL13,CRC.P0909_C000190:10,Clonal
P0909,TTH234-160909-ZL,CD4,CD4_C09-CXCL13,CRC.P0909_C000190:10,Clonal
P0909,TTY89-20160909,CD4,CD4_C09-CXCL13,CRC.P0909_C000190:10,Clonal
P0909,TTH191-0909-ZL,CD4,CD4_C09-CXCL13,CRC.P0909_C000190:10,Clonal
P0909,TTH226-160909-ZL,CD4,CD4_C09-CXCL13,CRC.P0909_C000190:10,Clonal
P0909,TTH5-0909-ZL,CD4,CD4_C09-CXCL13,CRC.P0909_C000190:10,Clonal
P0909,TTY55-20160909,other,NA,CRC.P0909_C000190:10,Clonal
P0909,TTH199-160909-ZL,other,NA,CRC.P0909_C000190:10,Clonal
P0909,TTH218-160909-ZL,CD4,CD4_C09-CXCL13,CRC.P0909_C000036:8,Clonal
P0909,TTH20-0909-ZL,CD4,CD4_C09-CXCL13,CRC.P0909_C000036:8,Clonal
P0909,TTH170-0909-ZL,CD4,CD4_C09-CXCL13,CRC.P0909_C000036:8,Clonal
P0909,TTY60-20160909,CD4,CD4_C09-CXCL13,CRC.P0909_C000036:8,Clonal
P0909,TTH115-0909-ZL,CD4,CD4_C09-CXCL13,CRC.P0909_C000036:8,Clonal
P0909,TTY47-20160909,CD4,CD4_C09-CXCL13,CRC.P0909_C000036:8,Clonal
P0909,TTR129-0909-ZL,DN,NA,CRC.P0909_C000036:8,Clonal
P0909,TTH189-0909-ZL,other,NA,CRC.P0909_C000036:8,Clonal
P0909,TTH76-0909-ZL,CD4,CD4_C09-CXCL13,CRC.P0909_C000072:7,Clonal
P0909,TTY94-20160909,CD4,CD4_C09-CXCL13,CRC.P0909_C000072:7,Clonal
P0909,TTH85-0909-ZL,CD4,CD4_C09-CXCL13,CRC.P0909_C000072:7,Clonal
P0909,TTH131-0909-ZL,CD4,CD4_C09-CXCL13,CRC.P0909_C000072:7,Clonal
P0909,TTH232-160909-ZL,DN,NA,CRC.P0909_C000072:7,Clonal
P0909,TTY52-20160909,other,NA,CRC.P0909_C000072:7,Clonal
P0909,TTH253-160909-ZL,other,NA,CRC.P0909_C000072:7,Clonal
P0909,TTC208-160909-ZL,CD8,CD8_C07-LAYN,CRC.P0909_C000014:5,Clonal
P0909,TTC251-160909-ZL,CD8,CD8_C07-LAYN,CRC.P0909_C000014:5,Clonal
P0909,TTC216-160909-ZL,CD8,CD8_C07-LAYN,CRC.P0909_C000014:5,Clonal
P0909,NTC11-0909-ZL,CD8,CD8_C07-LAYN,CRC.P0909_C000014:5,Clonal
P0909,TTC47-160909-ZL,CD8,CD8_C07-LAYN,CRC.P0909_C000014:5,Clonal
P0909,TTC39-160909-ZL,CD8,CD8_C07-LAYN,CRC.P0909_C000071:5,Clonal
P0909,NTC10-0909-ZL,CD8,CD8_C07-LAYN,CRC.P0909_C000071:5,Clonal
P0909,TTC42-160909-ZL,CD8,CD8_C07-LAYN,CRC.P0909_C000071:5,Clonal
P0909,TTC93-160909-ZL,CD8,CD8_C07-LAYN,CRC.P0909_C000071:5,Clonal
P0909,TTC31-160909-ZL,CD8,CD8_C07-LAYN,CRC.P0909_C000071:5,Clonal
P0909,TTC56-160909-ZL,CD8,CD8_C07-LAYN,CRC.P0909_C000192:5,Clonal
P0909,TTC6-0909-ZL,CD8,CD8_C07-LAYN,CRC.P0909_C000192:5,Clonal
P0909,TTC202-160909-ZL,CD8,CD8_C07-LAYN,CRC.P0909_C000192:5,Clonal
P0909,TTC242-160909-ZL,CD8,CD8_C07-LAYN,CRC.P0909_C000192:5,Clonal
P0909,TTC23-160909-ZL,CD8,CD8_C07-LAYN,CRC.P0909_C000192:5,Clonal
P0909,TTR1-0909-ZL,CD4,CD4_C12-CTLA4,CRC.P0909_C000003:4,Clonal
P0909,TTR9-0909-ZL,CD4,CD4_C12-CTLA4,CRC.P0909_C000003:4,Clonal
P0909,TTR144-0909-ZL,CD4,CD4_C12-CTLA4,CRC.P0909_C000003:4,Clonal
P0909,TTR154-0909-ZL,other,NA,CRC.P0909_C000003:4,Clonal
P0909,TTY37-20160909,CD4,CD4_C09-CXCL13,CRC.P0909_C000066:4,Clonal
P0909,TTY32-20160909,CD4,CD4_C09-CXCL13,CRC.P0909_C000066:4,Clonal
P0909,TTY71-20160909,CD4,CD4_C09-CXCL13,CRC.P0909_C000066:4,Clonal
P0909,TTH139-0909-ZL,CD4,CD4_C09-CXCL13,CRC.P0909_C000066:4,Clonal
P0909,PTC67-0909-ZL,CD8,CD8_C03-CX3CR1,CRC.P0909_C000161:4,Clonal
P0909,PTC42-0909-ZL,CD8,CD8_C03-CX3CR1,CRC.P0909_C000161:4,Clonal
P0909,PTC38-0909-ZL,CD8,CD8_C03-CX3CR1,CRC.P0909_C000161:4,Clonal
P0909,PTC78-0909-ZL,CD8,CD8_C03-CX3CR1,CRC.P0909_C000161:4,Clonal
P0909,TTH200-0909-ZL,CD4,CD4_C09-CXCL13,CRC.P0909_C000181:4,Clonal
P0909,TTY70-20160909,CD4,CD4_C09-CXCL13,CRC.P0909_C000181:4,Clonal
P0909,TTH186-0909-ZL,CD4,CD4_C09-CXCL13,CRC.P0909_C000181:4,Clonal
P0909,TTY63-20160909,DN,NA,CRC.P0909_C000181:4,Clonal
P0909,NTC1-0909-ZL,CD8,CD8_C04-GZMK,CRC.P0909_C000402:4,Clonal
P0909,TTC268-160909-ZL,CD8,CD8_C05-CD6,CRC.P0909_C000402:4,Clonal
P0909,TTC69-160909-ZL,CD8,CD8_C07-LAYN,CRC.P0909_C000402:4,Clonal
P0909,TTC266-160909-ZL,other,NA,CRC.P0909_C000402:4,Clonal
P0909,TTR69-0909-ZL,CD4,CD4_C12-CTLA4,CRC.P0909_C000004:3,Clonal
P0909,TTY29-20160909,CD4,CD4_C12-CTLA4,CRC.P0909_C000004:3,Clonal
P0909,TTH255-160909-ZL,DP,NA,CRC.P0909_C000004:3,Clonal
P0909,PTH76-0909-ZL,CD4,CD4_C03-GNLY,CRC.P0909_C000011:3,Clonal
P0909,PTH57-0909-ZL,CD4,CD4_C03-GNLY,CRC.P0909_C000011:3,Clonal
P0909,PTH7-0909-ZL,DN,NA,CRC.P0909_C000011:3,Clonal
P0909,TTY77-20160909,CD4,CD4_C12-CTLA4,CRC.P0909_C000023:3,Clonal
P0909,TTR53-0909-ZL,CD4,CD4_C12-CTLA4,CRC.P0909_C000023:3,Clonal
P0909,TTR57-0909-ZL,other,NA,CRC.P0909_C000023:3,Clonal
P0909,TTC68-160909-ZL,CD8,CD8_C07-LAYN,CRC.P0909_C000026:3,Clonal
P0909,TTC212-160909-ZL,CD8,CD8_C07-LAYN,CRC.P0909_C000026:3,Clonal
P0909,TTC54-160909-ZL,CD8,CD8_C07-LAYN,CRC.P0909_C000026:3,Clonal
P0909,NTC31-0909-ZL,CD8,CD8_C04-GZMK,CRC.P0909_C000027:3,Clonal
P0909,TTC57-160909-ZL,CD8,CD8_C04-GZMK,CRC.P0909_C000027:3,Clonal
P0909,TTC232-160909-ZL,CD8,CD8_C07-LAYN,CRC.P0909_C000027:3,Clonal
P0909,PTC92-0909-ZL,CD8,CD8_C03-CX3CR1,CRC.P0909_C000052:3,Clonal
P0909,PTC64-0909-ZL,CD8,CD8_C03-CX3CR1,CRC.P0909_C000052:3,Clonal
P0909,NTC7-0909-ZL,CD8,CD8_C03-CX3CR1,CRC.P0909_C000052:3,Clonal
P0909,TTH13-0909-ZL,CD4,CD4_C07-GZMK,CRC.P0909_C000098:3,Clonal
P0909,TTH230-160909-ZL,CD4,CD4_C09-CXCL13,CRC.P0909_C000098:3,Clonal
P0909,TTH217-160909-ZL,CD4,CD4_C09-CXCL13,CRC.P0909_C000098:3,Clonal
P0909,TTH64-0909-ZL,CD4,CD4_C12-CTLA4,CRC.P0909_C000105:3,Clonal
P0909,TTH23-0909-ZL,CD4,CD4_C12-CTLA4,CRC.P0909_C000105:3,Clonal
P0909,TTY34-20160909,DN,NA,CRC.P0909_C000105:3,Clonal
P0909,TTR133-0909-ZL,CD4,CD4_C12-CTLA4,CRC.P0909_C000113:3,Clonal
P0909,TTR140-0909-ZL,CD4,CD4_C12-CTLA4,CRC.P0909_C000113:3,Clonal
P0909,TTR156-0909-ZL,other,NA,CRC.P0909_C000113:3,Clonal
P0909,TTC33-160909-ZL,CD8,CD8_C07-LAYN,CRC.P0909_C000129:3,Clonal
P0909,TTC83-160909-ZL,CD8,CD8_C07-LAYN,CRC.P0909_C000129:3,Clonal
P0909,NTC23-0909-ZL,other,NA,CRC.P0909_C000129:3,Clonal
P0909,NTC58-0909-ZL,CD8,CD8_C03-CX3CR1,CRC.P0909_C000152:3,Clonal
P0909,NTC57-0909-ZL,CD8,CD8_C03-CX3CR1,CRC.P0909_C000152:3,Clonal
P0909,NTC51-0909-ZL,DN,NA,CRC.P0909_C000152:3,Clonal
P0909,TTR115-0909-ZL,CD4,CD4_C12-CTLA4,CRC.P0909_C000159:3,Clonal
P0909,TTR181-0909-ZL,CD4,CD4_C12-CTLA4,CRC.P0909_C000159:3,Clonal
P0909,TTR48-0909-ZL,CD4,CD4_C12-CTLA4,CRC.P0909_C000159:3,Clonal
P0909,TTC7-0909-ZL,CD8,CD8_C07-LAYN,CRC.P0909_C000179:3,Clonal
P0909,TTC76-160909-ZL,CD8,CD8_C07-LAYN,CRC.P0909_C000179:3,Clonal
P0909,TTC198-160909-ZL,CD8,CD8_C07-LAYN,CRC.P0909_C000179:3,Clonal
P0909,NTC24-0909-ZL,CD8,CD8_C07-LAYN,CRC.P0909_C000191:3,Clonal
P0909,TTC193-160909-ZL,CD8,CD8_C07-LAYN,CRC.P0909_C000191:3,Clonal
P0909,TTC261-160909-ZL,CD8,CD8_C07-LAYN,CRC.P0909_C000191:3,Clonal
P0909,TTY68-20160909,CD4,CD4_C09-CXCL13,CRC.P0909_C000202:3,Clonal
P0909,TTH239-160909-ZL,DP,NA,CRC.P0909_C000202:3,Clonal
P0909,TTH212-160909-ZL,other,NA,CRC.P0909_C000202:3,Clonal
P0909,TTY41-20160909,CD4,CD4_C09-CXCL13,CRC.P0909_C000203:3,Clonal
P0909,TTH96-0909-ZL,CD4,CD4_C09-CXCL13,CRC.P0909_C000203:3,Clonal
P0909,TTH135-0909-ZL,DN,NA,CRC.P0909_C000203:3,Clonal
P0909,TTH108-0909-ZL,CD4,CD4_C09-CXCL13,CRC.P0909_C000208:3,Clonal
P0909,TTH104-0909-ZL,CD4,CD4_C09-CXCL13,CRC.P0909_C000208:3,Clonal
P0909,NTH129-0909-ZL,CD4,CD4_C09-CXCL13,CRC.P0909_C000208:3,Clonal
P0909,TTR99-0909-ZL,CD4,CD4_C12-CTLA4,CRC.P0909_C000229:3,Clonal
P0909,TTR79-0909-ZL,CD4,CD4_C12-CTLA4,CRC.P0909_C000229:3,Clonal
P0909,TTR124-0909-ZL,DN,NA,CRC.P0909_C000229:3,Clonal
P0909,PTC6-0909-ZL,CD8,CD8_C03-CX3CR1,CRC.P0909_C000305:3,Clonal
P0909,PTC88-0909-ZL,CD8,CD8_C03-CX3CR1,CRC.P0909_C000305:3,Clonal
P0909,PTC48-0909-ZL,CD8,CD8_C03-CX3CR1,CRC.P0909_C000305:3,Clonal
P0909,PTC1-0909-ZL,CD8,CD8_C08-SLC4A10,CRC.P0909_C000421:3,Clonal
P0909,PTC84-0909-ZL,CD8,CD8_C08-SLC4A10,CRC.P0909_C000421:3,Clonal
P0909,PTC30-0909-ZL,CD8,CD8_C08-SLC4A10,CRC.P0909_C000421:3,Clonal
P0909,TTC244-160909-ZL,CD8,CD8_C03-CX3CR1,CRC.P0909_C000561:3,Clonal
P0909,PTC79-0909-ZL,CD8,CD8_C03-CX3CR1,CRC.P0909_C000561:3,Clonal
P0909,TTC282-160909-ZL,CD8,CD8_C04-GZMK,CRC.P0909_C000561:3,Clonal
P0909,TTY75-20160909,CD4,CD4_C09-CXCL13,CRC.P0909_C000574:3,Clonal
P0909,TTH138-0909-ZL,CD4,CD4_C09-CXCL13,CRC.P0909_C000574:3,Clonal
P0909,TTY81-20160909,DN,NA,CRC.P0909_C000574:3,Clonal
P0909,TTR163-0909-ZL,CD4,CD4_C12-CTLA4,CRC.P0909_C000577:3,Clonal
P0909,TTR91-0909-ZL,CD4,CD4_C12-CTLA4,CRC.P0909_C000577:3,Clonal
P0909,TTR153-0909-ZL,CD4,CD4_C12-CTLA4,CRC.P0909_C000577:3,Clonal
P0909,PTC34-0909-ZL,CD8,CD8_C03-CX3CR1,CRC.P0909_C000593:3,Clonal
P0909,TTC35-160909-ZL,CD8,CD8_C03-CX3CR1,CRC.P0909_C000593:3,Clonal
P0909,NTC6-0909-ZL,CD8,CD8_C03-CX3CR1,CRC.P0909_C000593:3,Clonal
P0909,TTR114-0909-ZL,CD4,CD4_C12-CTLA4,CRC.P0909_C000025:2,Clonal
P0909,TTH197-160909-ZL,other,NA,CRC.P0909_C000025:2,Clonal
P0909,TTR142-0909-ZL,CD4,CD4_C12-CTLA4,CRC.P0909_C000028:2,Clonal
P0909,TTR49-0909-ZL,CD4,CD4_C12-CTLA4,CRC.P0909_C000028:2,Clonal
P0909,TTR71-0909-ZL,CD4,CD4_C12-CTLA4,CRC.P0909_C000029:2,Clonal
P0909,TTR22-0909-ZL,CD4,CD4_C12-CTLA4,CRC.P0909_C000029:2,Clonal
P0909,TTH47-0909-ZL,CD4,CD4_C09-CXCL13,CRC.P0909_C000033:2,Clonal
P0909,TTH247-160909-ZL,DP,NA,CRC.P0909_C000033:2,Clonal
P0909,TTR81-0909-ZL,CD4,CD4_C12-CTLA4,CRC.P0909_C000040:2,Clonal
P0909,TTR171-0909-ZL,DN,NA,CRC.P0909_C000040:2,Clonal
P0909,TTC215-160909-ZL,CD8,CD8_C07-LAYN,CRC.P0909_C000050:2,Clonal
P0909,TTC5-0909-ZL,CD8,CD8_C07-LAYN,CRC.P0909_C000050:2,Clonal
P0909,TTC51-160909-ZL,CD8,CD8_C07-LAYN,CRC.P0909_C000084:2,Clonal
P0909,TTC280-160909-ZL,CD8,CD8_C07-LAYN,CRC.P0909_C000084:2,Clonal
P0909,TTR97-0909-ZL,CD4,CD4_C12-CTLA4,CRC.P0909_C000097:2,Clonal
P0909,TTH69-0909-ZL,CD4,CD4_C12-CTLA4,CRC.P0909_C000097:2,Clonal
P0909,TTH75-0909-ZL,CD4,CD4_C09-CXCL13,CRC.P0909_C000104:2,Clonal
P0909,TTH166-0909-ZL,DN,NA,CRC.P0909_C000104:2,Clonal
P0909,TTR185-0909-ZL,CD4,CD4_C12-CTLA4,CRC.P0909_C000141:2,Clonal
P0909,TTH210-160909-ZL,other,NA,CRC.P0909_C000141:2,Clonal
P0909,TTH144-0909-ZL,CD4,CD4_C09-CXCL13,CRC.P0909_C000185:2,Clonal
P0909,TTH193-0909-ZL,other,NA,CRC.P0909_C000185:2,Clonal
P0909,TTR44-0909-ZL,CD4,CD4_C12-CTLA4,CRC.P0909_C000211:2,Clonal
P0909,TTR5-0909-ZL,CD4,CD4_C12-CTLA4,CRC.P0909_C000211:2,Clonal
P0909,NTC38-0909-ZL,CD8,CD8_C03-CX3CR1,CRC.P0909_C000225:2,Clonal
P0909,NTC46-0909-ZL,other,NA,CRC.P0909_C000225:2,Clonal
P0909,TTC204-160909-ZL,CD8,CD8_C07-LAYN,CRC.P0909_C000227:2,Clonal
P0909,TTC75-160909-ZL,CD8,CD8_C07-LAYN,CRC.P0909_C000227:2,Clonal
P0909,TTY84-20160909,CD4,CD4_C12-CTLA4,CRC.P0909_C000233:2,Clonal
P0909,TTR8-0909-ZL,CD4,CD4_C12-CTLA4,CRC.P0909_C000233:2,Clonal
P0909,TTY43-20160909,CD4,CD4_C09-CXCL13,CRC.P0909_C000235:2,Clonal
P0909,TTH259-160909-ZL,CD4,CD4_C09-CXCL13,CRC.P0909_C000235:2,Clonal
P0909,TTC24-160909-ZL,CD8,CD8_C04-GZMK,CRC.P0909_C000243:2,Clonal
P0909,TTC288-0909-ZL,other,NA,CRC.P0909_C000243:2,Clonal
P0909,TTH73-0909-ZL,CD4,CD4_C09-CXCL13,CRC.P0909_C000268:2,Clonal
P0909,TTH22-0909-ZL,CD4,CD4_C09-CXCL13,CRC.P0909_C000268:2,Clonal
P0909,TTR179-0909-ZL,CD4,CD4_C12-CTLA4,CRC.P0909_C000271:2,Clonal
P0909,TTR4-0909-ZL,CD4,CD4_C12-CTLA4,CRC.P0909_C000271:2,Clonal
P0909,TTR18-0909-ZL,CD4,CD4_C12-CTLA4,CRC.P0909_C000279:2,Clonal
P0909,TTR157-0909-ZL,CD4,CD4_C12-CTLA4,CRC.P0909_C000279:2,Clonal
P0909,PTH37-0909-ZL,CD4,CD4_C03-GNLY,CRC.P0909_C000282:2,Clonal
P0909,PTH88-0909-ZL,DN,NA,CRC.P0909_C000282:2,Clonal
P0909,TTH70-0909-ZL,other,NA,CRC.P0909_C000340:2,Clonal
P0909,TTH224-160909-ZL,other,NA,CRC.P0909_C000340:2,Clonal
P0909,PTH6-0909-ZL,CD4,CD4_C02-ANXA1,CRC.P0909_C000384:2,Clonal
P0909,PTY67-20160909,DN,NA,CRC.P0909_C000384:2,Clonal
P0909,TTC260-160909-ZL,CD8,CD8_C04-GZMK,CRC.P0909_C000391:2,Clonal
P0909,NTC30-0909-ZL,CD8,CD8_C07-LAYN,CRC.P0909_C000391:2,Clonal
P0909,TTC74-160909-ZL,CD8,CD8_C07-LAYN,CRC.P0909_C000392:2,Clonal
P0909,TTC84-160909-ZL,CD8,CD8_C07-LAYN,CRC.P0909_C000392:2,Clonal
P0909,TTR62-0909-ZL,CD4,CD4_C12-CTLA4,CRC.P0909_C000405:2,Clonal
P0909,TTY13-20160909,other,NA,CRC.P0909_C000405:2,Clonal
P0909,NTH189-0909-ZL,CD4,CD4_C05-CXCR6,CRC.P0909_C000429:2,Clonal
P0909,PTH59-0909-ZL,other,NA,CRC.P0909_C000429:2,Clonal
P0909,TTH145-0909-ZL,CD4,CD4_C09-CXCL13,CRC.P0909_C000434:2,Clonal
P0909,TTY57-20160909,CD4,CD4_C09-CXCL13,CRC.P0909_C000434:2,Clonal
P0909,TTR109-0909-ZL,DN,NA,CRC.P0909_C000438:2,Clonal
P0909,TTR96-0909-ZL,other,NA,CRC.P0909_C000438:2,Clonal
P0909,TTR95-0909-ZL,CD4,CD4_C12-CTLA4,CRC.P0909_C000451:2,Clonal
P0909,TTR87-0909-ZL,other,NA,CRC.P0909_C000451:2,Clonal
P0909,TTH203-160909-ZL,CD4,CD4_C09-CXCL13,CRC.P0909_C000463:2,Clonal
P0909,TTH140-0909-ZL,CD4,CD4_C09-CXCL13,CRC.P0909_C000463:2,Clonal
P0909,TTH229-160909-ZL,CD4,CD4_C09-CXCL13,CRC.P0909_C000473:2,Clonal
P0909,TTH77-0909-ZL,CD4,CD4_C09-CXCL13,CRC.P0909_C000473:2,Clonal
P0909,TTR184-0909-ZL,CD4,CD4_C12-CTLA4,CRC.P0909_C000489:2,Clonal
P0909,TTH21-0909-ZL,CD4,CD4_C12-CTLA4,CRC.P0909_C000489:2,Clonal
P0909,TTH45-0909-ZL,CD4,CD4_C09-CXCL13,CRC.P0909_C000493:2,Clonal
P0909,TTH4-0909-ZL,CD4,CD4_C09-CXCL13,CRC.P0909_C000493:2,Clonal
P0909,TTH52-0909-ZL,CD4,CD4_C12-CTLA4,CRC.P0909_C000500:2,Clonal
P0909,TTR148-0909-ZL,CD4,CD4_C12-CTLA4,CRC.P0909_C000500:2,Clonal
P0909,TTC49-160909-ZL,CD8,CD8_C07-LAYN,CRC.P0909_C000511:2,Clonal
P0909,TTC43-160909-ZL,other,NA,CRC.P0909_C000511:2,Clonal
P0909,TTC228-160909-ZL,CD8,CD8_C08-SLC4A10,CRC.P0909_C000525:2,Clonal
P0909,TTC279-160909-ZL,CD8,CD8_C08-SLC4A10,CRC.P0909_C000525:2,Clonal
P0909,TTH261-0909-ZL,CD4,CD4_C12-CTLA4,CRC.P0909_C000526:2,Clonal
P0909,TTY62-20160909,other,NA,CRC.P0909_C000526:2,Clonal
P0909,TTR136-0909-ZL,CD4,CD4_C12-CTLA4,CRC.P0909_C000538:2,Clonal
P0909,TTR61-0909-ZL,other,NA,CRC.P0909_C000538:2,Clonal
P0909,TTR170-0909-ZL,CD4,CD4_C12-CTLA4,CRC.P0909_C000550:2,Clonal
P0909,TTR15-0909-ZL,other,NA,CRC.P0909_C000550:2,Clonal
P0909,TTH143-0909-ZL,CD4,CD4_C09-CXCL13,CRC.P0909_C000568:2,Clonal
P0909,TTH231-0909-ZL,DN,NA,CRC.P0909_C000568:2,Clonal
P0909,TTH129-0909-ZL,CD4,CD4_C09-CXCL13,CRC.P0909_C000586:2,Clonal
P0909,TTY90-20160909,CD4,CD4_C09-CXCL13,CRC.P0909_C000586:2,Clonal
P0909,TTH149-0909-ZL,CD4,CD4_C09-CXCL13,CRC.P0909_C000599:2,Clonal
P0909,TTH7-0909-ZL,CD4,CD4_C12-CTLA4,CRC.P0909_C000599:2,Clonal
P0909,TTR30-0909-ZL,CD4,CD4_C12-CTLA4,CRC.P0909_C000635:2,Clonal
P0909,TTH163-0909-ZL,DN,NA,CRC.P0909_C000635:2,Clonal
P0909,TTH154-0909-ZL,CD4,CD4_C09-CXCL13,CRC.P0909_C000636:2,Clonal
P0909,TTY27-20160909,CD4,CD4_C09-CXCL13,CRC.P0909_C000636:2,Clonal
P0909,TTY31-20160909,CD4,CD4_C12-CTLA4,CRC.P0909_C000676:2,Clonal
P0909,TTR188-0909-ZL,CD4,CD4_C12-CTLA4,CRC.P0909_C000676:2,Clonal
P0909,TTR130-0909-ZL,CD4,CD4_C12-CTLA4,CRC.P0909_C000678:2,Clonal
P0909,TTR141-0909-ZL,other,NA,CRC.P0909_C000678:2,Clonal
P0909,TTR178-0909-ZL,CD4,CD4_C12-CTLA4,CRC.P0909_C000679:2,Clonal
P0909,TTR191-0909-ZL,other,NA,CRC.P0909_C000679:2,Clonal
P0909,TTY72-20160909,CD4,CD4_C09-CXCL13,CRC.P0909_C000859:2,Clonal
P0909,TTH219-160909-ZL,other,NA,CRC.P0909_C000859:2,Clonal
P0909,TTY78-20160909,CD4,CD4_C09-CXCL13,CRC.P0909_C000870:2,Clonal
P0909,TTY28-20160909,other,NA,CRC.P0909_C000870:2,Clonal
P0909,TTH57-0909-ZL,CD4,CD4_C04-TCF7,CRC.P0909_C000001:1,NoClonal
P0909,TTH36-0909-ZL,DN,NA,CRC.P0909_C000002:1,NoClonal
P0909,TTH6-0909-ZL,CD4,CD4_C12-CTLA4,CRC.P0909_C000005:1,NoClonal
P0909,TTY67-20160909,CD4,CD4_C12-CTLA4,CRC.P0909_C000006:1,NoClonal
P0909,TTY18-20160909,other,NA,CRC.P0909_C000007:1,NoClonal
P0909,TTR25-0909-ZL,other,NA,CRC.P0909_C000008:1,NoClonal
P0909,NTH168-0909-ZL,CD4,CD4_C04-TCF7,CRC.P0909_C000009:1,NoClonal
P0909,NTH5-0909-ZL,CD4,CD4_C01-CCR7,CRC.P0909_C000010:1,NoClonal
P0909,NTC25-0909-ZL,CD8,CD8_C04-GZMK,CRC.P0909_C000012:1,NoClonal
P0909,NTH47-0909-ZL,CD4,NA,CRC.P0909_C000013:1,NoClonal
P0909,TTY25-20160909,CD4,CD4_C09-CXCL13,CRC.P0909_C000015:1,NoClonal
P0909,TTH167-0909-ZL,CD4,CD4_C09-CXCL13,CRC.P0909_C000016:1,NoClonal
P0909,PTY87-20160909,CD4,CD4_C02-ANXA1,CRC.P0909_C000017:1,NoClonal
P0909,TTH188-0909-ZL,CD4,CD4_C07-GZMK,CRC.P0909_C000018:1,NoClonal
P0909,TTC86-160909-ZL,CD8,CD8_C04-GZMK,CRC.P0909_C000019:1,NoClonal
P0909,PTC7-0909-ZL,CD8,CD8_C01-LEF1,CRC.P0909_C000020:1,NoClonal
P0909,TTR26-0909-ZL,CD4,CD4_C12-CTLA4,CRC.P0909_C000021:1,NoClonal
P0909,PTY45-20160909,DN,NA,CRC.P0909_C000022:1,NoClonal
P0909,TTR119-0909-ZL,CD4,CD4_C09-CXCL13,CRC.P0909_C000024:1,NoClonal
P0909,TTH185-0909-ZL,CD4,CD4_C09-CXCL13,CRC.P0909_C000030:1,NoClonal
P0909,PTC95-0909-ZL,CD8,CD8_C01-LEF1,CRC.P0909_C000031:1,NoClonal
P0909,TTC253-160909-ZL,CD8,CD8_C03-CX3CR1,CRC.P0909_C000032:1,NoClonal
P0909,TTH245-160909-ZL,other,NA,CRC.P0909_C000034:1,NoClonal
P0909,NTH127-0909-ZL,CD4,CD4_C04-TCF7,CRC.P0909_C000035:1,NoClonal
P0909,PTY85-20160909,CD4,CD4_C10-FOXP3,CRC.P0909_C000037:1,NoClonal
P0909,PTH8-0909-ZL,CD4,CD4_C01-CCR7,CRC.P0909_C000038:1,NoClonal
P0909,TTY83-20160909,CD4,CD4_C12-CTLA4,CRC.P0909_C000039:1,NoClonal
P0909,NTH175-0909-ZL,other,NA,CRC.P0909_C000041:1,NoClonal
P0909,PTR63-0909-ZL,CD4,CD4_C10-FOXP3,CRC.P0909_C000042:1,NoClonal
P0909,PTR21-0909-ZL,DN,NA,CRC.P0909_C000043:1,NoClonal
P0909,PTR76-0909-ZL,CD4,CD4_C10-FOXP3,CRC.P0909_C000044:1,NoClonal
P0909,TTR34-0909-ZL,DN,NA,CRC.P0909_C000045:1,NoClonal
P0909,NTH133-0909-ZL,CD4,CD4_C06-CXCR5,CRC.P0909_C000046:1,NoClonal
P0909,PTC81-0909-ZL,CD8,CD8_C01-LEF1,CRC.P0909_C000047:1,NoClonal
P0909,PTC44-0909-ZL,CD8,CD8_C01-LEF1,CRC.P0909_C000048:1,NoClonal
P0909,TTH260-160909-ZL,other,NA,CRC.P0909_C000049:1,NoClonal
P0909,PTY15-20160909,CD4,CD4_C02-ANXA1,CRC.P0909_C000051:1,NoClonal
P0909,TTR183-0909-ZL,CD4,CD4_C12-CTLA4,CRC.P0909_C000053:1,NoClonal
P0909,TTH216-160909-ZL,other,NA,CRC.P0909_C000054:1,NoClonal
P0909,TTY92-20160909,other,NA,CRC.P0909_C000055:1,NoClonal
P0909,PTY3-20160909,DN,NA,CRC.P0909_C000056:1,NoClonal
P0909,TTR121-0909-ZL,CD4,CD4_C12-CTLA4,CRC.P0909_C000057:1,NoClonal
P0909,TTR74-0909-ZL,CD4,CD4_C12-CTLA4,CRC.P0909_C000058:1,NoClonal
P0909,TTY80-20160909,CD4,CD4_C12-CTLA4,CRC.P0909_C000059:1,NoClonal
P0909,TTH53-0909-ZL,CD4,CD4_C09-CXCL13,CRC.P0909_C000060:1,NoClonal
P0909,PTY58-20160909,CD4,CD4_C10-FOXP3,CRC.P0909_C000061:1,NoClonal
P0909,PTH15-0909-ZL,DN,NA,CRC.P0909_C000062:1,NoClonal
P0909,NTH118-0909-ZL,DN,NA,CRC.P0909_C000063:1,NoClonal
P0909,PTH22-0909-ZL,other,NA,CRC.P0909_C000064:1,NoClonal
P0909,PTY43-20160909,CD4,CD4_C02-ANXA1,CRC.P0909_C000065:1,NoClonal
P0909,TTC245-160909-ZL,CD8,CD8_C03-CX3CR1,CRC.P0909_C000067:1,NoClonal
P0909,PTR22-0909-ZL,CD4,CD4_C10-FOXP3,CRC.P0909_C000068:1,NoClonal
P0909,PTH63-0909-ZL,DN,NA,CRC.P0909_C000069:1,NoClonal
P0909,TTH55-0909-ZL,CD4,CD4_C09-CXCL13,CRC.P0909_C000070:1,NoClonal
P0909,TTR68-0909-ZL,CD4,CD4_C12-CTLA4,CRC.P0909_C000073:1,NoClonal
P0909,PTY39-20160909,CD4,CD4_C01-CCR7,CRC.P0909_C000074:1,NoClonal
P0909,PTY12-20160909,DN,NA,CRC.P0909_C000075:1,NoClonal
P0909,PTH58-0909-ZL,other,NA,CRC.P0909_C000076:1,NoClonal
P0909,PTC31-0909-ZL,CD8,CD8_C01-LEF1,CRC.P0909_C000077:1,NoClonal
P0909,TTC283-0909-ZL,other,NA,CRC.P0909_C000078:1,NoClonal
P0909,TTR137-0909-ZL,CD4,CD4_C12-CTLA4,CRC.P0909_C000079:1,NoClonal
P0909,PTY51-20160909,other,NA,CRC.P0909_C000080:1,NoClonal
P0909,NTH114-0909-ZL,other,NA,CRC.P0909_C000081:1,NoClonal
P0909,TTH223-160909-ZL,CD4,CD4_C12-CTLA4,CRC.P0909_C000082:1,NoClonal
P0909,PTY68-20160909,DN,NA,CRC.P0909_C000083:1,NoClonal
P0909,NTH86-0909-ZL,CD4,CD4_C04-TCF7,CRC.P0909_C000085:1,NoClonal
P0909,PTY55-20160909,CD4,CD4_C10-FOXP3,CRC.P0909_C000086:1,NoClonal
P0909,TTR19-0909-ZL,CD4,CD4_C12-CTLA4,CRC.P0909_C000087:1,NoClonal
P0909,TTC255-160909-ZL,CD8,CD8_C03-CX3CR1,CRC.P0909_C000088:1,NoClonal
P0909,TTR177-0909-ZL,DN,NA,CRC.P0909_C000089:1,NoClonal
P0909,TTC256-160909-ZL,CD8,CD8_C07-LAYN,CRC.P0909_C000090:1,NoClonal
P0909,PTY11-20160909,CD4,CD4_C02-ANXA1,CRC.P0909_C000091:1,NoClonal
P0909,NTH117-0909-ZL,DN,NA,CRC.P0909_C000092:1,NoClonal
P0909,TTY6-20160909,CD4,CD4_C12-CTLA4,CRC.P0909_C000093:1,NoClonal
P0909,TTH155-0909-ZL,other,NA,CRC.P0909_C000094:1,NoClonal
P0909,TTH78-0909-ZL,CD4,CD4_C07-GZMK,CRC.P0909_C000095:1,NoClonal
P0909,PTY47-20160909,CD4,CD4_C01-CCR7,CRC.P0909_C000096:1,NoClonal
P0909,TTH80-0909-ZL,CD4,CD4_C12-CTLA4,CRC.P0909_C000099:1,NoClonal
P0909,TTH198-0909-ZL,DN,NA,CRC.P0909_C000100:1,NoClonal
P0909,NTH24-0909-ZL,CD4,CD4_C06-CXCR5,CRC.P0909_C000101:1,NoClonal
P0909,NTH179-0909-ZL,CD4,CD4_C05-CXCR6,CRC.P0909_C000102:1,NoClonal
P0909,NTH190-0909-ZL,CD4,CD4_C04-TCF7,CRC.P0909_C000103:1,NoClonal
P0909,TTH24-0909-ZL,CD4,CD4_C12-CTLA4,CRC.P0909_C000106:1,NoClonal
P0909,PTR82-0909-ZL,CD4,CD4_C10-FOXP3,CRC.P0909_C000108:1,NoClonal
P0909,NTH11-0909-ZL,other,NA,CRC.P0909_C000110:1,NoClonal
P0909,NTH119-0909-ZL,other,NA,CRC.P0909_C000111:1,NoClonal
P0909,PTY29-20160909,CD4,CD4_C01-CCR7,CRC.P0909_C000112:1,NoClonal
P0909,TTR66-0909-ZL,CD4,CD4_C12-CTLA4,CRC.P0909_C000114:1,NoClonal
P0909,NTH142-0909-ZL,CD4,CD4_C06-CXCR5,CRC.P0909_C000115:1,NoClonal
P0909,TTC77-160909-ZL,CD8,CD8_C08-SLC4A10,CRC.P0909_C000116:1,NoClonal
P0909,PTC90-0909-ZL,other,NA,CRC.P0909_C000117:1,NoClonal
P0909,TTC88-160909-ZL,CD8,CD8_C08-SLC4A10,CRC.P0909_C000118:1,NoClonal
P0909,TTC247-0909-ZL,other,NA,CRC.P0909_C000119:1,NoClonal
P0909,TTH91-0909-ZL,CD4,CD4_C09-CXCL13,CRC.P0909_C000120:1,NoClonal
P0909,PTR68-0909-ZL,CD4,CD4_C10-FOXP3,CRC.P0909_C000121:1,NoClonal
P0909,PTC19-0909-ZL,CD8,CD8_C01-LEF1,CRC.P0909_C000122:1,NoClonal
P0909,NTH134-0909-ZL,CD4,CD4_C04-TCF7,CRC.P0909_C000123:1,NoClonal
P0909,TTH37-0909-ZL,CD4,CD4_C06-CXCR5,CRC.P0909_C000124:1,NoClonal
P0909,PTH85-0909-ZL,CD4,CD4_C02-ANXA1,CRC.P0909_C000125:1,NoClonal
P0909,PTC21-0909-ZL,CD8,CD8_C02-GPR183,CRC.P0909_C000126:1,NoClonal
P0909,TTC211-160909-ZL,CD8,CD8_C07-LAYN,CRC.P0909_C000127:1,NoClonal
P0909,TTH48-0909-ZL,CD4,CD4_C09-CXCL13,CRC.P0909_C000128:1,NoClonal
P0909,PTC35-0909-ZL,CD8,CD8_C01-LEF1,CRC.P0909_C000130:1,NoClonal
P0909,PTR44-0909-ZL,CD4,CD4_C10-FOXP3,CRC.P0909_C000132:1,NoClonal
P0909,TTY46-20160909,CD4,CD4_C09-CXCL13,CRC.P0909_C000133:1,NoClonal
P0909,NTC27-0909-ZL,CD8,CD8_C08-SLC4A10,CRC.P0909_C000134:1,NoClonal
P0909,TTC58-160909-ZL,other,NA,CRC.P0909_C000136:1,NoClonal
P0909,TTC226-160909-ZL,CD8,CD8_C08-SLC4A10,CRC.P0909_C000137:1,NoClonal
P0909,NTH19-0909-ZL,CD4,CD4_C04-TCF7,CRC.P0909_C000138:1,NoClonal
P0909,TTY50-20160909,CD4,CD4_C09-CXCL13,CRC.P0909_C000139:1,NoClonal
P0909,TTH141-0909-ZL,CD4,CD4_C09-CXCL13,CRC.P0909_C000140:1,NoClonal
P0909,TTR174-0909-ZL,CD4,CD4_C12-CTLA4,CRC.P0909_C000142:1,NoClonal
P0909,TTR102-0909-ZL,CD4,CD4_C12-CTLA4,CRC.P0909_C000143:1,NoClonal
P0909,PTH27-0909-ZL,DN,NA,CRC.P0909_C000144:1,NoClonal
P0909,PTR2-0909-ZL,CD4,CD4_C10-FOXP3,CRC.P0909_C000145:1,NoClonal
P0909,PTC55-0909-ZL,CD8,CD8_C01-LEF1,CRC.P0909_C000146:1,NoClonal
P0909,TTC73-160909-ZL,CD8,CD8_C07-LAYN,CRC.P0909_C000147:1,NoClonal
P0909,TTC95-160909-ZL,CD8,CD8_C07-LAYN,CRC.P0909_C000148:1,NoClonal
P0909,PTC70-0909-ZL,CD8,CD8_C01-LEF1,CRC.P0909_C000149:1,NoClonal
P0909,PTR96-0909-ZL,other,NA,CRC.P0909_C000150:1,NoClonal
P0909,TTC36-160909-ZL,CD8,CD8_C04-GZMK,CRC.P0909_C000151:1,NoClonal
P0909,TTH17-0909-ZL,CD4,CD4_C09-CXCL13,CRC.P0909_C000154:1,NoClonal
P0909,NTH105-0909-ZL,CD4,CD4_C04-TCF7,CRC.P0909_C000155:1,NoClonal
P0909,PTR4-0909-ZL,DN,NA,CRC.P0909_C000156:1,NoClonal
P0909,TTR134-0909-ZL,CD4,CD4_C12-CTLA4,CRC.P0909_C000157:1,NoClonal
P0909,NTH102-0909-ZL,other,NA,CRC.P0909_C000158:1,NoClonal
P0909,TTR75-0909-ZL,other,NA,CRC.P0909_C000160:1,NoClonal
P0909,TTR38-0909-ZL,CD4,CD4_C12-CTLA4,CRC.P0909_C000162:1,NoClonal
P0909,TTC218-160909-ZL,CD8,CD8_C07-LAYN,CRC.P0909_C000163:1,NoClonal
P0909,TTH16-0909-ZL,CD4,CD4_C12-CTLA4,CRC.P0909_C000164:1,NoClonal
P0909,TTH74-0909-ZL,CD4,CD4_C07-GZMK,CRC.P0909_C000165:1,NoClonal
P0909,NTH96-0909-ZL,CD4,CD4_C04-TCF7,CRC.P0909_C000166:1,NoClonal
P0909,TTH243-160909-ZL,CD4,CD4_C09-CXCL13,CRC.P0909_C000168:1,NoClonal
P0909,NTC41-0909-ZL,CD8,CD8_C03-CX3CR1,CRC.P0909_C000169:1,NoClonal
P0909,TTH102-0909-ZL,other,NA,CRC.P0909_C000171:1,NoClonal
P0909,TTY16-20160909,CD4,CD4_C09-CXCL13,CRC.P0909_C000172:1,NoClonal
P0909,NTH61-0909-ZL,CD4,CD4_C06-CXCR5,CRC.P0909_C000173:1,NoClonal
P0909,PTY57-20160909,other,NA,CRC.P0909_C000174:1,NoClonal
P0909,PTC62-0909-ZL,CD8,CD8_C03-CX3CR1,CRC.P0909_C000175:1,NoClonal
P0909,TTR113-0909-ZL,CD4,CD4_C12-CTLA4,CRC.P0909_C000176:1,NoClonal
P0909,TTR152-0909-ZL,CD4,CD4_C12-CTLA4,CRC.P0909_C000177:1,NoClonal
P0909,NTH63-0909-ZL,other,NA,CRC.P0909_C000178:1,NoClonal
P0909,NTC20-0909-ZL,CD8,CD8_C05-CD6,CRC.P0909_C000180:1,NoClonal
P0909,TTR167-0909-ZL,CD4,CD4_C12-CTLA4,CRC.P0909_C000183:1,NoClonal
P0909,TTH33-0909-ZL,CD4,CD4_C12-CTLA4,CRC.P0909_C000184:1,NoClonal
P0909,TTH128-0909-ZL,CD4,CD4_C09-CXCL13,CRC.P0909_C000186:1,NoClonal
P0909,TTH134-0909-ZL,other,NA,CRC.P0909_C000187:1,NoClonal
P0909,TTC80-160909-ZL,CD8,CD8_C07-LAYN,CRC.P0909_C000188:1,NoClonal
P0909,TTH34-0909-ZL,CD4,CD4_C12-CTLA4,CRC.P0909_C000189:1,NoClonal
P0909,TTC275-160909-ZL,CD8,CD8_C07-LAYN,CRC.P0909_C000193:1,NoClonal
P0909,TTC252-160909-ZL,CD8,CD8_C07-LAYN,CRC.P0909_C000194:1,NoClonal
P0909,TTC221-160909-ZL,CD8,CD8_C07-LAYN,CRC.P0909_C000195:1,NoClonal
P0909,PTH32-0909-ZL,other,NA,CRC.P0909_C000196:1,NoClonal
P0909,TTC246-160909-ZL,CD8,CD8_C04-GZMK,CRC.P0909_C000197:1,NoClonal
P0909,TTH246-160909-ZL,other,NA,CRC.P0909_C000198:1,NoClonal
P0909,TTR101-0909-ZL,CD4,CD4_C12-CTLA4,CRC.P0909_C000199:1,NoClonal
P0909,PTH56-0909-ZL,DN,NA,CRC.P0909_C000200:1,NoClonal
P0909,TTC48-160909-ZL,CD8,CD8_C07-LAYN,CRC.P0909_C000201:1,NoClonal
P0909,NTH137-0909-ZL,other,NA,CRC.P0909_C000204:1,NoClonal
P0909,PTC53-0909-ZL,CD8,CD8_C01-LEF1,CRC.P0909_C000205:1,NoClonal
P0909,TTH213-160909-ZL,CD4,CD4_C07-GZMK,CRC.P0909_C000206:1,NoClonal
P0909,PTC58-0909-ZL,CD8,CD8_C02-GPR183,CRC.P0909_C000207:1,NoClonal
P0909,TTY45-20160909,CD4,CD4_C12-CTLA4,CRC.P0909_C000209:1,NoClonal
P0909,PTR45-0909-ZL,CD4,CD4_C10-FOXP3,CRC.P0909_C000210:1,NoClonal
P0909,PTY84-20160909,DN,NA,CRC.P0909_C000212:1,NoClonal
P0909,TTH59-0909-ZL,CD4,CD4_C05-CXCR6,CRC.P0909_C000213:1,NoClonal
P0909,TTH31-0909-ZL,CD4,CD4_C09-CXCL13,CRC.P0909_C000214:1,NoClonal
P0909,NTC16-0909-ZL,CD8,CD8_C05-CD6,CRC.P0909_C000215:1,NoClonal
P0909,TTH208-160909-ZL,other,NA,CRC.P0909_C000216:1,NoClonal
P0909,NTH91-0909-ZL,CD4,CD4_C04-TCF7,CRC.P0909_C000218:1,NoClonal
P0909,TTH248-160909-ZL,other,NA,CRC.P0909_C000219:1,NoClonal
P0909,TTH110-0909-ZL,CD4,CD4_C09-CXCL13,CRC.P0909_C000220:1,NoClonal
P0909,PTY91-20160909,CD4,CD4_C02-ANXA1,CRC.P0909_C000221:1,NoClonal
P0909,PTH33-0909-ZL,CD4,CD4_C01-CCR7,CRC.P0909_C000222:1,NoClonal
P0909,TTC22-160909-ZL,CD8,CD8_C04-GZMK,CRC.P0909_C000223:1,NoClonal
P0909,TTC285-0909-ZL,other,NA,CRC.P0909_C000224:1,NoClonal
P0909,TTH26-0909-ZL,CD4,CD4_C04-TCF7,CRC.P0909_C000226:1,NoClonal
P0909,TTH238-160909-ZL,DP,NA,CRC.P0909_C000228:1,NoClonal
P0909,TTC8-0909-ZL,CD8,CD8_C07-LAYN,CRC.P0909_C000230:1,NoClonal
P0909,TTC37-160909-ZL,CD8,CD8_C08-SLC4A10,CRC.P0909_C000231:1,NoClonal
P0909,PTH54-0909-ZL,other,NA,CRC.P0909_C000234:1,NoClonal
P0909,TTY14-20160909,DN,NA,CRC.P0909_C000236:1,NoClonal
P0909,NTH181-0909-ZL,CD4,CD4_C04-TCF7,CRC.P0909_C000237:1,NoClonal
P0909,TTR116-0909-ZL,CD4,CD4_C12-CTLA4,CRC.P0909_C000238:1,NoClonal
P0909,TTY3-20160909,CD4,CD4_C12-CTLA4,CRC.P0909_C000239:1,NoClonal
P0909,TTH228-160909-ZL,other,NA,CRC.P0909_C000240:1,NoClonal
P0909,TTH122-0909-ZL,CD4,CD4_C09-CXCL13,CRC.P0909_C000241:1,NoClonal
P0909,TTC200-160909-ZL,CD8,CD8_C07-LAYN,CRC.P0909_C000242:1,NoClonal
P0909,PTH51-0909-ZL,CD4,CD4_C01-CCR7,CRC.P0909_C000244:1,NoClonal
P0909,TTH42-0909-ZL,other,NA,CRC.P0909_C000245:1,NoClonal
P0909,TTH41-0909-ZL,CD4,CD4_C09-CXCL13,CRC.P0909_C000246:1,NoClonal
P0909,NTH183-0909-ZL,DN,NA,CRC.P0909_C000247:1,NoClonal
P0909,PTY49-20160909,DN,NA,CRC.P0909_C000248:1,NoClonal
P0909,PTY10-20160909,CD4,CD4_C02-ANXA1,CRC.P0909_C000249:1,NoClonal
P0909,PTH73-0909-ZL,CD4,CD4_C01-CCR7,CRC.P0909_C000250:1,NoClonal
P0909,TTR3-0909-ZL,CD4,CD4_C12-CTLA4,CRC.P0909_C000251:1,NoClonal
P0909,NTH97-0909-ZL,DN,NA,CRC.P0909_C000252:1,NoClonal
P0909,PTH2-0909-ZL,CD4,CD4_C01-CCR7,CRC.P0909_C000253:1,NoClonal
P0909,NTH89-0909-ZL,CD4,CD4_C06-CXCR5,CRC.P0909_C000254:1,NoClonal
P0909,TTC235-160909-ZL,CD8,CD8_C07-LAYN,CRC.P0909_C000255:1,NoClonal
P0909,TTR105-0909-ZL,other,NA,CRC.P0909_C000256:1,NoClonal
P0909,NTH104-0909-ZL,CD4,CD4_C02-ANXA1,CRC.P0909_C000257:1,NoClonal
P0909,TTC53-160909-ZL,CD8,CD8_C04-GZMK,CRC.P0909_C000258:1,NoClonal
P0909,TTR7-0909-ZL,CD4,CD4_C12-CTLA4,CRC.P0909_C000260:1,NoClonal
P0909,TTH157-0909-ZL,other,NA,CRC.P0909_C000261:1,NoClonal
P0909,NTH51-0909-ZL,CD4,CD4_C10-FOXP3,CRC.P0909_C000262:1,NoClonal
P0909,NTH35-0909-ZL,CD4,CD4_C05-CXCR6,CRC.P0909_C000263:1,NoClonal
P0909,PTC3-0909-ZL,CD8,CD8_C01-LEF1,CRC.P0909_C000264:1,NoClonal
P0909,TTH168-0909-ZL,CD4,CD4_C07-GZMK,CRC.P0909_C000265:1,NoClonal
P0909,TTH18-0909-ZL,CD4,CD4_C07-GZMK,CRC.P0909_C000266:1,NoClonal
P0909,PTH82-0909-ZL,CD4,CD4_C01-CCR7,CRC.P0909_C000267:1,NoClonal
P0909,PTH53-0909-ZL,other,NA,CRC.P0909_C000269:1,NoClonal
P0909,TTH124-0909-ZL,CD4,CD4_C09-CXCL13,CRC.P0909_C000270:1,NoClonal
P0909,TTH19-0909-ZL,CD4,CD4_C09-CXCL13,CRC.P0909_C000273:1,NoClonal
P0909,PTY30-20160909,CD4,CD4_C02-ANXA1,CRC.P0909_C000274:1,NoClonal
P0909,TTY69-20160909,DN,NA,CRC.P0909_C000276:1,NoClonal
P0909,NTH67-0909-ZL,CD4,CD4_C04-TCF7,CRC.P0909_C000277:1,NoClonal
P0909,TTR52-0909-ZL,CD4,CD4_C12-CTLA4,CRC.P0909_C000278:1,NoClonal
P0909,NTH116-0909-ZL,CD4,CD4_C06-CXCR5,CRC.P0909_C000280:1,NoClonal
P0909,TTH65-0909-ZL,DN,NA,CRC.P0909_C000281:1,NoClonal
P0909,TTC278-160909-ZL,other,NA,CRC.P0909_C000284:1,NoClonal
P0909,TTH107-0909-ZL,CD4,CD4_C12-CTLA4,CRC.P0909_C000285:1,NoClonal
P0909,TTC239-160909-ZL,CD8,CD8_C05-CD6,CRC.P0909_C000286:1,NoClonal
P0909,TTH81-0909-ZL,CD4,CD4_C04-TCF7,CRC.P0909_C000287:1,NoClonal
P0909,NTH45-0909-ZL,other,NA,CRC.P0909_C000288:1,NoClonal
P0909,NTH135-0909-ZL,CD4,CD4_C04-TCF7,CRC.P0909_C000289:1,NoClonal
P0909,PTC8-0909-ZL,CD8,CD8_C02-GPR183,CRC.P0909_C000290:1,NoClonal
P0909,TTY96-20160909,DN,NA,CRC.P0909_C000291:1,NoClonal
P0909,TTH28-0909-ZL,CD4,CD4_C09-CXCL13,CRC.P0909_C000292:1,NoClonal
P0909,TTY76-20160909,CD4,CD4_C09-CXCL13,CRC.P0909_C000293:1,NoClonal
P0909,NTC19-0909-ZL,CD8,CD8_C07-LAYN,CRC.P0909_C000294:1,NoClonal
P0909,PTY86-20160909,CD4,CD4_C04-TCF7,CRC.P0909_C000295:1,NoClonal
P0909,PTH9-0909-ZL,CD4,CD4_C01-CCR7,CRC.P0909_C000296:1,NoClonal
P0909,TTR82-0909-ZL,other,NA,CRC.P0909_C000297:1,NoClonal
P0909,NTH106-0909-ZL,DN,NA,CRC.P0909_C000298:1,NoClonal
P0909,TTH89-0909-ZL,CD4,CD4_C05-CXCR6,CRC.P0909_C000299:1,NoClonal
P0909,TTH83-0909-ZL,DN,NA,CRC.P0909_C000300:1,NoClonal
P0909,NTH123-0909-ZL,CD4,CD4_C04-TCF7,CRC.P0909_C000301:1,NoClonal
P0909,PTH90-0909-ZL,other,NA,CRC.P0909_C000302:1,NoClonal
P0909,TTH8-0909-ZL,DN,NA,CRC.P0909_C000303:1,NoClonal
P0909,PTH42-0909-ZL,CD4,CD4_C01-CCR7,CRC.P0909_C000304:1,NoClonal
P0909,TTH120-0909-ZL,CD4,CD4_C05-CXCR6,CRC.P0909_C000306:1,NoClonal
P0909,TTY95-20160909,other,NA,CRC.P0909_C000307:1,NoClonal
P0909,TTR118-0909-ZL,CD4,CD4_C12-CTLA4,CRC.P0909_C000308:1,NoClonal
P0909,TTC38-160909-ZL,CD8,CD8_C03-CX3CR1,CRC.P0909_C000309:1,NoClonal
P0909,TTR126-0909-ZL,CD4,CD4_C12-CTLA4,CRC.P0909_C000310:1,NoClonal
P0909,NTH25-0909-ZL,CD4,CD4_C01-CCR7,CRC.P0909_C000312:1,NoClonal
P0909,TTC270-160909-ZL,CD8,CD8_C07-LAYN,CRC.P0909_C000313:1,NoClonal
P0909,PTY62-20160909,DN,NA,CRC.P0909_C000314:1,NoClonal
P0909,PTC74-0909-ZL,CD8,CD8_C01-LEF1,CRC.P0909_C000315:1,NoClonal
P0909,PTY53-20160909,DN,NA,CRC.P0909_C000316:1,NoClonal
P0909,PTY66-20160909,CD4,CD4_C02-ANXA1,CRC.P0909_C000317:1,NoClonal
P0909,PTY69-20160909,CD4,CD4_C02-ANXA1,CRC.P0909_C000318:1,NoClonal
P0909,PTH83-0909-ZL,CD4,CD4_C03-GNLY,CRC.P0909_C000319:1,NoClonal
P0909,PTC10-0909-ZL,CD8,CD8_C01-LEF1,CRC.P0909_C000320:1,NoClonal
P0909,TTR122-0909-ZL,CD4,CD4_C12-CTLA4,CRC.P0909_C000321:1,NoClonal
P0909,TTH97-0909-ZL,CD4,CD4_C07-GZMK,CRC.P0909_C000322:1,NoClonal
P0909,PTR3-0909-ZL,DN,NA,CRC.P0909_C000323:1,NoClonal
P0909,TTH82-0909-ZL,CD4,NA,CRC.P0909_C000324:1,NoClonal
P0909,TTY53-20160909,CD4,CD4_C12-CTLA4,CRC.P0909_C000326:1,NoClonal
P0909,PTR13-0909-ZL,CD4,CD4_C10-FOXP3,CRC.P0909_C000327:1,NoClonal
P0909,TTR63-0909-ZL,CD4,CD4_C12-CTLA4,CRC.P0909_C000328:1,NoClonal
P0909,TTH118-0909-ZL,CD4,CD4_C04-TCF7,CRC.P0909_C000329:1,NoClonal
P0909,NTH132-0909-ZL,CD4,CD4_C04-TCF7,CRC.P0909_C000330:1,NoClonal
P0909,NTH18-0909-ZL,DN,NA,CRC.P0909_C000331:1,NoClonal
P0909,PTY61-20160909,other,NA,CRC.P0909_C000332:1,NoClonal
P0909,TTY64-20160909,CD4,CD4_C12-CTLA4,CRC.P0909_C000333:1,NoClonal
P0909,NTH92-0909-ZL,other,NA,CRC.P0909_C000334:1,NoClonal
P0909,PTY75-20160909,CD4,CD4_C02-ANXA1,CRC.P0909_C000335:1,NoClonal
P0909,NTH164-0909-ZL,CD4,CD4_C04-TCF7,CRC.P0909_C000336:1,NoClonal
P0909,TTY23-20160909,CD4,CD4_C09-CXCL13,CRC.P0909_C000337:1,NoClonal
P0909,PTR48-0909-ZL,DN,NA,CRC.P0909_C000338:1,NoClonal
P0909,PTH40-0909-ZL,other,NA,CRC.P0909_C000339:1,NoClonal
P0909,TTH56-0909-ZL,CD4,CD4_C04-TCF7,CRC.P0909_C000341:1,NoClonal
P0909,PTH17-0909-ZL,CD4,CD4_C01-CCR7,CRC.P0909_C000342:1,NoClonal
P0909,TTH207-160909-ZL,CD4,CD4_C09-CXCL13,CRC.P0909_C000343:1,NoClonal
P0909,TTY4-20160909,CD4,CD4_C04-TCF7,CRC.P0909_C000344:1,NoClonal
P0909,TTH101-0909-ZL,CD4,CD4_C09-CXCL13,CRC.P0909_C000345:1,NoClonal
P0909,TTH242-160909-ZL,other,NA,CRC.P0909_C000346:1,NoClonal
P0909,TTY88-20160909,CD4,CD4_C09-CXCL13,CRC.P0909_C000347:1,NoClonal
P0909,TTR143-0909-ZL,DN,NA,CRC.P0909_C000348:1,NoClonal
P0909,PTH13-0909-ZL,CD4,CD4_C01-CCR7,CRC.P0909_C000349:1,NoClonal
P0909,TTH121-0909-ZL,CD4,CD4_C05-CXCR6,CRC.P0909_C000350:1,NoClonal
P0909,PTY5-20160909,CD4,CD4_C02-ANXA1,CRC.P0909_C000351:1,NoClonal
P0909,TTR128-0909-ZL,CD4,CD4_C12-CTLA4,CRC.P0909_C000352:1,NoClonal
P0909,TTR13-0909-ZL,other,NA,CRC.P0909_C000353:1,NoClonal
P0909,PTH14-0909-ZL,CD4,CD4_C02-ANXA1,CRC.P0909_C000354:1,NoClonal
P0909,TTC287-0909-ZL,CD8,CD8_C07-LAYN,CRC.P0909_C000355:1,NoClonal
P0909,TTR155-0909-ZL,CD4,CD4_C12-CTLA4,CRC.P0909_C000356:1,NoClonal
P0909,TTH67-0909-ZL,CD4,CD4_C04-TCF7,CRC.P0909_C000357:1,NoClonal
P0909,PTR78-0909-ZL,CD4,CD4_C10-FOXP3,CRC.P0909_C000358:1,NoClonal
P0909,PTY9-20160909,DN,NA,CRC.P0909_C000360:1,NoClonal
P0909,TTH159-0909-ZL,CD4,CD4_C04-TCF7,CRC.P0909_C000361:1,NoClonal
P0909,TTH251-160909-ZL,CD4,CD4_C12-CTLA4,CRC.P0909_C000362:1,NoClonal
P0909,TTR80-0909-ZL,CD4,CD4_C12-CTLA4,CRC.P0909_C000363:1,NoClonal
P0909,PTH19-0909-ZL,CD4,CD4_C02-ANXA1,CRC.P0909_C000364:1,NoClonal
P0909,NTH23-0909-ZL,other,NA,CRC.P0909_C000365:1,NoClonal
P0909,PTC80-0909-ZL,CD8,CD8_C03-CX3CR1,CRC.P0909_C000366:1,NoClonal
P0909,PTR69-0909-ZL,CD4,CD4_C10-FOXP3,CRC.P0909_C000367:1,NoClonal
P0909,TTH58-0909-ZL,DN,NA,CRC.P0909_C000368:1,NoClonal
P0909,NTH46-0909-ZL,CD4,CD4_C04-TCF7,CRC.P0909_C000369:1,NoClonal
P0909,TTY44-20160909,DN,NA,CRC.P0909_C000370:1,NoClonal
P0909,PTC36-0909-ZL,CD8,CD8_C08-SLC4A10,CRC.P0909_C000371:1,NoClonal
P0909,PTH38-0909-ZL,CD4,CD4_C01-CCR7,CRC.P0909_C000372:1,NoClonal
P0909,TTH11-0909-ZL,CD4,CD4_C05-CXCR6,CRC.P0909_C000373:1,NoClonal
P0909,TTH60-0909-ZL,CD4,CD4_C12-CTLA4,CRC.P0909_C000374:1,NoClonal
P0909,TTR160-0909-ZL,DN,NA,CRC.P0909_C000375:1,NoClonal
P0909,PTC85-0909-ZL,CD8,CD8_C01-LEF1,CRC.P0909_C000377:1,NoClonal
P0909,TTH204-160909-ZL,DN,NA,CRC.P0909_C000378:1,NoClonal
P0909,PTY89-20160909,CD4,CD4_C02-ANXA1,CRC.P0909_C000379:1,NoClonal
P0909,TTR110-0909-ZL,CD4,CD4_C12-CTLA4,CRC.P0909_C000380:1,NoClonal
P0909,NTH71-0909-ZL,CD4,CD4_C04-TCF7,CRC.P0909_C000381:1,NoClonal
P0909,TTR17-0909-ZL,other,NA,CRC.P0909_C000382:1,NoClonal
P0909,TTR27-0909-ZL,CD4,CD4_C12-CTLA4,CRC.P0909_C000383:1,NoClonal
P0909,TTR60-0909-ZL,CD4,CD4_C12-CTLA4,CRC.P0909_C000385:1,NoClonal
P0909,NTH60-0909-ZL,other,NA,CRC.P0909_C000386:1,NoClonal
P0909,NTH70-0909-ZL,CD4,CD4_C01-CCR7,CRC.P0909_C000387:1,NoClonal
P0909,NTH36-0909-ZL,CD4,CD4_C04-TCF7,CRC.P0909_C000388:1,NoClonal
P0909,TTR165-0909-ZL,CD4,CD4_C12-CTLA4,CRC.P0909_C000389:1,NoClonal
P0909,NTC28-0909-ZL,CD8,CD8_C05-CD6,CRC.P0909_C000390:1,NoClonal
P0909,NTH157-0909-ZL,CD4,CD4_C06-CXCR5,CRC.P0909_C000393:1,NoClonal
P0909,PTY63-20160909,other,NA,CRC.P0909_C000394:1,NoClonal
P0909,TTY86-20160909,other,NA,CRC.P0909_C000395:1,NoClonal
P0909,PTH80-0909-ZL,other,NA,CRC.P0909_C000396:1,NoClonal
P0909,PTR75-0909-ZL,CD4,CD4_C02-ANXA1,CRC.P0909_C000397:1,NoClonal
P0909,PTC72-0909-ZL,DP,NA,CRC.P0909_C000398:1,NoClonal
P0909,TTR42-0909-ZL,CD4,CD4_C12-CTLA4,CRC.P0909_C000400:1,NoClonal
P0909,PTH91-0909-ZL,CD4,CD4_C01-CCR7,CRC.P0909_C000401:1,NoClonal
P0909,PTR73-0909-ZL,CD4,CD4_C10-FOXP3,CRC.P0909_C000403:1,NoClonal
P0909,TTC264-160909-ZL,CD8,CD8_C07-LAYN,CRC.P0909_C000404:1,NoClonal
P0909,TTC197-160909-ZL,CD8,CD8_C07-LAYN,CRC.P0909_C000406:1,NoClonal
P0909,TTC63-160909-ZL,CD8,CD8_C04-GZMK,CRC.P0909_C000407:1,NoClonal
P0909,PTR80-0909-ZL,CD4,CD4_C02-ANXA1,CRC.P0909_C000408:1,NoClonal
P0909,TTH252-160909-ZL,CD4,CD4_C09-CXCL13,CRC.P0909_C000409:1,NoClonal
P0909,TTH241-160909-ZL,DN,NA,CRC.P0909_C000410:1,NoClonal
P0909,TTR120-0909-ZL,other,NA,CRC.P0909_C000411:1,NoClonal
P0909,PTR43-0909-ZL,CD4,CD4_C10-FOXP3,CRC.P0909_C000412:1,NoClonal
P0909,PTR32-0909-ZL,other,NA,CRC.P0909_C000413:1,NoClonal
P0909,PTR54-0909-ZL,CD4,CD4_C10-FOXP3,CRC.P0909_C000415:1,NoClonal
P0909,PTY46-20160909,DN,NA,CRC.P0909_C000416:1,NoClonal
P0909,TTC272-160909-ZL,CD8,CD8_C07-LAYN,CRC.P0909_C000417:1,NoClonal
P0909,PTY4-20160909,CD4,CD4_C01-CCR7,CRC.P0909_C000418:1,NoClonal
P0909,PTY59-20160909,other,NA,CRC.P0909_C000419:1,NoClonal
P0909,PTY81-20160909,CD4,CD4_C02-ANXA1,CRC.P0909_C000420:1,NoClonal
P0909,PTC14-0909-ZL,other,NA,CRC.P0909_C000422:1,NoClonal
P0909,TTC273-0909-ZL,CD8,CD8_C04-GZMK,CRC.P0909_C000424:1,NoClonal
P0909,NTH140-0909-ZL,CD4,CD4_C04-TCF7,CRC.P0909_C000425:1,NoClonal
P0909,NTH185-0909-ZL,CD4,CD4_C02-ANXA1,CRC.P0909_C000426:1,NoClonal
P0909,PTR85-0909-ZL,other,NA,CRC.P0909_C000427:1,NoClonal
P0909,NTH158-0909-ZL,CD4,CD4_C06-CXCR5,CRC.P0909_C000428:1,NoClonal
P0909,PTR35-0909-ZL,DN,NA,CRC.P0909_C000430:1,NoClonal
P0909,PTH50-0909-ZL,other,NA,CRC.P0909_C000431:1,NoClonal
P0909,PTH25-0909-ZL,CD4,CD4_C10-FOXP3,CRC.P0909_C000432:1,NoClonal
P0909,TTR47-0909-ZL,other,NA,CRC.P0909_C000433:1,NoClonal
P0909,PTC59-0909-ZL,CD8,CD8_C01-LEF1,CRC.P0909_C000435:1,NoClonal
P0909,PTC71-0909-ZL,CD8,CD8_C01-LEF1,CRC.P0909_C000436:1,NoClonal
P0909,TTH15-0909-ZL,DN,NA,CRC.P0909_C000437:1,NoClonal
P0909,TTR189-0909-ZL,CD4,CD4_C12-CTLA4,CRC.P0909_C000439:1,NoClonal
P0909,TTH195-0909-ZL,CD4,CD4_C09-CXCL13,CRC.P0909_C000440:1,NoClonal
P0909,NTH166-0909-ZL,CD4,CD4_C04-TCF7,CRC.P0909_C000441:1,NoClonal
P0909,PTR23-0909-ZL,DN,NA,CRC.P0909_C000442:1,NoClonal
P0909,NTH79-0909-ZL,CD4,CD4_C06-CXCR5,CRC.P0909_C000443:1,NoClonal
P0909,TTR36-0909-ZL,other,NA,CRC.P0909_C000444:1,NoClonal
P0909,TTR100-0909-ZL,CD4,CD4_C12-CTLA4,CRC.P0909_C000445:1,NoClonal
P0909,TTH25-0909-ZL,CD4,CD4_C12-CTLA4,CRC.P0909_C000446:1,NoClonal
P0909,TTC229-160909-ZL,CD8,CD8_C07-LAYN,CRC.P0909_C000447:1,NoClonal
P0909,TTR83-0909-ZL,other,NA,CRC.P0909_C000448:1,NoClonal
P0909,PTY54-20160909,DN,NA,CRC.P0909_C000449:1,NoClonal
P0909,NTH74-0909-ZL,CD4,CD4_C04-TCF7,CRC.P0909_C000450:1,NoClonal
P0909,TTR138-0909-ZL,CD4,CD4_C12-CTLA4,CRC.P0909_C000452:1,NoClonal
P0909,TTH38-0909-ZL,CD4,CD4_C09-CXCL13,CRC.P0909_C000453:1,NoClonal
P0909,TTH237-0909-ZL,CD4,CD4_C08-IL23R,CRC.P0909_C000454:1,NoClonal
P0909,TTH66-0909-ZL,CD4,CD4_C12-CTLA4,CRC.P0909_C000455:1,NoClonal
P0909,TTR192-0909-ZL,CD4,CD4_C12-CTLA4,CRC.P0909_C000457:1,NoClonal
P0909,NTH141-0909-ZL,CD4,CD4_C04-TCF7,CRC.P0909_C000458:1,NoClonal
P0909,NTH59-0909-ZL,other,NA,CRC.P0909_C000459:1,NoClonal
P0909,PTH62-0909-ZL,DN,NA,CRC.P0909_C000460:1,NoClonal
P0909,NTH155-0909-ZL,DN,NA,CRC.P0909_C000461:1,NoClonal
P0909,NTH78-0909-ZL,CD4,CD4_C06-CXCR5,CRC.P0909_C000462:1,NoClonal
P0909,PTY92-20160909,other,NA,CRC.P0909_C000464:1,NoClonal
P0909,TTH46-0909-ZL,CD4,CD4_C09-CXCL13,CRC.P0909_C000465:1,NoClonal
P0909,TTH240-160909-ZL,other,NA,CRC.P0909_C000466:1,NoClonal
P0909,PTY17-20160909,other,NA,CRC.P0909_C000467:1,NoClonal
P0909,TTY20-20160909,CD4,CD4_C12-CTLA4,CRC.P0909_C000468:1,NoClonal
P0909,TTY8-20160909,CD4,CD4_C12-CTLA4,CRC.P0909_C000469:1,NoClonal
P0909,NTH98-0909-ZL,CD4,CD4_C04-TCF7,CRC.P0909_C000470:1,NoClonal
P0909,TTR186-0909-ZL,other,NA,CRC.P0909_C000471:1,NoClonal
P0909,TTC219-160909-ZL,CD8,CD8_C07-LAYN,CRC.P0909_C000472:1,NoClonal
P0909,NTH84-0909-ZL,other,NA,CRC.P0909_C000474:1,NoClonal
P0909,TTC194-160909-ZL,CD8,CD8_C07-LAYN,CRC.P0909_C000475:1,NoClonal
P0909,TTH146-0909-ZL,CD4,CD4_C09-CXCL13,CRC.P0909_C000476:1,NoClonal
P0909,PTY52-20160909,CD4,CD4_C10-FOXP3,CRC.P0909_C000477:1,NoClonal
P0909,NTH1-0909-ZL,other,NA,CRC.P0909_C000478:1,NoClonal
P0909,PTC47-0909-ZL,CD8,CD8_C01-LEF1,CRC.P0909_C000479:1,NoClonal
P0909,PTR59-0909-ZL,CD4,CD4_C10-FOXP3,CRC.P0909_C000480:1,NoClonal
P0909,PTH29-0909-ZL,DN,NA,CRC.P0909_C000481:1,NoClonal
P0909,PTY1-20160909,CD4,CD4_C01-CCR7,CRC.P0909_C000482:1,NoClonal
P0909,PTR87-0909-ZL,other,NA,CRC.P0909_C000483:1,NoClonal
P0909,PTH89-0909-ZL,CD4,CD4_C01-CCR7,CRC.P0909_C000484:1,NoClonal
P0909,TTH258-160909-ZL,other,NA,CRC.P0909_C000485:1,NoClonal
P0909,NTH77-0909-ZL,CD4,CD4_C04-TCF7,CRC.P0909_C000486:1,NoClonal
P0909,TTR43-0909-ZL,CD4,CD4_C12-CTLA4,CRC.P0909_C000487:1,NoClonal
P0909,TTC96-160909-ZL,other,NA,CRC.P0909_C000488:1,NoClonal
P0909,TTH165-0909-ZL,CD4,CD4_C04-TCF7,CRC.P0909_C000490:1,NoClonal
P0909,TTC236-160909-ZL,CD8,CD8_C07-LAYN,CRC.P0909_C000491:1,NoClonal
P0909,TTH221-160909-ZL,other,NA,CRC.P0909_C000492:1,NoClonal
P0909,TTC254-0909-ZL,CD8,CD8_C07-LAYN,CRC.P0909_C000494:1,NoClonal
P0909,NTH82-0909-ZL,CD4,CD4_C06-CXCR5,CRC.P0909_C000495:1,NoClonal
P0909,PTH44-0909-ZL,CD4,CD4_C02-ANXA1,CRC.P0909_C000496:1,NoClonal
P0909,TTH209-160909-ZL,CD4,CD4_C07-GZMK,CRC.P0909_C000497:1,NoClonal
P0909,TTH125-0909-ZL,other,NA,CRC.P0909_C000498:1,NoClonal
P0909,PTC73-0909-ZL,CD8,CD8_C02-GPR183,CRC.P0909_C000499:1,NoClonal
P0909,TTY19-20160909,CD4,CD4_C12-CTLA4,CRC.P0909_C000501:1,NoClonal
P0909,TTR10-0909-ZL,CD4,CD4_C12-CTLA4,CRC.P0909_C000502:1,NoClonal
P0909,PTY44-20160909,CD4,CD4_C02-ANXA1,CRC.P0909_C000503:1,NoClonal
P0909,PTC11-0909-ZL,CD8,CD8_C01-LEF1,CRC.P0909_C000504:1,NoClonal
P0909,PTC56-0909-ZL,CD8,CD8_C01-LEF1,CRC.P0909_C000505:1,NoClonal
P0909,NTH187-0909-ZL,CD4,CD4_C04-TCF7,CRC.P0909_C000506:1,NoClonal
P0909,PTC17-0909-ZL,CD8,CD8_C01-LEF1,CRC.P0909_C000507:1,NoClonal
P0909,PTR1-0909-ZL,CD4,CD4_C02-ANXA1,CRC.P0909_C000508:1,NoClonal
P0909,TTR72-0909-ZL,CD4,CD4_C12-CTLA4,CRC.P0909_C000509:1,NoClonal
P0909,TTC89-160909-ZL,CD8,CD8_C07-LAYN,CRC.P0909_C000510:1,NoClonal
P0909,TTR108-0909-ZL,CD4,CD4_C12-CTLA4,CRC.P0909_C000512:1,NoClonal
P0909,TTR123-0909-ZL,CD4,CD4_C12-CTLA4,CRC.P0909_C000513:1,NoClonal
P0909,PTH68-0909-ZL,CD4,CD4_C01-CCR7,CRC.P0909_C000514:1,NoClonal
P0909,TTH1-0909-ZL,CD4,CD4_C09-CXCL13,CRC.P0909_C000515:1,NoClonal
P0909,PTR37-0909-ZL,CD4,CD4_C10-FOXP3,CRC.P0909_C000516:1,NoClonal
P0909,NTH113-0909-ZL,DN,NA,CRC.P0909_C000518:1,NoClonal
P0909,PTC65-0909-ZL,CD8,CD8_C01-LEF1,CRC.P0909_C000519:1,NoClonal
P0909,PTH84-0909-ZL,CD4,CD4_C02-ANXA1,CRC.P0909_C000520:1,NoClonal
P0909,PTR24-0909-ZL,other,NA,CRC.P0909_C000521:1,NoClonal
P0909,TTH206-160909-ZL,other,NA,CRC.P0909_C000522:1,NoClonal
P0909,NTH87-0909-ZL,CD4,CD4_C04-TCF7,CRC.P0909_C000523:1,NoClonal
P0909,PTY38-20160909,CD4,CD4_C02-ANXA1,CRC.P0909_C000524:1,NoClonal
P0909,PTR9-0909-ZL,CD4,CD4_C10-FOXP3,CRC.P0909_C000527:1,NoClonal
P0909,TTH127-0909-ZL,other,NA,CRC.P0909_C000528:1,NoClonal
P0909,TTH30-0909-ZL,CD4,CD4_C09-CXCL13,CRC.P0909_C000530:1,NoClonal
P0909,PTC82-0909-ZL,CD8,CD8_C01-LEF1,CRC.P0909_C000531:1,NoClonal
P0909,TTH126-0909-ZL,CD4,CD4_C09-CXCL13,CRC.P0909_C000532:1,NoClonal
P0909,PTR42-0909-ZL,CD4,CD4_C10-FOXP3,CRC.P0909_C000533:1,NoClonal
P0909,NTH66-0909-ZL,CD4,CD4_C01-CCR7,CRC.P0909_C000534:1,NoClonal
P0909,PTY93-20160909,CD4,CD4_C02-ANXA1,CRC.P0909_C000535:1,NoClonal
P0909,TTY74-20160909,CD4,CD4_C12-CTLA4,CRC.P0909_C000537:1,NoClonal
P0909,NTC12-0909-ZL,CD8,CD8_C03-CX3CR1,CRC.P0909_C000539:1,NoClonal
P0909,TTR98-0909-ZL,CD4,CD4_C12-CTLA4,CRC.P0909_C000540:1,NoClonal
P0909,TTR117-0909-ZL,CD4,CD4_C12-CTLA4,CRC.P0909_C000542:1,NoClonal
P0909,PTH77-0909-ZL,CD4,CD4_C01-CCR7,CRC.P0909_C000543:1,NoClonal
P0909,NTH184-0909-ZL,CD4,CD4_C04-TCF7,CRC.P0909_C000544:1,NoClonal
P0909,TTH130-0909-ZL,CD4,CD4_C06-CXCR5,CRC.P0909_C000545:1,NoClonal
P0909,TTY87-20160909,CD4,CD4_C07-GZMK,CRC.P0909_C000546:1,NoClonal
P0909,TTC32-160909-ZL,CD8,CD8_C07-LAYN,CRC.P0909_C000547:1,NoClonal
P0909,TTH132-0909-ZL,CD4,CD4_C05-CXCR6,CRC.P0909_C000548:1,NoClonal
P0909,TTH171-0909-ZL,CD4,CD4_C06-CXCR5,CRC.P0909_C000549:1,NoClonal
P0909,NTH138-0909-ZL,CD4,CD4_C04-TCF7,CRC.P0909_C000551:1,NoClonal
P0909,PTR11-0909-ZL,CD4,CD4_C02-ANXA1,CRC.P0909_C000552:1,NoClonal
P0909,NTH108-0909-ZL,DN,NA,CRC.P0909_C000553:1,NoClonal
P0909,NTH65-0909-ZL,CD4,CD4_C06-CXCR5,CRC.P0909_C000554:1,NoClonal
P0909,NTH58-0909-ZL,other,NA,CRC.P0909_C000555:1,NoClonal
P0909,PTY14-20160909,CD4,CD4_C02-ANXA1,CRC.P0909_C000556:1,NoClonal
P0909,TTH39-0909-ZL,CD4,CD4_C09-CXCL13,CRC.P0909_C000557:1,NoClonal
P0909,PTY83-20160909,CD4,CD4_C10-FOXP3,CRC.P0909_C000558:1,NoClonal
P0909,TTR145-0909-ZL,CD4,CD4_C12-CTLA4,CRC.P0909_C000559:1,NoClonal
P0909,PTR7-0909-ZL,CD4,CD4_C02-ANXA1,CRC.P0909_C000560:1,NoClonal
P0909,TTH142-0909-ZL,CD4,CD4_C09-CXCL13,CRC.P0909_C000562:1,NoClonal
P0909,TTY39-20160909,other,NA,CRC.P0909_C000563:1,NoClonal
P0909,TTC4-0909-ZL,CD8,CD8_C04-GZMK,CRC.P0909_C000564:1,NoClonal
P0909,TTH136-0909-ZL,CD4,CD4_C09-CXCL13,CRC.P0909_C000565:1,NoClonal
P0909,PTH34-0909-ZL,CD4,CD4_C02-ANXA1,CRC.P0909_C000566:1,NoClonal
P0909,TTH220-160909-ZL,CD4,CD4_C09-CXCL13,CRC.P0909_C000567:1,NoClonal
P0909,TTR168-0909-ZL,CD4,CD4_C12-CTLA4,CRC.P0909_C000569:1,NoClonal
P0909,NTH165-0909-ZL,CD4,CD4_C04-TCF7,CRC.P0909_C000570:1,NoClonal
P0909,TTH123-0909-ZL,CD4,CD4_C04-TCF7,CRC.P0909_C000571:1,NoClonal
P0909,NTH172-0909-ZL,CD4,CD4_C04-TCF7,CRC.P0909_C000572:1,NoClonal
P0909,PTY27-20160909,CD4,CD4_C10-FOXP3,CRC.P0909_C000573:1,NoClonal
P0909,PTC77-0909-ZL,CD8,CD8_C02-GPR183,CRC.P0909_C000575:1,NoClonal
P0909,PTR36-0909-ZL,DN,NA,CRC.P0909_C000576:1,NoClonal
P0909,NTH52-0909-ZL,CD4,CD4_C04-TCF7,CRC.P0909_C000578:1,NoClonal
P0909,NTC45-0909-ZL,CD8,CD8_C01-LEF1,CRC.P0909_C000579:1,NoClonal
P0909,PTH92-0909-ZL,CD4,CD4_C02-ANXA1,CRC.P0909_C000580:1,NoClonal
P0909,TTH72-0909-ZL,CD4,CD4_C09-CXCL13,CRC.P0909_C000581:1,NoClonal
P0909,TTH51-0909-ZL,CD4,CD4_C09-CXCL13,CRC.P0909_C000582:1,NoClonal
P0909,NTH139-0909-ZL,DN,NA,CRC.P0909_C000583:1,NoClonal
P0909,PTC54-0909-ZL,CD8,CD8_C03-CX3CR1,CRC.P0909_C000584:1,NoClonal
P0909,PTH93-0909-ZL,CD4,CD4_C02-ANXA1,CRC.P0909_C000585:1,NoClonal
P0909,PTR93-0909-ZL,CD4,CD4_C10-FOXP3,CRC.P0909_C000587:1,NoClonal
P0909,TTY61-20160909,CD4,CD4_C12-CTLA4,CRC.P0909_C000588:1,NoClonal
P0909,NTH149-0909-ZL,CD4,CD4_C04-TCF7,CRC.P0909_C000589:1,NoClonal
P0909,TTH173-0909-ZL,CD4,CD4_C12-CTLA4,CRC.P0909_C000590:1,NoClonal
P0909,TTH169-0909-ZL,CD4,CD4_C05-CXCR6,CRC.P0909_C000591:1,NoClonal
P0909,NTH156-0909-ZL,CD4,CD4_C04-TCF7,CRC.P0909_C000592:1,NoClonal
P0909,PTR52-0909-ZL,DN,NA,CRC.P0909_C000594:1,NoClonal
P0909,NTH39-0909-ZL,CD4,CD4_C06-CXCR5,CRC.P0909_C000595:1,NoClonal
P0909,TTH222-160909-ZL,CD4,CD4_C07-GZMK,CRC.P0909_C000596:1,NoClonal
P0909,TTC276-160909-ZL,CD8,CD8_C07-LAYN,CRC.P0909_C000597:1,NoClonal
P0909,TTY58-20160909,CD4,CD4_C12-CTLA4,CRC.P0909_C000598:1,NoClonal
P0909,PTH79-0909-ZL,CD4,CD4_C01-CCR7,CRC.P0909_C000600:1,NoClonal
P0909,PTC50-0909-ZL,CD8,CD8_C01-LEF1,CRC.P0909_C000601:1,NoClonal
P0909,TTY12-20160909,CD4,CD4_C04-TCF7,CRC.P0909_C000602:1,NoClonal
P0909,PTR29-0909-ZL,CD4,CD4_C10-FOXP3,CRC.P0909_C000603:1,NoClonal
P0909,PTY35-20160909,CD4,CD4_C02-ANXA1,CRC.P0909_C000604:1,NoClonal
P0909,PTR57-0909-ZL,CD4,CD4_C10-FOXP3,CRC.P0909_C000605:1,NoClonal
P0909,PTY25-20160909,CD4,CD4_C10-FOXP3,CRC.P0909_C000606:1,NoClonal
P0909,TTC64-160909-ZL,CD8,CD8_C07-LAYN,CRC.P0909_C000607:1,NoClonal
P0909,TTR147-0909-ZL,CD4,CD4_C12-CTLA4,CRC.P0909_C000608:1,NoClonal
P0909,NTC18-0909-ZL,CD8,CD8_C03-CX3CR1,CRC.P0909_C000609:1,NoClonal
P0909,NTC15-0909-ZL,CD8,CD8_C07-LAYN,CRC.P0909_C000611:1,NoClonal
P0909,TTR88-0909-ZL,other,NA,CRC.P0909_C000612:1,NoClonal
P0909,TTR146-0909-ZL,CD4,CD4_C12-CTLA4,CRC.P0909_C000613:1,NoClonal
P0909,TTY35-20160909,CD4,CD4_C12-CTLA4,CRC.P0909_C000614:1,NoClonal
P0909,TTR24-0909-ZL,CD4,CD4_C12-CTLA4,CRC.P0909_C000615:1,NoClonal
P0909,PTC87-0909-ZL,CD8,CD8_C01-LEF1,CRC.P0909_C000616:1,NoClonal
P0909,NTC53-0909-ZL,other,NA,CRC.P0909_C000618:1,NoClonal
P0909,NTH22-0909-ZL,CD4,CD4_C05-CXCR6,CRC.P0909_C000619:1,NoClonal
P0909,TTR39-0909-ZL,CD4,CD4_C09-CXCL13,CRC.P0909_C000620:1,NoClonal
P0909,NTH112-0909-ZL,other,NA,CRC.P0909_C000621:1,NoClonal
P0909,PTY19-20160909,DN,NA,CRC.P0909_C000622:1,NoClonal
P0909,PTH96-0909-ZL,CD4,CD4_C02-ANXA1,CRC.P0909_C000623:1,NoClonal
P0909,TTC21-160909-ZL,CD8,CD8_C04-GZMK,CRC.P0909_C000624:1,NoClonal
P0909,TTR33-0909-ZL,CD4,CD4_C12-CTLA4,CRC.P0909_C000625:1,NoClonal
P0909,PTC22-0909-ZL,CD8,CD8_C01-LEF1,CRC.P0909_C000626:1,NoClonal
P0909,NTH107-0909-ZL,CD4,CD4_C04-TCF7,CRC.P0909_C000627:1,NoClonal
P0909,TTY54-20160909,CD4,CD4_C09-CXCL13,CRC.P0909_C000628:1,NoClonal
P0909,TTC277-160909-ZL,CD8,CD8_C07-LAYN,CRC.P0909_C000629:1,NoClonal
P0909,TTR78-0909-ZL,CD4,CD4_C12-CTLA4,CRC.P0909_C000630:1,NoClonal
P0909,PTR5-0909-ZL,CD4,CD4_C10-FOXP3,CRC.P0909_C000631:1,NoClonal
P0909,PTY36-20160909,CD4,CD4_C02-ANXA1,CRC.P0909_C000632:1,NoClonal
P0909,NTH41-0909-ZL,CD4,CD4_C01-CCR7,CRC.P0909_C000633:1,NoClonal
P0909,TTC79-160909-ZL,CD8,CD8_C07-LAYN,CRC.P0909_C000634:1,NoClonal
P0909,NTC17-0909-ZL,CD8,CD8_C07-LAYN,CRC.P0909_C000637:1,NoClonal
P0909,NTH21-0909-ZL,DN,NA,CRC.P0909_C000638:1,NoClonal
P0909,PTR89-0909-ZL,other,NA,CRC.P0909_C000639:1,NoClonal
P0909,TTR107-0909-ZL,CD4,CD4_C12-CTLA4,CRC.P0909_C000641:1,NoClonal
P0909,TTY5-20160909,CD4,CD4_C09-CXCL13,CRC.P0909_C000642:1,NoClonal
P0909,TTH152-0909-ZL,DN,NA,CRC.P0909_C000643:1,NoClonal
P0909,NTH161-0909-ZL,CD4,CD4_C01-CCR7,CRC.P0909_C000644:1,NoClonal
P0909,TTC220-160909-ZL,CD8,CD8_C07-LAYN,CRC.P0909_C000645:1,NoClonal
P0909,TTH262-160909-ZL,CD4,CD4_C12-CTLA4,CRC.P0909_C000646:1,NoClonal
P0909,NTH68-0909-ZL,CD4,CD4_C04-TCF7,CRC.P0909_C000647:1,NoClonal
P0909,PTH52-0909-ZL,DN,NA,CRC.P0909_C000648:1,NoClonal
P0909,NTH145-0909-ZL,CD4,CD4_C04-TCF7,CRC.P0909_C000649:1,NoClonal
P0909,TTH133-0909-ZL,CD4,CD4_C04-TCF7,CRC.P0909_C000651:1,NoClonal
P0909,TTY66-20160909,CD4,CD4_C07-GZMK,CRC.P0909_C000652:1,NoClonal
P0909,PTH66-0909-ZL,CD4,CD4_C02-ANXA1,CRC.P0909_C000653:1,NoClonal
P0909,NTH100-0909-ZL,other,NA,CRC.P0909_C000654:1,NoClonal
P0909,TTC67-160909-ZL,CD8,CD8_C07-LAYN,CRC.P0909_C000655:1,NoClonal
P0909,NTH125-0909-ZL,CD4,CD4_C04-TCF7,CRC.P0909_C000656:1,NoClonal
P0909,PTH4-0909-ZL,CD4,CD4_C03-GNLY,CRC.P0909_C000657:1,NoClonal
P0909,TTY38-20160909,CD4,CD4_C12-CTLA4,CRC.P0909_C000658:1,NoClonal
P0909,TTH84-0909-ZL,CD4,CD4_C04-TCF7,CRC.P0909_C000659:1,NoClonal
P0909,TTY42-20160909,other,NA,CRC.P0909_C000660:1,NoClonal
P0909,TTR67-0909-ZL,CD4,CD4_C12-CTLA4,CRC.P0909_C000661:1,NoClonal
P0909,NTC34-0909-ZL,other,NA,CRC.P0909_C000662:1,NoClonal
P0909,TTY9-20160909,CD4,CD4_C12-CTLA4,CRC.P0909_C000663:1,NoClonal
P0909,PTY2-20160909,CD4,CD4_C02-ANXA1,CRC.P0909_C000664:1,NoClonal
P0909,NTH150-0909-ZL,CD4,CD4_C01-CCR7,CRC.P0909_C000665:1,NoClonal
P0909,PTH81-0909-ZL,other,NA,CRC.P0909_C000666:1,NoClonal
P0909,NTH16-0909-ZL,CD4,CD4_C06-CXCR5,CRC.P0909_C000667:1,NoClonal
P0909,TTH40-0909-ZL,other,NA,CRC.P0909_C000668:1,NoClonal
P0909,PTC91-0909-ZL,CD8,CD8_C01-LEF1,CRC.P0909_C000669:1,NoClonal
P0909,TTR6-0909-ZL,other,NA,CRC.P0909_C000670:1,NoClonal
P0909,TTR103-0909-ZL,CD4,CD4_C12-CTLA4,CRC.P0909_C000671:1,NoClonal
P0909,NTH88-0909-ZL,CD4,CD4_C06-CXCR5,CRC.P0909_C000672:1,NoClonal
P0909,NTH8-0909-ZL,CD4,CD4_C04-TCF7,CRC.P0909_C000673:1,NoClonal
P0909,TTC224-160909-ZL,CD8,CD8_C07-LAYN,CRC.P0909_C000674:1,NoClonal
P0909,PTH35-0909-ZL,other,NA,CRC.P0909_C000675:1,NoClonal
P0909,TTR172-0909-ZL,CD4,CD4_C12-CTLA4,CRC.P0909_C000677:1,NoClonal
P0909,PTH39-0909-ZL,DN,NA,CRC.P0909_C000680:1,NoClonal
P0909,TTY40-20160909,CD4,CD4_C09-CXCL13,CRC.P0909_C000681:1,NoClonal
P0909,NTH50-0909-ZL,CD4,CD4_C04-TCF7,CRC.P0909_C000682:1,NoClonal
P0909,TTR12-0909-ZL,CD4,CD4_C07-GZMK,CRC.P0909_C000683:1,NoClonal
P0909,TTH61-0909-ZL,CD4,CD4_C06-CXCR5,CRC.P0909_C000684:1,NoClonal
P0909,TTR104-0909-ZL,CD4,CD4_C12-CTLA4,CRC.P0909_C000685:1,NoClonal
P0909,PTR51-0909-ZL,CD4,CD4_C10-FOXP3,CRC.P0909_C000688:1,NoClonal
P0909,TTC52-160909-ZL,other,NA,CRC.P0909_C000689:1,NoClonal
P0909,NTH153-0909-ZL,DN,NA,CRC.P0909_C000690:1,NoClonal
P0909,TTR158-0909-ZL,CD4,CD4_C12-CTLA4,CRC.P0909_C000691:1,NoClonal
P0909,PTC66-0909-ZL,CD8,CD8_C02-GPR183,CRC.P0909_C000692:1,NoClonal
P0909,PTY94-20160909,CD4,CD4_C01-CCR7,CRC.P0909_C000693:1,NoClonal
P0909,PTH94-0909-ZL,CD4,CD4_C01-CCR7,CRC.P0909_C000694:1,NoClonal
P0909,PTC76-0909-ZL,CD8,CD8_C01-LEF1,CRC.P0909_C000695:1,NoClonal
P0909,TTH117-0909-ZL,CD4,CD4_C12-CTLA4,CRC.P0909_C000697:1,NoClonal
P0909,PTC28-0909-ZL,CD8,CD8_C03-CX3CR1,CRC.P0909_C000698:1,NoClonal
P0909,PTR31-0909-ZL,CD4,CD4_C10-FOXP3,CRC.P0909_C000699:1,NoClonal
P0909,NTC4-0909-ZL,CD8,CD8_C06-CD160,CRC.P0909_C000700:1,NoClonal
P0909,PTC86-0909-ZL,other,NA,CRC.P0909_C000701:1,NoClonal
P0909,TTR2-0909-ZL,CD4,CD4_C12-CTLA4,CRC.P0909_C000702:1,NoClonal
P0909,TTR45-0909-ZL,CD4,CD4_C12-CTLA4,CRC.P0909_C000703:1,NoClonal
P0909,TTR59-0909-ZL,CD4,CD4_C12-CTLA4,CRC.P0909_C000704:1,NoClonal
P0909,NTH136-0909-ZL,CD4,CD4_C06-CXCR5,CRC.P0909_C000705:1,NoClonal
P0909,TTR37-0909-ZL,other,NA,CRC.P0909_C000707:1,NoClonal
P0909,PTR34-0909-ZL,CD4,CD4_C10-FOXP3,CRC.P0909_C000708:1,NoClonal
P0909,PTH65-0909-ZL,CD4,CD4_C02-ANXA1,CRC.P0909_C000709:1,NoClonal
P0909,TTR164-0909-ZL,CD4,CD4_C12-CTLA4,CRC.P0909_C000710:1,NoClonal
P0909,TTH112-0909-ZL,CD4,CD4_C09-CXCL13,CRC.P0909_C000711:1,NoClonal
P0909,TTH196-0909-ZL,other,NA,CRC.P0909_C000712:1,NoClonal
P0909,TTH257-160909-ZL,CD4,CD4_C09-CXCL13,CRC.P0909_C000713:1,NoClonal
P0909,NTH121-0909-ZL,CD4,CD4_C04-TCF7,CRC.P0909_C000714:1,NoClonal
P0909,TTC233-160909-ZL,CD8,CD8_C07-LAYN,CRC.P0909_C000715:1,NoClonal
P0909,TTR92-0909-ZL,CD4,CD4_C12-CTLA4,CRC.P0909_C000716:1,NoClonal
P0909,PTY82-20160909,CD4,CD4_C02-ANXA1,CRC.P0909_C000717:1,NoClonal
P0909,PTY71-20160909,CD4,CD4_C02-ANXA1,CRC.P0909_C000718:1,NoClonal
P0909,PTH69-0909-ZL,CD4,CD4_C01-CCR7,CRC.P0909_C000719:1,NoClonal
P0909,NTH177-0909-ZL,CD4,CD4_C04-TCF7,CRC.P0909_C000720:1,NoClonal
P0909,TTR112-0909-ZL,CD4,CD4_C12-CTLA4,CRC.P0909_C000721:1,NoClonal
P0909,PTY21-20160909,CD4,CD4_C01-CCR7,CRC.P0909_C000722:1,NoClonal
P0909,NTH191-0909-ZL,CD4,CD4_C06-CXCR5,CRC.P0909_C000723:1,NoClonal
P0909,PTC37-0909-ZL,CD8,CD8_C01-LEF1,CRC.P0909_C000724:1,NoClonal
P0909,PTH43-0909-ZL,CD4,CD4_C01-CCR7,CRC.P0909_C000725:1,NoClonal
P0909,PTR95-0909-ZL,CD4,CD4_C10-FOXP3,CRC.P0909_C000726:1,NoClonal
P0909,NTH20-0909-ZL,CD4,CD4_C04-TCF7,CRC.P0909_C000727:1,NoClonal
P0909,PTR70-0909-ZL,CD4,CD4_C10-FOXP3,CRC.P0909_C000728:1,NoClonal
P0909,TTH236-160909-ZL,CD4,CD4_C09-CXCL13,CRC.P0909_C000729:1,NoClonal
P0909,PTH70-0909-ZL,CD4,CD4_C01-CCR7,CRC.P0909_C000731:1,NoClonal
P0909,TTH68-0909-ZL,CD4,CD4_C12-CTLA4,CRC.P0909_C000732:1,NoClonal
P0909,TTR84-0909-ZL,other,NA,CRC.P0909_C000733:1,NoClonal
P0909,TTY93-20160909,CD4,CD4_C12-CTLA4,CRC.P0909_C000734:1,NoClonal
P0909,TTR162-0909-ZL,other,NA,CRC.P0909_C000735:1,NoClonal
P0909,TTY65-20160909,CD4,CD4_C11-IL10,CRC.P0909_C000736:1,NoClonal
P0909,TTH235-160909-ZL,other,NA,CRC.P0909_C000737:1,NoClonal
P0909,TTH215-160909-ZL,CD4,CD4_C04-TCF7,CRC.P0909_C000738:1,NoClonal
P0909,NTH120-0909-ZL,CD4,CD4_C04-TCF7,CRC.P0909_C000739:1,NoClonal
P0909,NTH110-0909-ZL,other,NA,CRC.P0909_C000740:1,NoClonal
P0909,NTH15-0909-ZL,CD4,CD4_C01-CCR7,CRC.P0909_C000741:1,NoClonal
P0909,TTC71-160909-ZL,CD8,CD8_C04-GZMK,CRC.P0909_C000742:1,NoClonal
P0909,NTH152-0909-ZL,other,NA,CRC.P0909_C000743:1,NoClonal
P0909,TTY30-20160909,CD4,CD4_C12-CTLA4,CRC.P0909_C000744:1,NoClonal
P0909,TTY7-20160909,CD4,CD4_C10-FOXP3,CRC.P0909_C000745:1,NoClonal
P0909,TTR161-0909-ZL,DN,NA,CRC.P0909_C000746:1,NoClonal
P0909,PTH21-0909-ZL,CD4,CD4_C03-GNLY,CRC.P0909_C000747:1,NoClonal
P0909,PTC61-0909-ZL,CD8,CD8_C01-LEF1,CRC.P0909_C000748:1,NoClonal
P0909,TTH190-0909-ZL,CD4,CD4_C09-CXCL13,CRC.P0909_C000749:1,NoClonal
P0909,PTY70-20160909,DN,NA,CRC.P0909_C000750:1,NoClonal
P0909,TTH44-0909-ZL,CD4,CD4_C04-TCF7,CRC.P0909_C000751:1,NoClonal
P0909,PTR61-0909-ZL,CD4,CD4_C10-FOXP3,CRC.P0909_C000752:1,NoClonal
P0909,PTY65-20160909,DN,NA,CRC.P0909_C000753:1,NoClonal
P0909,TTR93-0909-ZL,CD4,CD4_C12-CTLA4,CRC.P0909_C000754:1,NoClonal
P0909,PTR17-0909-ZL,CD4,CD4_C10-FOXP3,CRC.P0909_C000755:1,NoClonal
P0909,TTR173-0909-ZL,CD4,CD4_C12-CTLA4,CRC.P0909_C000756:1,NoClonal
P0909,NTH173-0909-ZL,CD4,CD4_C04-TCF7,CRC.P0909_C000757:1,NoClonal
P0909,PTR38-0909-ZL,CD4,CD4_C10-FOXP3,CRC.P0909_C000758:1,NoClonal
P0909,TTR135-0909-ZL,CD4,CD4_C12-CTLA4,CRC.P0909_C000759:1,NoClonal
P0909,PTH24-0909-ZL,CD4,CD4_C10-FOXP3,CRC.P0909_C000760:1,NoClonal
P0909,TTC70-160909-ZL,CD8,CD8_C07-LAYN,CRC.P0909_C000761:1,NoClonal
P0909,NTH53-0909-ZL,CD4,CD4_C05-CXCR6,CRC.P0909_C000762:1,NoClonal
P0909,PTH18-0909-ZL,DN,NA,CRC.P0909_C000763:1,NoClonal
P0909,TTR76-0909-ZL,other,NA,CRC.P0909_C000764:1,NoClonal
P0909,PTY37-20160909,CD4,CD4_C02-ANXA1,CRC.P0909_C000765:1,NoClonal
P0909,TTC59-160909-ZL,CD8,CD8_C05-CD6,CRC.P0909_C000767:1,NoClonal
P0909,NTH178-0909-ZL,CD4,CD4_C10-FOXP3,CRC.P0909_C000769:1,NoClonal
P0909,TTH32-0909-ZL,CD4,CD4_C04-TCF7,CRC.P0909_C000770:1,NoClonal
P0909,PTH31-0909-ZL,CD4,CD4_C01-CCR7,CRC.P0909_C000772:1,NoClonal
P0909,NTH17-0909-ZL,CD4,CD4_C04-TCF7,CRC.P0909_C000773:1,NoClonal
P0909,TTR46-0909-ZL,CD4,CD4_C12-CTLA4,CRC.P0909_C000774:1,NoClonal
P0909,PTR72-0909-ZL,DN,NA,CRC.P0909_C000775:1,NoClonal
P0909,TTC195-160909-ZL,CD8,CD8_C07-LAYN,CRC.P0909_C000776:1,NoClonal
P0909,PTH46-0909-ZL,DN,NA,CRC.P0909_C000777:1,NoClonal
P0909,PTY76-20160909,other,NA,CRC.P0909_C000779:1,NoClonal
P0909,PTY77-20160909,CD4,CD4_C02-ANXA1,CRC.P0909_C000780:1,NoClonal
P0909,PTH47-0909-ZL,CD4,CD4_C01-CCR7,CRC.P0909_C000781:1,NoClonal
P0909,NTH33-0909-ZL,CD4,CD4_C04-TCF7,CRC.P0909_C000782:1,NoClonal
P0909,TTR139-0909-ZL,CD4,CD4_C12-CTLA4,CRC.P0909_C000783:1,NoClonal
P0909,TTR149-0909-ZL,CD4,CD4_C12-CTLA4,CRC.P0909_C000785:1,NoClonal
P0909,TTC40-160909-ZL,CD8,CD8_C08-SLC4A10,CRC.P0909_C000786:1,NoClonal
P0909,PTY6-20160909,DN,NA,CRC.P0909_C000787:1,NoClonal
P0909,PTC89-0909-ZL,CD8,CD8_C02-GPR183,CRC.P0909_C000788:1,NoClonal
P0909,PTC2-0909-ZL,CD8,CD8_C01-LEF1,CRC.P0909_C000789:1,NoClonal
P0909,TTC257-160909-ZL,CD8,CD8_C07-LAYN,CRC.P0909_C000790:1,NoClonal
P0909,TTR28-0909-ZL,CD4,CD4_C12-CTLA4,CRC.P0909_C000791:1,NoClonal
P0909,NTH93-0909-ZL,CD4,CD4_C11-IL10,CRC.P0909_C000792:1,NoClonal
P0909,NTH2-0909-ZL,CD4,CD4_C04-TCF7,CRC.P0909_C000793:1,NoClonal
P0909,TTR86-0909-ZL,CD4,CD4_C12-CTLA4,CRC.P0909_C000794:1,NoClonal
P0909,TTR106-0909-ZL,CD4,CD4_C12-CTLA4,CRC.P0909_C000795:1,NoClonal
P0909,TTR187-0909-ZL,CD4,CD4_C12-CTLA4,CRC.P0909_C000796:1,NoClonal
P0909,TTH79-0909-ZL,CD4,CD4_C05-CXCR6,CRC.P0909_C000797:1,NoClonal
P0909,PTH75-0909-ZL,CD4,CD4_C10-FOXP3,CRC.P0909_C000798:1,NoClonal
P0909,NTH90-0909-ZL,CD4,CD4_C11-IL10,CRC.P0909_C000799:1,NoClonal
P0909,NTH10-0909-ZL,DN,NA,CRC.P0909_C000800:1,NoClonal
P0909,PTH78-0909-ZL,other,NA,CRC.P0909_C000801:1,NoClonal
P0909,TTY10-20160909,CD4,CD4_C04-TCF7,CRC.P0909_C000802:1,NoClonal
P0909,NTH32-0909-ZL,CD4,CD4_C04-TCF7,CRC.P0909_C000803:1,NoClonal
P0909,TTC223-160909-ZL,CD8,CD8_C07-LAYN,CRC.P0909_C000804:1,NoClonal
P0909,PTY90-20160909,CD4,CD4_C03-GNLY,CRC.P0909_C000805:1,NoClonal
P0909,TTH90-0909-ZL,CD4,CD4_C09-CXCL13,CRC.P0909_C000806:1,NoClonal
P0909,TTR180-0909-ZL,CD4,CD4_C12-CTLA4,CRC.P0909_C000807:1,NoClonal
P0909,TTH114-0909-ZL,CD4,CD4_C05-CXCR6,CRC.P0909_C000808:1,NoClonal
P0909,PTY26-20160909,CD4,CD4_C02-ANXA1,CRC.P0909_C000809:1,NoClonal
P0909,PTH49-0909-ZL,CD4,CD4_C01-CCR7,CRC.P0909_C000810:1,NoClonal
P0909,PTC51-0909-ZL,CD8,CD8_C01-LEF1,CRC.P0909_C000811:1,NoClonal
P0909,PTR27-0909-ZL,other,NA,CRC.P0909_C000812:1,NoClonal
P0909,TTR175-0909-ZL,CD4,CD4_C12-CTLA4,CRC.P0909_C000813:1,NoClonal
P0909,TTR41-0909-ZL,CD4,CD4_C12-CTLA4,CRC.P0909_C000814:1,NoClonal
P0909,NTH94-0909-ZL,CD4,CD4_C06-CXCR5,CRC.P0909_C000815:1,NoClonal
P0909,PTY20-20160909,CD4,CD4_C02-ANXA1,CRC.P0909_C000816:1,NoClonal
P0909,TTC46-160909-ZL,CD8,CD8_C07-LAYN,CRC.P0909_C000817:1,NoClonal
P0909,TTH194-160909-ZL,CD4,CD4_C09-CXCL13,CRC.P0909_C000818:1,NoClonal
P0909,NTH13-0909-ZL,DN,NA,CRC.P0909_C000819:1,NoClonal
P0909,TTH164-0909-ZL,CD4,CD4_C04-TCF7,CRC.P0909_C000820:1,NoClonal
P0909,NTH131-0909-ZL,DN,NA,CRC.P0909_C000821:1,NoClonal
P0909,TTY2-20160909,CD4,CD4_C04-TCF7,CRC.P0909_C000822:1,NoClonal
P0909,TTC205-160909-ZL,CD8,CD8_C07-LAYN,CRC.P0909_C000823:1,NoClonal
P0909,PTC15-0909-ZL,CD8,CD8_C02-GPR183,CRC.P0909_C000824:1,NoClonal
P0909,TTC249-160909-ZL,CD8,CD8_C03-CX3CR1,CRC.P0909_C000825:1,NoClonal
P0909,PTY28-20160909,CD4,CD4_C02-ANXA1,CRC.P0909_C000826:1,NoClonal
P0909,TTH88-0909-ZL,CD4,CD4_C09-CXCL13,CRC.P0909_C000827:1,NoClonal
P0909,PTY50-20160909,CD4,CD4_C02-ANXA1,CRC.P0909_C000828:1,NoClonal
P0909,PTH74-0909-ZL,DN,NA,CRC.P0909_C000829:1,NoClonal
P0909,TTR21-0909-ZL,CD4,CD4_C12-CTLA4,CRC.P0909_C000830:1,NoClonal
P0909,NTH99-0909-ZL,CD4,CD4_C04-TCF7,CRC.P0909_C000831:1,NoClonal
P0909,PTR92-0909-ZL,CD4,CD4_C10-FOXP3,CRC.P0909_C000832:1,NoClonal
P0909,PTR33-0909-ZL,CD4,CD4_C10-FOXP3,CRC.P0909_C000833:1,NoClonal
P0909,NTH3-0909-ZL,CD4,CD4_C04-TCF7,CRC.P0909_C000834:1,NoClonal
P0909,PTR47-0909-ZL,CD4,CD4_C10-FOXP3,CRC.P0909_C000835:1,NoClonal
P0909,PTC96-0909-ZL,other,NA,CRC.P0909_C000836:1,NoClonal
P0909,NTH54-0909-ZL,DN,NA,CRC.P0909_C000837:1,NoClonal
P0909,PTY13-20160909,DN,NA,CRC.P0909_C000838:1,NoClonal
P0909,PTH11-0909-ZL,CD4,CD4_C01-CCR7,CRC.P0909_C000839:1,NoClonal
P0909,TTH98-0909-ZL,CD4,CD4_C09-CXCL13,CRC.P0909_C000840:1,NoClonal
P0909,PTC9-0909-ZL,CD8,CD8_C01-LEF1,CRC.P0909_C000841:1,NoClonal
P0909,NTH162-0909-ZL,CD4,CD4_C04-TCF7,CRC.P0909_C000842:1,NoClonal
P0909,NTH75-0909-ZL,CD4,CD4_C06-CXCR5,CRC.P0909_C000843:1,NoClonal
P0909,TTC65-160909-ZL,CD8,CD8_C04-GZMK,CRC.P0909_C000844:1,NoClonal
P0909,NTH146-0909-ZL,CD4,CD4_C04-TCF7,CRC.P0909_C000845:1,NoClonal
P0909,PTH10-0909-ZL,CD4,CD4_C01-CCR7,CRC.P0909_C000846:1,NoClonal
P0909,TTH233-160909-ZL,CD4,CD4_C04-TCF7,CRC.P0909_C000847:1,NoClonal
P0909,TTH214-160909-ZL,other,NA,CRC.P0909_C000848:1,NoClonal
P0909,NTH103-0909-ZL,CD4,CD4_C01-CCR7,CRC.P0909_C000849:1,NoClonal
P0909,NTH101-0909-ZL,CD4,CD4_C04-TCF7,CRC.P0909_C000850:1,NoClonal
P0909,PTR88-0909-ZL,CD4,CD4_C10-FOXP3,CRC.P0909_C000851:1,NoClonal
P0909,NTH6-0909-ZL,DN,NA,CRC.P0909_C000852:1,NoClonal
P0909,PTR6-0909-ZL,CD4,CD4_C10-FOXP3,CRC.P0909_C000853:1,NoClonal
P0909,TTY11-20160909,other,NA,CRC.P0909_C000854:1,NoClonal
P0909,TTH205-160909-ZL,CD4,CD4_C09-CXCL13,CRC.P0909_C000855:1,NoClonal
P0909,NTH122-0909-ZL,DN,NA,CRC.P0909_C000856:1,NoClonal
P0909,TTH2-0909-ZL,CD4,CD4_C07-GZMK,CRC.P0909_C000857:1,NoClonal
P0909,TTR58-0909-ZL,CD4,CD4_C12-CTLA4,CRC.P0909_C000858:1,NoClonal
P0909,NTH163-0909-ZL,CD4,CD4_C01-CCR7,CRC.P0909_C000860:1,NoClonal
P0909,NTH4-0909-ZL,other,NA,CRC.P0909_C000861:1,NoClonal
P0909,TTR131-0909-ZL,CD4,CD4_C12-CTLA4,CRC.P0909_C000862:1,NoClonal
P0909,TTC250-160909-ZL,CD8,CD8_C07-LAYN,CRC.P0909_C000863:1,NoClonal
P0909,PTY74-20160909,DN,NA,CRC.P0909_C000864:1,NoClonal
P0909,TTH250-160909-ZL,CD4,CD4_C09-CXCL13,CRC.P0909_C000866:1,NoClonal
P0909,TTC207-160909-ZL,CD8,CD8_C04-GZMK,CRC.P0909_C000867:1,NoClonal
P0909,NTH69-0909-ZL,other,NA,CRC.P0909_C000868:1,NoClonal
P0909,TTY36-20160909,CD4,CD4_C12-CTLA4,CRC.P0909_C000869:1,NoClonal
P0909,TTC209-160909-ZL,CD8,CD8_C04-GZMK,CRC.P0909_C000871:1,NoClonal
P0909,TTR73-0909-ZL,CD4,CD4_C12-CTLA4,CRC.P0909_C000872:1,NoClonal
P0909,PTC69-0909-ZL,CD8,CD8_C01-LEF1,CRC.P0909_C000873:1,NoClonal
P0909,PTH64-0909-ZL,CD4,CD4_C01-CCR7,CRC.P0909_C000874:1,NoClonal
P0909,TTR40-0909-ZL,CD4,CD4_C12-CTLA4,CRC.P0909_C000875:1,NoClonal
P0909,PTY18-20160909,other,NA,CRC.P0909_C000876:1,NoClonal
P0909,PTR62-0909-ZL,CD4,CD4_C10-FOXP3,CRC.P0909_C000877:1,NoClonal
P0909,PTH71-0909-ZL,CD4,CD4_C01-CCR7,CRC.P0909_C000878:1,NoClonal
P0909,TTC30-160909-ZL,CD8,CD8_C07-LAYN,CRC.P0909_C000879:1,NoClonal
P0909,PTH72-0909-ZL,CD4,CD4_C03-GNLY,CRC.P0909_C000880:1,NoClonal
P0909,PTR16-0909-ZL,CD4,CD4_C10-FOXP3,CRC.P0909_C000881:1,NoClonal
P0909,PTH30-0909-ZL,other,NA,CRC.P0909_C000882:1,NoClonal
P0909,TTR151-0909-ZL,CD4,CD4_C12-CTLA4,CRC.P0909_C000883:1,NoClonal
P0909,PTR46-0909-ZL,CD4,CD4_C10-FOXP3,CRC.P0909_C000884:1,NoClonal
P0909,NTH174-0909-ZL,CD4,CD4_C04-TCF7,CRC.P0909_C000885:1,NoClonal
P0909,TTR70-0909-ZL,CD4,CD4_C12-CTLA4,CRC.P0909_C000886:1,NoClonal
P0909,TTR51-0909-ZL,CD4,CD4_C12-CTLA4,CRC.P0909_C000887:1,NoClonal
P0909,PTY60-20160909,CD4,CD4_C02-ANXA1,CRC.P0909_C000889:1,NoClonal
P0909,PTR55-0909-ZL,CD4,CD4_C10-FOXP3,CRC.P0909_C000890:1,NoClonal
P0909,PTH23-0909-ZL,CD4,CD4_C02-ANXA1,CRC.P0909_C000891:1,NoClonal
P0909,PTY79-20160909,CD4,CD4_C02-ANXA1,CRC.P0909_C000892:1,NoClonal
P0909,TTH62-0909-ZL,CD4,CD4_C09-CXCL13,CRC.P0909_C000893:1,NoClonal
P0909,PTH55-0909-ZL,CD4,CD4_C01-CCR7,CRC.P0909_C000895:1,NoClonal
P0909,TTH211-160909-ZL,DN,NA,CRC.P0909_C000896:1,NoClonal
P0909,PTH48-0909-ZL,DN,NA,CRC.P0909_C000897:1,NoClonal
P0909,NTH148-0909-ZL,CD4,CD4_C04-TCF7,CRC.P0909_C000898:1,NoClonal
P0909,TTH137-0909-ZL,CD4,CD4_C09-CXCL13,CRC.P0909_C000899:1,NoClonal
P0909,TTY24-20160909,CD4,CD4_C12-CTLA4,CRC.P0909_C000900:1,NoClonal
P0909,TTY21-20160909,other,NA,CRC.P0909_C000901:1,NoClonal
P0909,PTC18-0909-ZL,CD8,CD8_C01-LEF1,CRC.P0909_C000902:1,NoClonal
P0909,PTY42-20160909,CD4,CD4_C02-ANXA1,CRC.P0909_C000903:1,NoClonal
P0909,TTC87-160909-ZL,CD8,CD8_C04-GZMK,CRC.P0909_C000904:1,NoClonal
P0909,NTH170-0909-ZL,other,NA,CRC.P0909_C000905:1,NoClonal
P0909,TTR127-0909-ZL,CD4,CD4_C12-CTLA4,CRC.P0909_C000906:1,NoClonal
P0909,TTH227-160909-ZL,other,NA,CRC.P0909_C000907:1,NoClonal
P0909,PTH61-0909-ZL,CD4,CD4_C01-CCR7,CRC.P0909_C000908:1,NoClonal
P0909,TTH249-160909-ZL,CD4,CD4_C12-CTLA4,CRC.P0909_C000909:1,NoClonal
P0909,TTY59-20160909,CD4,CD4_C12-CTLA4,CRC.P0909_C000911:1,NoClonal
P0909,NTH144-0909-ZL,CD4,CD4_C04-TCF7,CRC.P0909_C000912:1,NoClonal
P1012,PTC86-20161012,CD8,CD8_C03-CX3CR1,CRC.P1012_C000113:25,Clonal
P1012,PTC20-20161012,CD8,CD8_C03-CX3CR1,CRC.P1012_C000113:25,Clonal
P1012,PTC98-20161012,CD8,CD8_C03-CX3CR1,CRC.P1012_C000113:25,Clonal
P1012,PTC46-20161012,CD8,CD8_C03-CX3CR1,CRC.P1012_C000113:25,Clonal
P1012,PTC77-20161012,CD8,CD8_C03-CX3CR1,CRC.P1012_C000113:25,Clonal
P1012,PTC110-20161012,CD8,CD8_C03-CX3CR1,CRC.P1012_C000113:25,Clonal
P1012,PTC41-20161012,CD8,CD8_C03-CX3CR1,CRC.P1012_C000113:25,Clonal
P1012,PTC96-20161012,CD8,CD8_C03-CX3CR1,CRC.P1012_C000113:25,Clonal
P1012,PTC108-20161012,CD8,CD8_C03-CX3CR1,CRC.P1012_C000113:25,Clonal
P1012,PTC106-20161012,CD8,CD8_C03-CX3CR1,CRC.P1012_C000113:25,Clonal
P1012,PTC21-20161012,CD8,CD8_C03-CX3CR1,CRC.P1012_C000113:25,Clonal
P1012,PTC134-20161012,CD8,CD8_C03-CX3CR1,CRC.P1012_C000113:25,Clonal
P1012,PTC128-20161012,CD8,CD8_C03-CX3CR1,CRC.P1012_C000113:25,Clonal
P1012,PTC92-20161012,CD8,CD8_C03-CX3CR1,CRC.P1012_C000113:25,Clonal
P1012,PTC9-20161012,CD8,CD8_C03-CX3CR1,CRC.P1012_C000113:25,Clonal
P1012,PTC13-20161012,CD8,CD8_C03-CX3CR1,CRC.P1012_C000113:25,Clonal
P1012,PTC71-20161012,CD8,CD8_C03-CX3CR1,CRC.P1012_C000113:25,Clonal
P1012,PTC87-20161012,CD8,CD8_C03-CX3CR1,CRC.P1012_C000113:25,Clonal
P1012,TTC262-20161012,CD8,CD8_C06-CD160,CRC.P1012_C000113:25,Clonal
P1012,PTC129-20161012,other,NA,CRC.P1012_C000113:25,Clonal
P1012,PTC112-20161012,other,NA,CRC.P1012_C000113:25,Clonal
P1012,PTC126-20161012,other,NA,CRC.P1012_C000113:25,Clonal
P1012,PTC76-20161012,other,NA,CRC.P1012_C000113:25,Clonal
P1012,PTC94-20161012,other,NA,CRC.P1012_C000113:25,Clonal
P1012,PTC111-20161012,other,NA,CRC.P1012_C000113:25,Clonal
P1012,PTY18-20161012,CD4,CD4_C02-ANXA1,CRC.P1012_C000054:23,Clonal
P1012,PTH88-20161012,CD4,CD4_C03-GNLY,CRC.P1012_C000054:23,Clonal
P1012,PTH77-20161012,CD4,CD4_C03-GNLY,CRC.P1012_C000054:23,Clonal
P1012,PTH89-20161012,CD4,CD4_C03-GNLY,CRC.P1012_C000054:23,Clonal
P1012,PTH87-20161012,CD4,CD4_C03-GNLY,CRC.P1012_C000054:23,Clonal
P1012,PTH28-20161012,CD4,CD4_C03-GNLY,CRC.P1012_C000054:23,Clonal
P1012,PTH71-20161012,CD4,CD4_C03-GNLY,CRC.P1012_C000054:23,Clonal
P1012,PTH44-20161012,CD4,CD4_C03-GNLY,CRC.P1012_C000054:23,Clonal
P1012,PTH92-20161012,CD4,CD4_C03-GNLY,CRC.P1012_C000054:23,Clonal
P1012,PTH66-20161012,CD4,CD4_C03-GNLY,CRC.P1012_C000054:23,Clonal
P1012,PTH76-20161012,CD4,CD4_C03-GNLY,CRC.P1012_C000054:23,Clonal
P1012,PTH17-20161012,CD4,CD4_C03-GNLY,CRC.P1012_C000054:23,Clonal
P1012,PTY55-20161012,CD4,CD4_C03-GNLY,CRC.P1012_C000054:23,Clonal
P1012,PTY17-20161012,CD4,CD4_C03-GNLY,CRC.P1012_C000054:23,Clonal
P1012,PTH62-20161012,CD4,CD4_C03-GNLY,CRC.P1012_C000054:23,Clonal
P1012,TTH35-161012,CD4,CD4_C05-CXCR6,CRC.P1012_C000054:23,Clonal
P1012,TTH157-20161012,CD4,CD4_C05-CXCR6,CRC.P1012_C000054:23,Clonal
P1012,TTH29-161012,CD4,CD4_C07-GZMK,CRC.P1012_C000054:23,Clonal
P1012,TTH138-20161012,DN,NA,CRC.P1012_C000054:23,Clonal
P1012,TTY161-20161012,DN,NA,CRC.P1012_C000054:23,Clonal
P1012,PTH61-20161012,DN,NA,CRC.P1012_C000054:23,Clonal
P1012,PTH45-20161012,DN,NA,CRC.P1012_C000054:23,Clonal
P1012,PTY53-20161012,other,NA,CRC.P1012_C000054:23,Clonal
P1012,TTC139-161012-ZL,CD8,CD8_C07-LAYN,CRC.P1012_C000066:10,Clonal
P1012,TTC55-20161012,CD8,CD8_C07-LAYN,CRC.P1012_C000066:10,Clonal
P1012,TTC73-161012-ZL,CD8,CD8_C07-LAYN,CRC.P1012_C000066:10,Clonal
P1012,TTC243-161012-ZL,CD8,CD8_C07-LAYN,CRC.P1012_C000066:10,Clonal
P1012,TTC24-161012-ZL,CD8,CD8_C07-LAYN,CRC.P1012_C000066:10,Clonal
P1012,TTC246-161012-ZL,CD8,CD8_C07-LAYN,CRC.P1012_C000066:10,Clonal
P1012,TTC189-161012-ZL,CD8,CD8_C07-LAYN,CRC.P1012_C000066:10,Clonal
P1012,TTC80-161012-ZL,CD8,CD8_C07-LAYN,CRC.P1012_C000066:10,Clonal
P1012,TTC79-161012-ZL,CD8,CD8_C07-LAYN,CRC.P1012_C000066:10,Clonal
P1012,TTC288-20161012,other,NA,CRC.P1012_C000066:10,Clonal
P1012,TTC177-161012-ZL,CD8,CD8_C07-LAYN,CRC.P1012_C000191:7,Clonal
P1012,TTC6-161012-ZL,CD8,CD8_C07-LAYN,CRC.P1012_C000191:7,Clonal
P1012,TTC124-161012-ZL,CD8,CD8_C07-LAYN,CRC.P1012_C000191:7,Clonal
P1012,TTC151-161012-ZL,CD8,CD8_C07-LAYN,CRC.P1012_C000191:7,Clonal
P1012,TTC254-20161012,CD8,CD8_C07-LAYN,CRC.P1012_C000191:7,Clonal
P1012,TTC269-20161012,CD8,CD8_C07-LAYN,CRC.P1012_C000191:7,Clonal
P1012,TTC259-20161012,CD8,CD8_C07-LAYN,CRC.P1012_C000191:7,Clonal
P1012,TTR71-161012,CD4,CD4_C12-CTLA4,CRC.P1012_C000236:7,Clonal
P1012,TTR83-161012,CD4,CD4_C12-CTLA4,CRC.P1012_C000236:7,Clonal
P1012,TTR48-20161012,CD4,CD4_C12-CTLA4,CRC.P1012_C000236:7,Clonal
P1012,TTR65-20161012,CD4,CD4_C12-CTLA4,CRC.P1012_C000236:7,Clonal
P1012,TTR23-20161012,CD4,CD4_C12-CTLA4,CRC.P1012_C000236:7,Clonal
P1012,TTR50-20161012,CD4,CD4_C12-CTLA4,CRC.P1012_C000236:7,Clonal
P1012,TTR73-161012,CD4,CD4_C12-CTLA4,CRC.P1012_C000236:7,Clonal
P1012,TTR132-20161012,CD4,CD4_C12-CTLA4,CRC.P1012_C000017:6,Clonal
P1012,TTR124-20161012,CD4,CD4_C12-CTLA4,CRC.P1012_C000017:6,Clonal
P1012,TTR28-20161012,CD4,CD4_C12-CTLA4,CRC.P1012_C000017:6,Clonal
P1012,TTR51-20161012,CD4,CD4_C12-CTLA4,CRC.P1012_C000017:6,Clonal
P1012,TTR58-20161012,CD4,CD4_C12-CTLA4,CRC.P1012_C000017:6,Clonal
P1012,TTR117-20161012,CD4,CD4_C12-CTLA4,CRC.P1012_C000017:6,Clonal
P1012,TTC33-161012-ZL,CD8,CD8_C07-LAYN,CRC.P1012_C000101:6,Clonal
P1012,TTC236-161012-ZL,CD8,CD8_C07-LAYN,CRC.P1012_C000101:6,Clonal
P1012,TTC273-20161012,CD8,CD8_C07-LAYN,CRC.P1012_C000101:6,Clonal
P1012,TTC257-20161012,CD8,CD8_C07-LAYN,CRC.P1012_C000101:6,Clonal
P1012,TTC44-161012-ZL,CD8,CD8_C07-LAYN,CRC.P1012_C000101:6,Clonal
P1012,TTC37-161012-ZL,CD8,CD8_C07-LAYN,CRC.P1012_C000101:6,Clonal
P1012,TTC93-161012-ZL,CD8,CD8_C04-GZMK,CRC.P1012_C000146:6,Clonal
P1012,TTC119-161012-ZL,CD8,CD8_C04-GZMK,CRC.P1012_C000146:6,Clonal
P1012,TTC132-161012-ZL,CD8,CD8_C04-GZMK,CRC.P1012_C000146:6,Clonal
P1012,TTC281-20161012,CD8,CD8_C04-GZMK,CRC.P1012_C000146:6,Clonal
P1012,TTC283-20161012,CD8,CD8_C04-GZMK,CRC.P1012_C000146:6,Clonal
P1012,TTC204-161012-ZL,CD8,CD8_C04-GZMK,CRC.P1012_C000146:6,Clonal
P1012,TTC238-161012-ZL,CD8,CD8_C07-LAYN,CRC.P1012_C000240:6,Clonal
P1012,TTC245-161012-ZL,CD8,CD8_C07-LAYN,CRC.P1012_C000240:6,Clonal
P1012,TTC193-20161012,CD8,CD8_C07-LAYN,CRC.P1012_C000240:6,Clonal
P1012,TTC28-161012-ZL,CD8,CD8_C07-LAYN,CRC.P1012_C000240:6,Clonal
P1012,TTC197-20161012,CD8,CD8_C07-LAYN,CRC.P1012_C000240:6,Clonal
P1012,TTC82-161012-ZL,CD8,CD8_C07-LAYN,CRC.P1012_C000240:6,Clonal
P1012,TTC66-161012-ZL,CD8,CD8_C07-LAYN,CRC.P1012_C000360:6,Clonal
P1012,TTC183-161012-ZL,CD8,CD8_C07-LAYN,CRC.P1012_C000360:6,Clonal
P1012,TTC49-161012-ZL,CD8,CD8_C07-LAYN,CRC.P1012_C000360:6,Clonal
P1012,TTC225-161012-ZL,CD8,CD8_C07-LAYN,CRC.P1012_C000360:6,Clonal
P1012,TTC175-161012-ZL,CD8,CD8_C07-LAYN,CRC.P1012_C000360:6,Clonal
P1012,TTC278-20161012,CD8,CD8_C07-LAYN,CRC.P1012_C000360:6,Clonal
P1012,TTR101-20161012,CD4,CD4_C12-CTLA4,CRC.P1012_C000080:5,Clonal
P1012,TTR144-20161012,CD4,CD4_C12-CTLA4,CRC.P1012_C000080:5,Clonal
P1012,TTR37-20161012,CD4,CD4_C12-CTLA4,CRC.P1012_C000080:5,Clonal
P1012,TTR60-20161012,CD4,CD4_C12-CTLA4,CRC.P1012_C000080:5,Clonal
P1012,TTR41-20161012,CD4,CD4_C12-CTLA4,CRC.P1012_C000080:5,Clonal
P1012,TTC123-161012-ZL,CD8,CD8_C07-LAYN,CRC.P1012_C000217:5,Clonal
P1012,TTC10-161012-ZL,CD8,CD8_C07-LAYN,CRC.P1012_C000217:5,Clonal
P1012,TTC276-20161012,CD8,CD8_C07-LAYN,CRC.P1012_C000217:5,Clonal
P1012,TTC78-161012-ZL,CD8,CD8_C07-LAYN,CRC.P1012_C000217:5,Clonal
P1012,TTC274-20161012,CD8,CD8_C07-LAYN,CRC.P1012_C000217:5,Clonal
P1012,TTC255-20161012,CD8,CD8_C07-LAYN,CRC.P1012_C000034:4,Clonal
P1012,TTC19-161012-ZL,CD8,CD8_C07-LAYN,CRC.P1012_C000034:4,Clonal
P1012,TTC25-161012-ZL,CD8,CD8_C07-LAYN,CRC.P1012_C000034:4,Clonal
P1012,TTC251-20161012,CD8,CD8_C07-LAYN,CRC.P1012_C000034:4,Clonal
P1012,PTC75-20161012,CD8,CD8_C03-CX3CR1,CRC.P1012_C000067:4,Clonal
P1012,TTC235-161012-ZL,CD8,CD8_C04-GZMK,CRC.P1012_C000067:4,Clonal
P1012,TTC131-161012-ZL,CD8,CD8_C04-GZMK,CRC.P1012_C000067:4,Clonal
P1012,TTC170-161012-ZL,CD8,CD8_C04-GZMK,CRC.P1012_C000067:4,Clonal
P1012,TTR7-20161012,CD4,CD4_C12-CTLA4,CRC.P1012_C000114:4,Clonal
P1012,TTR33-20161012,CD4,CD4_C12-CTLA4,CRC.P1012_C000114:4,Clonal
P1012,TTR108-20161012,CD4,CD4_C12-CTLA4,CRC.P1012_C000114:4,Clonal
P1012,TTR106-20161012,other,NA,CRC.P1012_C000114:4,Clonal
P1012,PTC95-20161012,CD8,CD8_C03-CX3CR1,CRC.P1012_C000133:4,Clonal
P1012,PTC103-20161012,CD8,CD8_C03-CX3CR1,CRC.P1012_C000133:4,Clonal
P1012,PTC6-20161012,CD8,CD8_C03-CX3CR1,CRC.P1012_C000133:4,Clonal
P1012,TTC20-161012-ZL,CD8,CD8_C04-GZMK,CRC.P1012_C000133:4,Clonal
P1012,PTH35-20161012,CD4,CD4_C03-GNLY,CRC.P1012_C000181:4,Clonal
P1012,PTY68-20161012,CD4,CD4_C03-GNLY,CRC.P1012_C000181:4,Clonal
P1012,PTY74-20161012,CD4,CD4_C03-GNLY,CRC.P1012_C000181:4,Clonal
P1012,TTH66-161012,DN,NA,CRC.P1012_C000181:4,Clonal
P1012,TTC161-161012-ZL,CD8,CD8_C07-LAYN,CRC.P1012_C000200:4,Clonal
P1012,TTC172-161012-ZL,CD8,CD8_C07-LAYN,CRC.P1012_C000200:4,Clonal
P1012,TTC142-161012-ZL,CD8,CD8_C07-LAYN,CRC.P1012_C000200:4,Clonal
P1012,TTC229-161012-ZL,CD8,CD8_C07-LAYN,CRC.P1012_C000200:4,Clonal
P1012,TTC43-161012-ZL,CD8,CD8_C07-LAYN,CRC.P1012_C000271:4,Clonal
P1012,TTC261-20161012,CD8,CD8_C07-LAYN,CRC.P1012_C000271:4,Clonal
P1012,TTC71-161012-ZL,CD8,CD8_C07-LAYN,CRC.P1012_C000271:4,Clonal
P1012,TTC136-161012-ZL,other,NA,CRC.P1012_C000271:4,Clonal
P1012,TTR57-20161012,CD4,CD4_C12-CTLA4,CRC.P1012_C000290:4,Clonal
P1012,TTY191-20161012,CD4,CD4_C12-CTLA4,CRC.P1012_C000290:4,Clonal
P1012,TTY43-20161012,CD4,CD4_C12-CTLA4,CRC.P1012_C000290:4,Clonal
P1012,TTR160-20161012,CD4,CD4_C12-CTLA4,CRC.P1012_C000290:4,Clonal
P1012,TTY174-20161012,CD4,CD4_C03-GNLY,CRC.P1012_C000336:4,Clonal
P1012,TTH79-20161012,CD4,CD4_C05-CXCR6,CRC.P1012_C000336:4,Clonal
P1012,TTY38-20161012,CD4,CD4_C05-CXCR6,CRC.P1012_C000336:4,Clonal
P1012,TTY164-20161012,DN,NA,CRC.P1012_C000336:4,Clonal
P1012,PTC85-20161012,CD8,CD8_C02-GPR183,CRC.P1012_C000386:4,Clonal
P1012,PTC109-20161012,CD8,CD8_C03-CX3CR1,CRC.P1012_C000386:4,Clonal
P1012,PTC124-20161012,CD8,CD8_C03-CX3CR1,CRC.P1012_C000386:4,Clonal
P1012,TTC128-161012-ZL,CD8,CD8_C04-GZMK,CRC.P1012_C000386:4,Clonal
P1012,TTY152-20161012,CD4,CD4_C12-CTLA4,CRC.P1012_C000397:4,Clonal
P1012,TTR87-161012,CD4,CD4_C12-CTLA4,CRC.P1012_C000397:4,Clonal
P1012,TTR68-20161012,CD4,CD4_C12-CTLA4,CRC.P1012_C000397:4,Clonal
P1012,TTR35-20161012,CD4,CD4_C12-CTLA4,CRC.P1012_C000397:4,Clonal
P1012,TTC222-20161012,CD8,CD8_C07-LAYN,CRC.P1012_C000087:3,Clonal
P1012,TTC30-161012-ZL,CD8,CD8_C07-LAYN,CRC.P1012_C000087:3,Clonal
P1012,TTC212-161012-ZL,CD8,CD8_C07-LAYN,CRC.P1012_C000087:3,Clonal
P1012,TTR150-20161012,CD4,CD4_C12-CTLA4,CRC.P1012_C000141:3,Clonal
P1012,TTR164-20161012,CD4,CD4_C12-CTLA4,CRC.P1012_C000141:3,Clonal
P1012,TTR77-161012,CD4,CD4_C12-CTLA4,CRC.P1012_C000141:3,Clonal
P1012,PTC114-20161012,CD8,CD8_C03-CX3CR1,CRC.P1012_C000337:3,Clonal
P1012,PTC11-20161012,CD8,CD8_C03-CX3CR1,CRC.P1012_C000337:3,Clonal
P1012,PTC61-20161012,CD8,CD8_C03-CX3CR1,CRC.P1012_C000337:3,Clonal
P1012,TTC280-20161012,CD8,CD8_C04-GZMK,CRC.P1012_C000369:3,Clonal
P1012,TTC62-161012-ZL,CD8,CD8_C07-LAYN,CRC.P1012_C000369:3,Clonal
P1012,TTC61-161012-ZL,CD8,CD8_C07-LAYN,CRC.P1012_C000369:3,Clonal
P1012,TTR102-20161012,CD4,CD4_C12-CTLA4,CRC.P1012_C000422:3,Clonal
P1012,TTR75-20161012,CD4,CD4_C12-CTLA4,CRC.P1012_C000422:3,Clonal
P1012,TTR88-161012,CD4,CD4_C12-CTLA4,CRC.P1012_C000422:3,Clonal
P1012,TTH50-161012,CD4,CD4_C07-GZMK,CRC.P1012_C000544:3,Clonal
P1012,TTH105-20161012,other,NA,CRC.P1012_C000544:3,Clonal
P1012,TTH9-161012,other,NA,CRC.P1012_C000544:3,Clonal
P1012,TTR131-20161012,CD4,CD4_C12-CTLA4,CRC.P1012_C000667:3,Clonal
P1012,TTR44-20161012,CD4,CD4_C12-CTLA4,CRC.P1012_C000667:3,Clonal
P1012,TTR1-20161012,other,NA,CRC.P1012_C000667:3,Clonal
P1012,TTC221-161012-ZL,CD8,CD8_C07-LAYN,CRC.P1012_C000020:2,Clonal
P1012,TTC144-161012-ZL,CD8,CD8_C07-LAYN,CRC.P1012_C000020:2,Clonal
P1012,TTR151-20161012,CD4,CD4_C12-CTLA4,CRC.P1012_C000024:2,Clonal
P1012,TTY114-20161012,CD4,CD4_C12-CTLA4,CRC.P1012_C000024:2,Clonal
P1012,TTC23-161012-ZL,CD8,CD8_C07-LAYN,CRC.P1012_C000030:2,Clonal
P1012,TTC1-161012-ZL,CD8,CD8_C07-LAYN,CRC.P1012_C000030:2,Clonal
P1012,TTH18-161012,CD4,CD4_C07-GZMK,CRC.P1012_C000037:2,Clonal
P1012,TTH22-161012,DN,NA,CRC.P1012_C000037:2,Clonal
P1012,TTH144-20161012,CD4,CD4_C05-CXCR6,CRC.P1012_C000045:2,Clonal
P1012,TTH107-20161012,CD4,CD4_C05-CXCR6,CRC.P1012_C000045:2,Clonal
P1012,TTC81-161012-ZL,CD8,CD8_C04-GZMK,CRC.P1012_C000083:2,Clonal
P1012,TTC95-161012-ZL,CD8,CD8_C07-LAYN,CRC.P1012_C000083:2,Clonal
P1012,TTH128-20161012,CD4,CD4_C06-CXCR5,CRC.P1012_C000096:2,Clonal
P1012,TTH190-20161012,other,NA,CRC.P1012_C000096:2,Clonal
P1012,TTH73-161012,CD4,CD4_C10-FOXP3,CRC.P1012_C000104:2,Clonal
P1012,TTY146-20161012,CD4,CD4_C12-CTLA4,CRC.P1012_C000104:2,Clonal
P1012,TTC34-161012-ZL,CD8,CD8_C07-LAYN,CRC.P1012_C000108:2,Clonal
P1012,TTC252-20161012,CD8,CD8_C07-LAYN,CRC.P1012_C000108:2,Clonal
P1012,TTC156-161012-ZL,CD8,CD8_C07-LAYN,CRC.P1012_C000116:2,Clonal
P1012,TTC287-20161012,other,NA,CRC.P1012_C000116:2,Clonal
P1012,TTH172-20161012,CD4,CD4_C09-CXCL13,CRC.P1012_C000117:2,Clonal
P1012,TTY187-20161012,CD4,CD4_C12-CTLA4,CRC.P1012_C000117:2,Clonal
P1012,TTR152-20161012,CD4,CD4_C12-CTLA4,CRC.P1012_C000129:2,Clonal
P1012,TTR55-20161012,other,NA,CRC.P1012_C000129:2,Clonal
P1012,PTH21-20161012,CD4,CD4_C03-GNLY,CRC.P1012_C000139:2,Clonal
P1012,TTH143-20161012,CD4,CD4_C07-GZMK,CRC.P1012_C000139:2,Clonal
P1012,TTC26-161012-ZL,CD8,CD8_C04-GZMK,CRC.P1012_C000142:2,Clonal
P1012,TTC65-161012-ZL,CD8,CD8_C04-GZMK,CRC.P1012_C000142:2,Clonal
P1012,TTY46-20161012,CD4,CD4_C12-CTLA4,CRC.P1012_C000167:2,Clonal
P1012,TTH80-20161012,CD4,CD4_C12-CTLA4,CRC.P1012_C000167:2,Clonal
P1012,PTR87-20161012,CD4,CD4_C10-FOXP3,CRC.P1012_C000186:2,Clonal
P1012,TTR84-161012,CD4,CD4_C12-CTLA4,CRC.P1012_C000186:2,Clonal
P1012,TTH33-161012,CD4,CD4_C07-GZMK,CRC.P1012_C000196:2,Clonal
P1012,TTH2-161012,CD4,CD4_C09-CXCL13,CRC.P1012_C000196:2,Clonal
P1012,TTR39-20161012,DN,NA,CRC.P1012_C000199:2,Clonal
P1012,TTY44-20161012,other,NA,CRC.P1012_C000199:2,Clonal
P1012,PTY92-20161012,CD4,CD4_C02-ANXA1,CRC.P1012_C000201:2,Clonal
P1012,TTY171-20161012,CD4,CD4_C06-CXCR5,CRC.P1012_C000201:2,Clonal
P1012,TTR147-20161012,CD4,CD4_C12-CTLA4,CRC.P1012_C000207:2,Clonal
P1012,TTR66-20161012,CD4,CD4_C12-CTLA4,CRC.P1012_C000207:2,Clonal
P1012,TTY120-20161012,CD4,CD4_C12-CTLA4,CRC.P1012_C000208:2,Clonal
P1012,TTH42-161012,CD4,CD4_C12-CTLA4,CRC.P1012_C000208:2,Clonal
P1012,TTC265-20161012,CD8,CD8_C07-LAYN,CRC.P1012_C000223:2,Clonal
P1012,TTC232-20161012,CD8,CD8_C07-LAYN,CRC.P1012_C000223:2,Clonal
P1012,TTR121-20161012,CD4,CD4_C12-CTLA4,CRC.P1012_C000227:2,Clonal
P1012,TTR166-20161012,CD4,CD4_C12-CTLA4,CRC.P1012_C000227:2,Clonal
P1012,TTC86-161012-ZL,CD8,CD8_C04-GZMK,CRC.P1012_C000229:2,Clonal
P1012,TTC150-161012-ZL,CD8,CD8_C04-GZMK,CRC.P1012_C000229:2,Clonal
P1012,TTR192-20161012,CD4,CD4_C12-CTLA4,CRC.P1012_C000235:2,Clonal
P1012,TTR107-20161012,CD4,CD4_C12-CTLA4,CRC.P1012_C000235:2,Clonal
P1012,PTC49-20161012,CD8,CD8_C03-CX3CR1,CRC.P1012_C000257:2,Clonal
P1012,PTC53-20161012,CD8,CD8_C03-CX3CR1,CRC.P1012_C000257:2,Clonal
P1012,TTC18-161012-ZL,CD8,CD8_C07-LAYN,CRC.P1012_C000264:2,Clonal
P1012,TTC157-161012-ZL,CD8,CD8_C07-LAYN,CRC.P1012_C000264:2,Clonal
P1012,PTR96-20161012,CD4,CD4_C01-CCR7,CRC.P1012_C000268:2,Clonal
P1012,PTR89-20161012,other,NA,CRC.P1012_C000268:2,Clonal
P1012,TTC77-20161012,CD8,CD8_C07-LAYN,CRC.P1012_C000281:2,Clonal
P1012,TTC224-161012-ZL,CD8,CD8_C07-LAYN,CRC.P1012_C000281:2,Clonal
P1012,TTR42-20161012,CD4,CD4_C12-CTLA4,CRC.P1012_C000288:2,Clonal
P1012,TTY35-20161012,DN,NA,CRC.P1012_C000288:2,Clonal
P1012,PTY91-20161012,CD4,CD4_C02-ANXA1,CRC.P1012_C000308:2,Clonal
P1012,PTR1-20161012,CD4,CD4_C02-ANXA1,CRC.P1012_C000308:2,Clonal
P1012,TTR133-20161012,CD4,CD4_C12-CTLA4,CRC.P1012_C000315:2,Clonal
P1012,TTY145-20161012,CD4,CD4_C12-CTLA4,CRC.P1012_C000315:2,Clonal
P1012,TTR99-20161012,CD4,CD4_C12-CTLA4,CRC.P1012_C000318:2,Clonal
P1012,TTR170-20161012,CD4,CD4_C12-CTLA4,CRC.P1012_C000318:2,Clonal
P1012,TTR137-20161012,CD4,CD4_C12-CTLA4,CRC.P1012_C000325:2,Clonal
P1012,TTY34-20161012,CD4,CD4_C12-CTLA4,CRC.P1012_C000325:2,Clonal
P1012,TTC147-161012-ZL,CD8,CD8_C07-LAYN,CRC.P1012_C000335:2,Clonal
P1012,TTC214-161012-ZL,CD8,CD8_C07-LAYN,CRC.P1012_C000335:2,Clonal
P1012,PTC121-20161012,CD8,CD8_C03-CX3CR1,CRC.P1012_C000357:2,Clonal
P1012,PTC14-20161012,CD8,CD8_C03-CX3CR1,CRC.P1012_C000357:2,Clonal
P1012,TTC165-161012-ZL,CD8,CD8_C07-LAYN,CRC.P1012_C000372:2,Clonal
P1012,TTC215-161012-ZL,CD8,CD8_C07-LAYN,CRC.P1012_C000372:2,Clonal
P1012,TTR122-20161012,CD4,CD4_C12-CTLA4,CRC.P1012_C000383:2,Clonal
P1012,TTR3-20161012,CD4,CD4_C12-CTLA4,CRC.P1012_C000383:2,Clonal
P1012,TTC244-161012-ZL,CD8,CD8_C04-GZMK,CRC.P1012_C000385:2,Clonal
P1012,TTC45-161012-ZL,CD8,CD8_C04-GZMK,CRC.P1012_C000385:2,Clonal
P1012,TTR184-20161012,CD4,CD4_C12-CTLA4,CRC.P1012_C000401:2,Clonal
P1012,TTR92-161012,CD4,CD4_C12-CTLA4,CRC.P1012_C000401:2,Clonal
P1012,PTR90-20161012,CD4,CD4_C02-ANXA1,CRC.P1012_C000417:2,Clonal
P1012,PTR56-20161012,DN,NA,CRC.P1012_C000417:2,Clonal
P1012,TTR43-20161012,CD4,CD4_C12-CTLA4,CRC.P1012_C000431:2,Clonal
P1012,TTR187-20161012,other,NA,CRC.P1012_C000431:2,Clonal
P1012,TTY168-20161012,CD4,CD4_C05-CXCR6,CRC.P1012_C000434:2,Clonal
P1012,TTH122-20161012,CD4,CD4_C05-CXCR6,CRC.P1012_C000434:2,Clonal
P1012,PTR85-20161012,CD4,CD4_C10-FOXP3,CRC.P1012_C000435:2,Clonal
P1012,TTR154-20161012,CD4,CD4_C12-CTLA4,CRC.P1012_C000435:2,Clonal
P1012,TTR113-20161012,CD4,CD4_C12-CTLA4,CRC.P1012_C000456:2,Clonal
P1012,TTR188-20161012,DN,NA,CRC.P1012_C000456:2,Clonal
P1012,PTH29-20161012,CD4,CD4_C03-GNLY,CRC.P1012_C000466:2,Clonal
P1012,PTH24-20161012,CD4,CD4_C03-GNLY,CRC.P1012_C000466:2,Clonal
P1012,TTR125-20161012,CD4,CD4_C12-CTLA4,CRC.P1012_C000469:2,Clonal
P1012,TTR120-20161012,CD4,CD4_C12-CTLA4,CRC.P1012_C000469:2,Clonal
P1012,TTR82-161012,CD4,CD4_C12-CTLA4,CRC.P1012_C000516:2,Clonal
P1012,TTR148-20161012,CD4,CD4_C12-CTLA4,CRC.P1012_C000516:2,Clonal
P1012,TTC104-161012-ZL,CD8,CD8_C04-GZMK,CRC.P1012_C000658:2,Clonal
P1012,TTC46-161012-ZL,CD8,CD8_C04-GZMK,CRC.P1012_C000658:2,Clonal
P1012,TTH63-161012,CD4,CD4_C07-GZMK,CRC.P1012_C000671:2,Clonal
P1012,TTY106-20161012,CD4,CD4_C07-GZMK,CRC.P1012_C000671:2,Clonal
P1012,TTC110-161012-ZL,CD8,CD8_C07-LAYN,CRC.P1012_C000790:2,Clonal
P1012,TTC74-161012-ZL,CD8,CD8_C07-LAYN,CRC.P1012_C000790:2,Clonal
P1012,TTR168-20161012,CD4,CD4_C12-CTLA4,CRC.P1012_C000826:2,Clonal
P1012,TTR67-20161012,CD4,CD4_C12-CTLA4,CRC.P1012_C000826:2,Clonal
P1012,TTR96-161012,CD4,CD4_C12-CTLA4,CRC.P1012_C000001:1,NoClonal
P1012,TTY42-20161012,CD4,CD4_C12-CTLA4,CRC.P1012_C000002:1,NoClonal
P1012,TTC67-161012-ZL,other,NA,CRC.P1012_C000003:1,NoClonal
P1012,TTH13-161012,CD4,CD4_C07-GZMK,CRC.P1012_C000004:1,NoClonal
P1012,TTR104-20161012,CD4,CD4_C12-CTLA4,CRC.P1012_C000005:1,NoClonal
P1012,TTC72-161012-ZL,CD8,CD8_C07-LAYN,CRC.P1012_C000006:1,NoClonal
P1012,PTR61-20161012,CD4,CD4_C02-ANXA1,CRC.P1012_C000007:1,NoClonal
P1012,TTC120-161012-ZL,CD8,CD8_C07-LAYN,CRC.P1012_C000008:1,NoClonal
P1012,TTC158-161012-ZL,CD8,CD8_C07-LAYN,CRC.P1012_C000009:1,NoClonal
P1012,TTC112-161012-ZL,CD8,CD8_C07-LAYN,CRC.P1012_C000010:1,NoClonal
P1012,PTY88-20161012,CD4,CD4_C01-CCR7,CRC.P1012_C000011:1,NoClonal
P1012,TTC2-161012-ZL,CD8,CD8_C04-GZMK,CRC.P1012_C000012:1,NoClonal
P1012,TTC143-161012-ZL,CD8,CD8_C01-LEF1,CRC.P1012_C000014:1,NoClonal
P1012,PTR26-20161012,CD4,CD4_C02-ANXA1,CRC.P1012_C000015:1,NoClonal
P1012,TTC70-161012-ZL,CD8,CD8_C04-GZMK,CRC.P1012_C000016:1,NoClonal
P1012,PTR42-20161012,CD4,CD4_C10-FOXP3,CRC.P1012_C000018:1,NoClonal
P1012,TTC53-161012-ZL,CD8,CD8_C07-LAYN,CRC.P1012_C000019:1,NoClonal
P1012,TTC174-161012-ZL,CD8,CD8_C07-LAYN,CRC.P1012_C000021:1,NoClonal
P1012,PTY65-20161012,CD4,CD4_C01-CCR7,CRC.P1012_C000022:1,NoClonal
P1012,TTR176-20161012,CD4,CD4_C12-CTLA4,CRC.P1012_C000023:1,NoClonal
P1012,TTC159-161012-ZL,CD8,CD8_C07-LAYN,CRC.P1012_C000025:1,NoClonal
P1012,TTC102-161012-ZL,CD8,CD8_C07-LAYN,CRC.P1012_C000027:1,NoClonal
P1012,PTY26-20161012,CD4,CD4_C02-ANXA1,CRC.P1012_C000028:1,NoClonal
P1012,TTH183-20161012,CD4,CD4_C04-TCF7,CRC.P1012_C000029:1,NoClonal
P1012,TTR190-20161012,CD4,CD4_C12-CTLA4,CRC.P1012_C000031:1,NoClonal
P1012,PTR69-20161012,CD4,CD4_C10-FOXP3,CRC.P1012_C000032:1,NoClonal
P1012,TTY83-20161012,CD4,CD4_C10-FOXP3,CRC.P1012_C000033:1,NoClonal
P1012,TTC154-161012-ZL,CD8,CD8_C07-LAYN,CRC.P1012_C000035:1,NoClonal
P1012,TTH120-20161012,CD4,CD4_C06-CXCR5,CRC.P1012_C000038:1,NoClonal
P1012,TTY143-20161012,CD4,CD4_C12-CTLA4,CRC.P1012_C000039:1,NoClonal
P1012,TTH45-161012,CD4,CD4_C05-CXCR6,CRC.P1012_C000041:1,NoClonal
P1012,TTY156-20161012,CD4,CD4_C12-CTLA4,CRC.P1012_C000042:1,NoClonal
P1012,TTC199-161012-ZL,CD8,CD8_C04-GZMK,CRC.P1012_C000043:1,NoClonal
P1012,TTC138-161012-ZL,CD8,CD8_C04-GZMK,CRC.P1012_C000044:1,NoClonal
P1012,TTH49-161012,CD4,CD4_C10-FOXP3,CRC.P1012_C000046:1,NoClonal
P1012,TTY89-20161012,CD4,CD4_C02-ANXA1,CRC.P1012_C000047:1,NoClonal
P1012,TTY136-20161012,CD4,CD4_C05-CXCR6,CRC.P1012_C000048:1,NoClonal
P1012,TTH168-20161012,other,NA,CRC.P1012_C000049:1,NoClonal
P1012,PTR48-20161012,CD4,CD4_C02-ANXA1,CRC.P1012_C000051:1,NoClonal
P1012,PTH36-20161012,CD4,CD4_C03-GNLY,CRC.P1012_C000053:1,NoClonal
P1012,PTR46-20161012,CD4,CD4_C03-GNLY,CRC.P1012_C000057:1,NoClonal
P1012,PTY36-20161012,CD4,CD4_C03-GNLY,CRC.P1012_C000060:1,NoClonal
P1012,TTR98-20161012,CD4,CD4_C12-CTLA4,CRC.P1012_C000061:1,NoClonal
P1012,PTC84-20161012,other,NA,CRC.P1012_C000062:1,NoClonal
P1012,PTC119-20161012,CD8,CD8_C08-SLC4A10,CRC.P1012_C000063:1,NoClonal
P1012,PTC54-20161012,other,NA,CRC.P1012_C000064:1,NoClonal
P1012,TTC277-20161012,CD8,CD8_C08-SLC4A10,CRC.P1012_C000065:1,NoClonal
P1012,PTH93-20161012,CD4,CD4_C01-CCR7,CRC.P1012_C000068:1,NoClonal
P1012,PTC115-20161012,CD8,CD8_C08-SLC4A10,CRC.P1012_C000069:1,NoClonal
P1012,PTC74-20161012,CD8,CD8_C08-SLC4A10,CRC.P1012_C000070:1,NoClonal
P1012,PTC88-20161012,CD8,CD8_C02-GPR183,CRC.P1012_C000071:1,NoClonal
P1012,TTC91-161012-ZL,CD8,CD8_C07-LAYN,CRC.P1012_C000072:1,NoClonal
P1012,TTR53-20161012,CD4,CD4_C12-CTLA4,CRC.P1012_C000073:1,NoClonal
P1012,PTY39-20161012,CD4,CD4_C02-ANXA1,CRC.P1012_C000074:1,NoClonal
P1012,PTH80-20161012,DN,NA,CRC.P1012_C000075:1,NoClonal
P1012,PTY43-20161012,other,NA,CRC.P1012_C000076:1,NoClonal
P1012,TTH178-20161012,CD4,CD4_C06-CXCR5,CRC.P1012_C000077:1,NoClonal
P1012,PTR76-20161012,CD4,CD4_C02-ANXA1,CRC.P1012_C000078:1,NoClonal
P1012,TTH47-161012,CD4,CD4_C05-CXCR6,CRC.P1012_C000079:1,NoClonal
P1012,TTY163-20161012,CD4,CD4_C05-CXCR6,CRC.P1012_C000081:1,NoClonal
P1012,TTC68-161012-ZL,CD8,CD8_C07-LAYN,CRC.P1012_C000082:1,NoClonal
P1012,TTH51-161012,CD4,CD4_C04-TCF7,CRC.P1012_C000084:1,NoClonal
P1012,TTC56-161012-ZL,CD8,CD8_C04-GZMK,CRC.P1012_C000085:1,NoClonal
P1012,TTY45-20161012,CD4,CD4_C05-CXCR6,CRC.P1012_C000086:1,NoClonal
P1012,TTH189-20161012,DP,NA,CRC.P1012_C000088:1,NoClonal
P1012,PTR49-20161012,DN,NA,CRC.P1012_C000089:1,NoClonal
P1012,TTR14-20161012,CD4,CD4_C12-CTLA4,CRC.P1012_C000090:1,NoClonal
P1012,TTY149-20161012,DN,NA,CRC.P1012_C000091:1,NoClonal
P1012,PTC65-20161012,CD8,CD8_C01-LEF1,CRC.P1012_C000092:1,NoClonal
P1012,TTY72-20161012,DN,NA,CRC.P1012_C000094:1,NoClonal
P1012,TTC228-20161012,CD8,CD8_C07-LAYN,CRC.P1012_C000095:1,NoClonal
P1012,TTY86-20161012,CD4,CD4_C12-CTLA4,CRC.P1012_C000097:1,NoClonal
P1012,TTH171-20161012,CD4,CD4_C05-CXCR6,CRC.P1012_C000098:1,NoClonal
P1012,TTC108-161012-ZL,CD8,CD8_C07-LAYN,CRC.P1012_C000099:1,NoClonal
P1012,PTR50-20161012,CD4,CD4_C02-ANXA1,CRC.P1012_C000100:1,NoClonal
P1012,TTC39-161012-ZL,CD8,CD8_C07-LAYN,CRC.P1012_C000103:1,NoClonal
P1012,TTH60-161012,CD4,CD4_C04-TCF7,CRC.P1012_C000105:1,NoClonal
P1012,PTY44-20161012,CD4,CD4_C02-ANXA1,CRC.P1012_C000106:1,NoClonal
P1012,TTC249-20161012,CD8,CD8_C07-LAYN,CRC.P1012_C000107:1,NoClonal
P1012,TTC192-161012-ZL,CD8,CD8_C07-LAYN,CRC.P1012_C000109:1,NoClonal
P1012,PTH72-20161012,CD4,CD4_C01-CCR7,CRC.P1012_C000110:1,NoClonal
P1012,TTH192-20161012,CD4,CD4_C04-TCF7,CRC.P1012_C000111:1,NoClonal
P1012,TTR78-161012,CD4,CD4_C12-CTLA4,CRC.P1012_C000112:1,NoClonal
P1012,TTR59-20161012,CD4,CD4_C12-CTLA4,CRC.P1012_C000118:1,NoClonal
P1012,PTY16-20161012,CD4,CD4_C10-FOXP3,CRC.P1012_C000119:1,NoClonal
P1012,TTY119-20161012,CD4,CD4_C12-CTLA4,CRC.P1012_C000120:1,NoClonal
P1012,PTR22-20161012,DN,NA,CRC.P1012_C000121:1,NoClonal
P1012,TTC241-161012-ZL,CD8,CD8_C08-SLC4A10,CRC.P1012_C000122:1,NoClonal
P1012,PTC23-20161012,CD8,CD8_C08-SLC4A10,CRC.P1012_C000123:1,NoClonal
P1012,TTR45-20161012,CD4,CD4_C12-CTLA4,CRC.P1012_C000125:1,NoClonal
P1012,PTY58-20161012,CD4,CD4_C04-TCF7,CRC.P1012_C000126:1,NoClonal
P1012,TTY157-20161012,CD4,CD4_C12-CTLA4,CRC.P1012_C000127:1,NoClonal
P1012,TTY107-20161012,CD4,CD4_C02-ANXA1,CRC.P1012_C000128:1,NoClonal
P1012,PTY83-20161012,CD4,CD4_C02-ANXA1,CRC.P1012_C000130:1,NoClonal
P1012,TTC213-161012-ZL,CD8,CD8_C04-GZMK,CRC.P1012_C000131:1,NoClonal
P1012,TTR86-161012,CD4,CD4_C12-CTLA4,CRC.P1012_C000132:1,NoClonal
P1012,PTC89-20161012,CD8,CD8_C03-CX3CR1,CRC.P1012_C000135:1,NoClonal
P1012,TTH91-20161012,CD4,CD4_C05-CXCR6,CRC.P1012_C000136:1,NoClonal
P1012,TTH101-20161012,CD4,CD4_C07-GZMK,CRC.P1012_C000138:1,NoClonal
P1012,PTR32-20161012,CD4,CD4_C10-FOXP3,CRC.P1012_C000140:1,NoClonal
P1012,TTH164-20161012,CD4,CD4_C06-CXCR5,CRC.P1012_C000143:1,NoClonal
P1012,TTH94-20161012,CD4,CD4_C05-CXCR6,CRC.P1012_C000144:1,NoClonal
P1012,TTC187-161012-ZL,CD8,CD8_C01-LEF1,CRC.P1012_C000145:1,NoClonal
P1012,TTC133-161012-ZL,CD8,CD8_C08-SLC4A10,CRC.P1012_C000147:1,NoClonal
P1012,PTY79-20161012,CD4,CD4_C01-CCR7,CRC.P1012_C000148:1,NoClonal
P1012,TTR25-20161012,CD4,CD4_C12-CTLA4,CRC.P1012_C000149:1,NoClonal
P1012,PTR59-20161012,CD4,CD4_C02-ANXA1,CRC.P1012_C000151:1,NoClonal
P1012,PTR60-20161012,CD4,CD4_C02-ANXA1,CRC.P1012_C000152:1,NoClonal
P1012,TTY190-20161012,CD4,CD4_C12-CTLA4,CRC.P1012_C000153:1,NoClonal
P1012,PTR16-20161012,CD4,CD4_C10-FOXP3,CRC.P1012_C000154:1,NoClonal
P1012,TTR112-20161012,CD4,CD4_C12-CTLA4,CRC.P1012_C000155:1,NoClonal
P1012,TTC217-20161012,CD8,CD8_C07-LAYN,CRC.P1012_C000156:1,NoClonal
P1012,PTY78-20161012,CD4,CD4_C01-CCR7,CRC.P1012_C000157:1,NoClonal
P1012,TTC89-161012-ZL,CD8,CD8_C04-GZMK,CRC.P1012_C000158:1,NoClonal
P1012,TTC51-161012-ZL,CD8,CD8_C07-LAYN,CRC.P1012_C000159:1,NoClonal
P1012,PTY71-20161012,CD4,CD4_C01-CCR7,CRC.P1012_C000160:1,NoClonal
P1012,TTC242-161012-ZL,CD8,CD8_C04-GZMK,CRC.P1012_C000161:1,NoClonal
P1012,TTH127-20161012,CD4,CD4_C05-CXCR6,CRC.P1012_C000162:1,NoClonal
P1012,TTR29-20161012,CD4,CD4_C12-CTLA4,CRC.P1012_C000163:1,NoClonal
P1012,TTY154-20161012,DN,NA,CRC.P1012_C000164:1,NoClonal
P1012,TTC15-161012-ZL,CD8,CD8_C07-LAYN,CRC.P1012_C000165:1,NoClonal
P1012,PTY81-20161012,DN,NA,CRC.P1012_C000168:1,NoClonal
P1012,PTY34-20161012,CD4,CD4_C02-ANXA1,CRC.P1012_C000170:1,NoClonal
P1012,PTH56-20161012,CD4,CD4_C02-ANXA1,CRC.P1012_C000171:1,NoClonal
P1012,TTH134-20161012,CD4,CD4_C04-TCF7,CRC.P1012_C000172:1,NoClonal
P1012,PTH83-20161012,CD4,CD4_C03-GNLY,CRC.P1012_C000174:1,NoClonal
P1012,TTC163-161012-ZL,CD8,CD8_C07-LAYN,CRC.P1012_C000175:1,NoClonal
P1012,TTH30-161012,other,NA,CRC.P1012_C000176:1,NoClonal
P1012,TTY101-20161012,CD4,CD4_C09-CXCL13,CRC.P1012_C000177:1,NoClonal
P1012,PTR51-20161012,DN,NA,CRC.P1012_C000178:1,NoClonal
P1012,PTH63-20161012,other,NA,CRC.P1012_C000179:1,NoClonal
P1012,TTY113-20161012,CD4,CD4_C10-FOXP3,CRC.P1012_C000180:1,NoClonal
P1012,PTY8-20161012,CD4,CD4_C02-ANXA1,CRC.P1012_C000182:1,NoClonal
P1012,PTR23-20161012,CD4,CD4_C10-FOXP3,CRC.P1012_C000183:1,NoClonal
P1012,TTY172-20161012,other,NA,CRC.P1012_C000184:1,NoClonal
P1012,TTR89-161012,CD4,CD4_C12-CTLA4,CRC.P1012_C000185:1,NoClonal
P1012,TTY50-20161012,CD4,CD4_C10-FOXP3,CRC.P1012_C000187:1,NoClonal
P1012,PTH9-20161012,CD4,CD4_C01-CCR7,CRC.P1012_C000188:1,NoClonal
P1012,PTY72-20161012,DN,NA,CRC.P1012_C000192:1,NoClonal
P1012,TTC216-20161012,CD8,CD8_C07-LAYN,CRC.P1012_C000193:1,NoClonal
P1012,TTY103-20161012,other,NA,CRC.P1012_C000194:1,NoClonal
P1012,PTY90-20161012,CD4,CD4_C01-CCR7,CRC.P1012_C000195:1,NoClonal
P1012,TTH175-20161012,CD4,CD4_C09-CXCL13,CRC.P1012_C000197:1,NoClonal
P1012,TTC227-161012-ZL,CD8,CD8_C07-LAYN,CRC.P1012_C000198:1,NoClonal
P1012,TTY148-20161012,CD4,CD4_C04-TCF7,CRC.P1012_C000202:1,NoClonal
P1012,TTH17-161012,CD4,CD4_C09-CXCL13,CRC.P1012_C000203:1,NoClonal
P1012,PTY28-20161012,CD4,CD4_C03-GNLY,CRC.P1012_C000204:1,NoClonal
P1012,PTR30-20161012,CD4,CD4_C02-ANXA1,CRC.P1012_C000205:1,NoClonal
P1012,PTR74-20161012,CD4,CD4_C10-FOXP3,CRC.P1012_C000206:1,NoClonal
P1012,TTY176-20161012,other,NA,CRC.P1012_C000209:1,NoClonal
P1012,TTH184-20161012,CD4,CD4_C04-TCF7,CRC.P1012_C000210:1,NoClonal
P1012,PTY21-20161012,CD4,CD4_C02-ANXA1,CRC.P1012_C000211:1,NoClonal
P1012,TTH131-20161012,CD4,CD4_C04-TCF7,CRC.P1012_C000212:1,NoClonal
P1012,TTY87-20161012,DN,NA,CRC.P1012_C000213:1,NoClonal
P1012,TTH104-20161012,CD4,CD4_C09-CXCL13,CRC.P1012_C000214:1,NoClonal
P1012,TTC210-161012-ZL,CD8,CD8_C07-LAYN,CRC.P1012_C000215:1,NoClonal
P1012,TTR167-20161012,other,NA,CRC.P1012_C000216:1,NoClonal
P1012,PTH49-20161012,CD4,CD4_C01-CCR7,CRC.P1012_C000218:1,NoClonal
P1012,PTH22-20161012,other,NA,CRC.P1012_C000219:1,NoClonal
P1012,TTR126-20161012,CD4,CD4_C12-CTLA4,CRC.P1012_C000220:1,NoClonal
P1012,TTR139-20161012,CD4,CD4_C10-FOXP3,CRC.P1012_C000221:1,NoClonal
P1012,TTC176-161012-ZL,CD8,CD8_C01-LEF1,CRC.P1012_C000222:1,NoClonal
P1012,TTH160-20161012,CD4,CD4_C10-FOXP3,CRC.P1012_C000224:1,NoClonal
P1012,PTR58-20161012,CD4,CD4_C10-FOXP3,CRC.P1012_C000225:1,NoClonal
P1012,TTR40-20161012,CD4,CD4_C12-CTLA4,CRC.P1012_C000226:1,NoClonal
P1012,PTR94-20161012,CD4,CD4_C02-ANXA1,CRC.P1012_C000230:1,NoClonal
P1012,TTY82-20161012,CD4,CD4_C05-CXCR6,CRC.P1012_C000232:1,NoClonal
P1012,TTH21-161012,CD4,CD4_C05-CXCR6,CRC.P1012_C000233:1,NoClonal
P1012,TTH8-161012,DN,NA,CRC.P1012_C000234:1,NoClonal
P1012,TTR70-161012,CD4,CD4_C12-CTLA4,CRC.P1012_C000237:1,NoClonal
P1012,TTC162-161012-ZL,CD8,CD8_C04-GZMK,CRC.P1012_C000238:1,NoClonal
P1012,TTH136-20161012,CD4,CD4_C03-GNLY,CRC.P1012_C000239:1,NoClonal
P1012,TTH76-161012,CD4,CD4_C05-CXCR6,CRC.P1012_C000241:1,NoClonal
P1012,TTY91-20161012,DN,NA,CRC.P1012_C000242:1,NoClonal
P1012,TTC188-161012-ZL,CD8,CD8_C07-LAYN,CRC.P1012_C000244:1,NoClonal
P1012,TTC16-161012-ZL,CD8,CD8_C07-LAYN,CRC.P1012_C000245:1,NoClonal
P1012,PTR9-20161012,CD4,CD4_C10-FOXP3,CRC.P1012_C000246:1,NoClonal
P1012,TTR11-20161012,CD4,CD4_C12-CTLA4,CRC.P1012_C000247:1,NoClonal
P1012,PTR14-20161012,other,NA,CRC.P1012_C000248:1,NoClonal
P1012,PTR44-20161012,CD4,CD4_C10-FOXP3,CRC.P1012_C000249:1,NoClonal
P1012,TTC234-161012-ZL,CD8,CD8_C04-GZMK,CRC.P1012_C000250:1,NoClonal
P1012,PTY45-20161012,CD4,CD4_C01-CCR7,CRC.P1012_C000251:1,NoClonal
P1012,PTH68-20161012,CD4,CD4_C01-CCR7,CRC.P1012_C000252:1,NoClonal
P1012,TTY84-20161012,CD4,CD4_C05-CXCR6,CRC.P1012_C000253:1,NoClonal
P1012,PTY30-20161012,CD4,CD4_C04-TCF7,CRC.P1012_C000254:1,NoClonal
P1012,TTC149-161012-ZL,CD8,CD8_C07-LAYN,CRC.P1012_C000258:1,NoClonal
P1012,TTC173-161012-ZL,CD8,CD8_C04-GZMK,CRC.P1012_C000259:1,NoClonal
P1012,TTC13-161012-ZL,CD8,CD8_C07-LAYN,CRC.P1012_C000260:1,NoClonal
P1012,TTR171-20161012,CD4,CD4_C12-CTLA4,CRC.P1012_C000261:1,NoClonal
P1012,TTH97-20161012,CD4,CD4_C05-CXCR6,CRC.P1012_C000262:1,NoClonal
P1012,TTC140-161012-ZL,CD8,CD8_C07-LAYN,CRC.P1012_C000263:1,NoClonal
P1012,TTY130-20161012,CD4,CD4_C12-CTLA4,CRC.P1012_C000265:1,NoClonal
P1012,PTR24-20161012,CD4,CD4_C02-ANXA1,CRC.P1012_C000266:1,NoClonal
P1012,TTY151-20161012,CD4,CD4_C10-FOXP3,CRC.P1012_C000267:1,NoClonal
P1012,TTR156-20161012,CD4,CD4_C12-CTLA4,CRC.P1012_C000269:1,NoClonal
P1012,TTC31-161012-ZL,CD8,CD8_C07-LAYN,CRC.P1012_C000270:1,NoClonal
P1012,PTY22-20161012,CD4,CD4_C02-ANXA1,CRC.P1012_C000272:1,NoClonal
P1012,TTC260-20161012,CD8,CD8_C07-LAYN,CRC.P1012_C000273:1,NoClonal
P1012,TTR177-20161012,CD4,CD4_C12-CTLA4,CRC.P1012_C000274:1,NoClonal
P1012,TTR36-20161012,CD4,CD4_C12-CTLA4,CRC.P1012_C000275:1,NoClonal
P1012,TTR2-20161012,other,NA,CRC.P1012_C000276:1,NoClonal
P1012,PTR38-20161012,CD4,CD4_C10-FOXP3,CRC.P1012_C000277:1,NoClonal
P1012,PTR95-20161012,CD4,CD4_C01-CCR7,CRC.P1012_C000278:1,NoClonal
P1012,TTR49-20161012,CD4,CD4_C12-CTLA4,CRC.P1012_C000279:1,NoClonal
P1012,TTC169-161012-ZL,CD8,CD8_C07-LAYN,CRC.P1012_C000280:1,NoClonal
P1012,PTR78-20161012,DN,NA,CRC.P1012_C000282:1,NoClonal
P1012,TTC3-161012-ZL,CD8,CD8_C04-GZMK,CRC.P1012_C000283:1,NoClonal
P1012,PTC63-20161012,CD8,CD8_C01-LEF1,CRC.P1012_C000284:1,NoClonal
P1012,PTY20-20161012,other,NA,CRC.P1012_C000285:1,NoClonal
P1012,PTY70-20161012,other,NA,CRC.P1012_C000286:1,NoClonal
P1012,PTY7-20161012,CD4,CD4_C01-CCR7,CRC.P1012_C000287:1,NoClonal
P1012,TTY144-20161012,CD4,CD4_C07-GZMK,CRC.P1012_C000289:1,NoClonal
P1012,TTC145-161012-ZL,CD8,CD8_C04-GZMK,CRC.P1012_C000291:1,NoClonal
P1012,PTR39-20161012,CD4,CD4_C02-ANXA1,CRC.P1012_C000292:1,NoClonal
P1012,TTR56-20161012,CD4,CD4_C12-CTLA4,CRC.P1012_C000293:1,NoClonal
P1012,TTR72-161012,CD4,CD4_C12-CTLA4,CRC.P1012_C000294:1,NoClonal
P1012,TTR91-161012,CD4,CD4_C12-CTLA4,CRC.P1012_C000295:1,NoClonal
P1012,TTR6-20161012,CD4,CD4_C12-CTLA4,CRC.P1012_C000296:1,NoClonal
P1012,TTH64-161012,CD4,CD4_C09-CXCL13,CRC.P1012_C000297:1,NoClonal
P1012,PTR40-20161012,DN,NA,CRC.P1012_C000298:1,NoClonal
P1012,TTR169-20161012,CD4,CD4_C12-CTLA4,CRC.P1012_C000299:1,NoClonal
P1012,PTY80-20161012,CD4,CD4_C02-ANXA1,CRC.P1012_C000301:1,NoClonal
P1012,PTR35-20161012,CD4,CD4_C02-ANXA1,CRC.P1012_C000302:1,NoClonal
P1012,PTR91-20161012,CD4,CD4_C10-FOXP3,CRC.P1012_C000303:1,NoClonal
P1012,TTC5-161012-ZL,CD8,CD8_C07-LAYN,CRC.P1012_C000304:1,NoClonal
P1012,PTC132-20161012,CD8,CD8_C01-LEF1,CRC.P1012_C000305:1,NoClonal
P1012,TTY181-20161012,CD4,CD4_C10-FOXP3,CRC.P1012_C000306:1,NoClonal
P1012,TTC223-161012-ZL,CD8,CD8_C04-GZMK,CRC.P1012_C000307:1,NoClonal
P1012,TTH147-20161012,CD4,CD4_C05-CXCR6,CRC.P1012_C000309:1,NoClonal
P1012,TTY66-20161012,CD4,CD4_C05-CXCR6,CRC.P1012_C000310:1,NoClonal
P1012,TTH52-161012,CD4,CD4_C05-CXCR6,CRC.P1012_C000311:1,NoClonal
P1012,TTC264-20161012,CD8,CD8_C07-LAYN,CRC.P1012_C000312:1,NoClonal
P1012,PTH79-20161012,CD4,CD4_C10-FOXP3,CRC.P1012_C000313:1,NoClonal
P1012,PTY35-20161012,CD4,CD4_C02-ANXA1,CRC.P1012_C000314:1,NoClonal
P1012,PTH86-20161012,CD4,CD4_C01-CCR7,CRC.P1012_C000316:1,NoClonal
P1012,TTH48-161012,DN,NA,CRC.P1012_C000317:1,NoClonal
P1012,TTH119-20161012,CD4,CD4_C04-TCF7,CRC.P1012_C000319:1,NoClonal
P1012,TTY100-20161012,CD4,CD4_C12-CTLA4,CRC.P1012_C000320:1,NoClonal
P1012,TTR10-20161012,CD4,CD4_C12-CTLA4,CRC.P1012_C000321:1,NoClonal
P1012,TTY77-20161012,CD4,CD4_C11-IL10,CRC.P1012_C000322:1,NoClonal
P1012,TTY173-20161012,CD4,CD4_C05-CXCR6,CRC.P1012_C000323:1,NoClonal
P1012,TTH88-20161012,CD4,CD4_C05-CXCR6,CRC.P1012_C000324:1,NoClonal
P1012,TTR155-20161012,other,NA,CRC.P1012_C000326:1,NoClonal
P1012,PTC7-20161012,CD8,CD8_C08-SLC4A10,CRC.P1012_C000327:1,NoClonal
P1012,PTC51-20161012,CD8,CD8_C08-SLC4A10,CRC.P1012_C000328:1,NoClonal
P1012,PTR81-20161012,CD4,CD4_C02-ANXA1,CRC.P1012_C000329:1,NoClonal
P1012,TTC279-20161012,CD8,CD8_C07-LAYN,CRC.P1012_C000330:1,NoClonal
P1012,TTH36-161012,CD4,CD4_C05-CXCR6,CRC.P1012_C000331:1,NoClonal
P1012,PTR55-20161012,CD4,CD4_C10-FOXP3,CRC.P1012_C000332:1,NoClonal
P1012,PTR5-20161012,CD4,CD4_C01-CCR7,CRC.P1012_C000333:1,NoClonal
P1012,TTH41-161012,CD4,CD4_C05-CXCR6,CRC.P1012_C000334:1,NoClonal
P1012,TTR116-20161012,CD4,CD4_C12-CTLA4,CRC.P1012_C000338:1,NoClonal
P1012,TTC226-161012-ZL,CD8,CD8_C07-LAYN,CRC.P1012_C000339:1,NoClonal
P1012,PTR86-20161012,CD4,CD4_C02-ANXA1,CRC.P1012_C000340:1,NoClonal
P1012,TTC137-161012-ZL,CD8,CD8_C07-LAYN,CRC.P1012_C000341:1,NoClonal
P1012,PTR10-20161012,CD4,CD4_C10-FOXP3,CRC.P1012_C000342:1,NoClonal
P1012,TTR181-20161012,CD4,CD4_C12-CTLA4,CRC.P1012_C000343:1,NoClonal
P1012,TTR141-20161012,CD4,CD4_C12-CTLA4,CRC.P1012_C000344:1,NoClonal
P1012,TTH43-161012,CD4,CD4_C04-TCF7,CRC.P1012_C000345:1,NoClonal
P1012,PTH4-20161012,CD4,CD4_C01-CCR7,CRC.P1012_C000346:1,NoClonal
P1012,PTH69-20161012,other,NA,CRC.P1012_C000348:1,NoClonal
P1012,PTR83-20161012,CD4,CD4_C02-ANXA1,CRC.P1012_C000349:1,NoClonal
P1012,TTC141-161012-ZL,CD8,CD8_C07-LAYN,CRC.P1012_C000351:1,NoClonal
P1012,TTH27-161012,DN,NA,CRC.P1012_C000352:1,NoClonal
P1012,TTC185-161012-ZL,CD8,CD8_C07-LAYN,CRC.P1012_C000353:1,NoClonal
P1012,TTR79-161012,CD4,CD4_C12-CTLA4,CRC.P1012_C000354:1,NoClonal
P1012,PTC45-20161012,CD8,CD8_C04-GZMK,CRC.P1012_C000355:1,NoClonal
P1012,PTC2-20161012,other,NA,CRC.P1012_C000356:1,NoClonal
P1012,PTR82-20161012,CD4,CD4_C02-ANXA1,CRC.P1012_C000358:1,NoClonal
P1012,TTH180-20161012,CD4,CD4_C04-TCF7,CRC.P1012_C000359:1,NoClonal
P1012,TTR31-20161012,CD4,CD4_C12-CTLA4,CRC.P1012_C000361:1,NoClonal
P1012,TTY128-20161012,CD4,CD4_C05-CXCR6,CRC.P1012_C000363:1,NoClonal
P1012,TTR130-20161012,CD4,CD4_C12-CTLA4,CRC.P1012_C000364:1,NoClonal
P1012,PTH70-20161012,CD4,CD4_C01-CCR7,CRC.P1012_C000365:1,NoClonal
P1012,PTH7-20161012,CD4,CD4_C05-CXCR6,CRC.P1012_C000367:1,NoClonal
P1012,TTC8-161012-ZL,CD8,CD8_C04-GZMK,CRC.P1012_C000368:1,NoClonal
P1012,TTY153-20161012,CD4,CD4_C12-CTLA4,CRC.P1012_C000370:1,NoClonal
P1012,TTH11-161012,CD4,CD4_C07-GZMK,CRC.P1012_C000371:1,NoClonal
P1012,PTR15-20161012,CD4,CD4_C02-ANXA1,CRC.P1012_C000374:1,NoClonal
P1012,PTR79-20161012,CD4,CD4_C02-ANXA1,CRC.P1012_C000375:1,NoClonal
P1012,TTR180-20161012,other,NA,CRC.P1012_C000376:1,NoClonal
P1012,TTR143-20161012,CD4,CD4_C08-IL23R,CRC.P1012_C000377:1,NoClonal
P1012,PTR6-20161012,DN,NA,CRC.P1012_C000378:1,NoClonal
P1012,TTC219-161012-ZL,CD8,CD8_C04-GZMK,CRC.P1012_C000379:1,NoClonal
P1012,PTH96-20161012,DN,NA,CRC.P1012_C000380:1,NoClonal
P1012,TTH148-20161012,CD4,CD4_C06-CXCR5,CRC.P1012_C000381:1,NoClonal
P1012,TTC286-20161012,CD8,CD8_C07-LAYN,CRC.P1012_C000382:1,NoClonal
P1012,TTH108-20161012,other,NA,CRC.P1012_C000384:1,NoClonal
P1012,TTR165-20161012,CD4,CD4_C12-CTLA4,CRC.P1012_C000388:1,NoClonal
P1012,TTY166-20161012,CD4,CD4_C05-CXCR6,CRC.P1012_C000389:1,NoClonal
P1012,TTH129-20161012,CD4,CD4_C08-IL23R,CRC.P1012_C000390:1,NoClonal
P1012,PTR45-20161012,DN,NA,CRC.P1012_C000391:1,NoClonal
P1012,TTH74-161012,CD4,CD4_C07-GZMK,CRC.P1012_C000392:1,NoClonal
P1012,TTY85-20161012,CD4,CD4_C09-CXCL13,CRC.P1012_C000393:1,NoClonal
P1012,PTY63-20161012,DN,NA,CRC.P1012_C000395:1,NoClonal
P1012,TTH153-20161012,CD4,CD4_C12-CTLA4,CRC.P1012_C000396:1,NoClonal
P1012,TTC130-161012-ZL,CD8,CD8_C07-LAYN,CRC.P1012_C000398:1,NoClonal
P1012,TTH187-20161012,CD4,CD4_C12-CTLA4,CRC.P1012_C000399:1,NoClonal
P1012,PTY14-20161012,CD4,CD4_C02-ANXA1,CRC.P1012_C000400:1,NoClonal
P1012,TTR81-161012,CD4,CD4_C12-CTLA4,CRC.P1012_C000402:1,NoClonal
P1012,PTH1-20161012,other,NA,CRC.P1012_C000403:1,NoClonal
P1012,TTY78-20161012,CD4,CD4_C12-CTLA4,CRC.P1012_C000405:1,NoClonal
P1012,TTC32-161012-ZL,CD8,CD8_C07-LAYN,CRC.P1012_C000406:1,NoClonal
P1012,TTH135-20161012,CD4,CD4_C05-CXCR6,CRC.P1012_C000407:1,NoClonal
P1012,TTY117-20161012,CD4,CD4_C05-CXCR6,CRC.P1012_C000408:1,NoClonal
P1012,TTC263-20161012,CD8,CD8_C04-GZMK,CRC.P1012_C000409:1,NoClonal
P1012,TTC268-20161012,CD8,CD8_C07-LAYN,CRC.P1012_C000410:1,NoClonal
P1012,PTH50-20161012,CD4,CD4_C04-TCF7,CRC.P1012_C000411:1,NoClonal
P1012,TTC90-161012-ZL,CD8,CD8_C07-LAYN,CRC.P1012_C000412:1,NoClonal
P1012,TTH125-20161012,CD4,CD4_C05-CXCR6,CRC.P1012_C000413:1,NoClonal
P1012,TTY158-20161012,CD4,CD4_C12-CTLA4,CRC.P1012_C000414:1,NoClonal
P1012,TTH141-20161012,CD4,CD4_C05-CXCR6,CRC.P1012_C000415:1,NoClonal
P1012,TTY150-20161012,CD4,CD4_C05-CXCR6,CRC.P1012_C000416:1,NoClonal
P1012,TTH62-161012,CD4,CD4_C09-CXCL13,CRC.P1012_C000418:1,NoClonal
P1012,TTR153-20161012,CD4,CD4_C10-FOXP3,CRC.P1012_C000419:1,NoClonal
P1012,TTH111-20161012,CD4,CD4_C12-CTLA4,CRC.P1012_C000420:1,NoClonal
P1012,PTR54-20161012,other,NA,CRC.P1012_C000421:1,NoClonal
P1012,PTR36-20161012,CD4,CD4_C10-FOXP3,CRC.P1012_C000424:1,NoClonal
P1012,PTH42-20161012,CD4,CD4_C01-CCR7,CRC.P1012_C000425:1,NoClonal
P1012,TTH38-161012,CD4,CD4_C06-CXCR5,CRC.P1012_C000426:1,NoClonal
P1012,TTH146-20161012,CD4,CD4_C04-TCF7,CRC.P1012_C000427:1,NoClonal
P1012,TTY183-20161012,DN,NA,CRC.P1012_C000428:1,NoClonal
P1012,TTR123-20161012,CD4,CD4_C12-CTLA4,CRC.P1012_C000429:1,NoClonal
P1012,TTR100-20161012,CD4,CD4_C12-CTLA4,CRC.P1012_C000430:1,NoClonal
P1012,TTY159-20161012,CD4,CD4_C11-IL10,CRC.P1012_C000432:1,NoClonal
P1012,TTR12-20161012,other,NA,CRC.P1012_C000433:1,NoClonal
P1012,TTY75-20161012,CD4,CD4_C08-IL23R,CRC.P1012_C000436:1,NoClonal
P1012,PTY86-20161012,CD4,CD4_C01-CCR7,CRC.P1012_C000437:1,NoClonal
P1012,TTR134-20161012,CD4,CD4_C12-CTLA4,CRC.P1012_C000439:1,NoClonal
P1012,TTC195-161012-ZL,CD8,CD8_C07-LAYN,CRC.P1012_C000440:1,NoClonal
P1012,PTY46-20161012,CD4,CD4_C02-ANXA1,CRC.P1012_C000441:1,NoClonal
P1012,TTY47-20161012,CD4,CD4_C12-CTLA4,CRC.P1012_C000442:1,NoClonal
P1012,TTY98-20161012,CD4,CD4_C12-CTLA4,CRC.P1012_C000443:1,NoClonal
P1012,PTR62-20161012,CD4,CD4_C02-ANXA1,CRC.P1012_C000444:1,NoClonal
P1012,TTR47-20161012,other,NA,CRC.P1012_C000445:1,NoClonal
P1012,TTH112-20161012,CD4,CD4_C09-CXCL13,CRC.P1012_C000446:1,NoClonal
P1012,TTY39-20161012,CD4,CD4_C12-CTLA4,CRC.P1012_C000447:1,NoClonal
P1012,TTR174-20161012,CD4,CD4_C12-CTLA4,CRC.P1012_C000448:1,NoClonal
P1012,TTC270-20161012,CD8,CD8_C07-LAYN,CRC.P1012_C000449:1,NoClonal
P1012,TTH53-161012,DN,NA,CRC.P1012_C000450:1,NoClonal
P1012,PTH47-20161012,CD4,CD4_C02-ANXA1,CRC.P1012_C000451:1,NoClonal
P1012,TTR158-20161012,CD4,CD4_C12-CTLA4,CRC.P1012_C000452:1,NoClonal
P1012,PTH67-20161012,CD4,CD4_C02-ANXA1,CRC.P1012_C000453:1,NoClonal
P1012,TTC267-20161012,CD8,CD8_C04-GZMK,CRC.P1012_C000454:1,NoClonal
P1012,PTR75-20161012,DN,NA,CRC.P1012_C000455:1,NoClonal
P1012,PTH51-20161012,other,NA,CRC.P1012_C000457:1,NoClonal
P1012,TTC50-161012-ZL,CD8,CD8_C07-LAYN,CRC.P1012_C000458:1,NoClonal
P1012,PTR65-20161012,other,NA,CRC.P1012_C000459:1,NoClonal
P1012,TTH77-161012,CD4,CD4_C12-CTLA4,CRC.P1012_C000460:1,NoClonal
P1012,TTY105-20161012,CD4,CD4_C05-CXCR6,CRC.P1012_C000462:1,NoClonal
P1012,TTY126-20161012,CD4,CD4_C12-CTLA4,CRC.P1012_C000463:1,NoClonal
P1012,PTC5-20161012,CD8,CD8_C01-LEF1,CRC.P1012_C000464:1,NoClonal
P1012,PTH37-20161012,DN,NA,CRC.P1012_C000465:1,NoClonal
P1012,PTR37-20161012,CD4,CD4_C10-FOXP3,CRC.P1012_C000467:1,NoClonal
P1012,TTC17-161012-ZL,CD8,CD8_C07-LAYN,CRC.P1012_C000468:1,NoClonal
P1012,PTY94-20161012,CD4,CD4_C03-GNLY,CRC.P1012_C000470:1,NoClonal
P1012,TTC230-20161012,other,NA,CRC.P1012_C000471:1,NoClonal
P1012,TTH95-20161012,other,NA,CRC.P1012_C000472:1,NoClonal
P1012,TTC171-161012-ZL,CD8,CD8_C07-LAYN,CRC.P1012_C000473:1,NoClonal
P1012,TTC59-161012-ZL,CD8,CD8_C07-LAYN,CRC.P1012_C000474:1,NoClonal
P1012,TTH65-161012,CD4,CD4_C12-CTLA4,CRC.P1012_C000475:1,NoClonal
P1012,PTY33-20161012,CD4,CD4_C01-CCR7,CRC.P1012_C000476:1,NoClonal
P1012,TTH133-20161012,CD4,CD4_C05-CXCR6,CRC.P1012_C000477:1,NoClonal
P1012,TTR172-20161012,CD4,CD4_C12-CTLA4,CRC.P1012_C000478:1,NoClonal
P1012,TTR26-20161012,CD4,CD4_C12-CTLA4,CRC.P1012_C000479:1,NoClonal
P1012,TTY115-20161012,CD4,CD4_C05-CXCR6,CRC.P1012_C000480:1,NoClonal
P1012,PTC57-20161012,CD8,CD8_C01-LEF1,CRC.P1012_C000481:1,NoClonal
P1012,TTH69-161012,CD4,CD4_C09-CXCL13,CRC.P1012_C000482:1,NoClonal
P1012,PTR64-20161012,CD4,CD4_C10-FOXP3,CRC.P1012_C000483:1,NoClonal
P1012,TTH25-161012,CD4,CD4_C05-CXCR6,CRC.P1012_C000484:1,NoClonal
P1012,PTH73-20161012,DN,NA,CRC.P1012_C000485:1,NoClonal
P1012,PTH33-20161012,CD4,CD4_C01-CCR7,CRC.P1012_C000486:1,NoClonal
P1012,TTH155-20161012,CD4,CD4_C05-CXCR6,CRC.P1012_C000487:1,NoClonal
P1012,TTC54-161012-ZL,CD8,CD8_C07-LAYN,CRC.P1012_C000488:1,NoClonal
P1012,TTC7-161012-ZL,CD8,CD8_C04-GZMK,CRC.P1012_C000489:1,NoClonal
P1012,TTY155-20161012,CD4,CD4_C09-CXCL13,CRC.P1012_C000490:1,NoClonal
P1012,TTY99-20161012,CD4,CD4_C10-FOXP3,CRC.P1012_C000491:1,NoClonal
P1012,TTH151-20161012,other,NA,CRC.P1012_C000492:1,NoClonal
P1012,PTC101-20161012,other,NA,CRC.P1012_C000493:1,NoClonal
P1012,PTY19-20161012,CD4,CD4_C02-ANXA1,CRC.P1012_C000494:1,NoClonal
P1012,TTC247-20161012,CD8,CD8_C04-GZMK,CRC.P1012_C000495:1,NoClonal
P1012,TTH61-161012,CD4,CD4_C06-CXCR5,CRC.P1012_C000496:1,NoClonal
P1012,TTR62-20161012,CD4,CD4_C09-CXCL13,CRC.P1012_C000497:1,NoClonal
P1012,TTY40-20161012,CD4,CD4_C05-CXCR6,CRC.P1012_C000498:1,NoClonal
P1012,TTH23-161012,CD4,NA,CRC.P1012_C000499:1,NoClonal
P1012,TTH123-20161012,other,NA,CRC.P1012_C000500:1,NoClonal
P1012,TTR90-161012,DN,NA,CRC.P1012_C000501:1,NoClonal
P1012,TTR80-161012,CD4,CD4_C12-CTLA4,CRC.P1012_C000503:1,NoClonal
P1012,TTH152-20161012,CD4,CD4_C05-CXCR6,CRC.P1012_C000504:1,NoClonal
P1012,TTR118-20161012,CD4,CD4_C12-CTLA4,CRC.P1012_C000505:1,NoClonal
P1012,TTY76-20161012,CD4,CD4_C12-CTLA4,CRC.P1012_C000506:1,NoClonal
P1012,TTH14-161012,DN,NA,CRC.P1012_C000507:1,NoClonal
P1012,TTC275-20161012,CD8,CD8_C07-LAYN,CRC.P1012_C000509:1,NoClonal
P1012,TTC166-161012-ZL,CD8,CD8_C07-LAYN,CRC.P1012_C000511:1,NoClonal
P1012,PTC22-20161012,CD8,CD8_C02-GPR183,CRC.P1012_C000512:1,NoClonal
P1012,PTR34-20161012,CD4,CD4_C02-ANXA1,CRC.P1012_C000513:1,NoClonal
P1012,TTH130-20161012,CD4,CD4_C05-CXCR6,CRC.P1012_C000514:1,NoClonal
P1012,TTH89-20161012,CD4,CD4_C09-CXCL13,CRC.P1012_C000515:1,NoClonal
P1012,PTH57-20161012,CD4,CD4_C01-CCR7,CRC.P1012_C000517:1,NoClonal
P1012,TTC57-161012-ZL,CD8,CD8_C04-GZMK,CRC.P1012_C000518:1,NoClonal
P1012,TTR97-20161012,CD4,CD4_C12-CTLA4,CRC.P1012_C000519:1,NoClonal
P1012,PTC131-20161012,other,NA,CRC.P1012_C000520:1,NoClonal
P1012,TTY189-20161012,CD4,CD4_C02-ANXA1,CRC.P1012_C000521:1,NoClonal
P1012,PTH5-20161012,other,NA,CRC.P1012_C000522:1,NoClonal
P1012,PTY87-20161012,CD4,CD4_C02-ANXA1,CRC.P1012_C000523:1,NoClonal
P1012,PTY56-20161012,CD4,CD4_C02-ANXA1,CRC.P1012_C000524:1,NoClonal
P1012,TTY141-20161012,CD4,CD4_C12-CTLA4,CRC.P1012_C000525:1,NoClonal
P1012,TTC282-20161012,CD8,CD8_C04-GZMK,CRC.P1012_C000526:1,NoClonal
P1012,PTH75-20161012,CD4,CD4_C01-CCR7,CRC.P1012_C000527:1,NoClonal
P1012,PTC83-20161012,CD8,CD8_C01-LEF1,CRC.P1012_C000528:1,NoClonal
P1012,PTR84-20161012,CD4,CD4_C02-ANXA1,CRC.P1012_C000529:1,NoClonal
P1012,TTY122-20161012,CD4,CD4_C05-CXCR6,CRC.P1012_C000530:1,NoClonal
P1012,TTC12-161012-ZL,CD8,CD8_C07-LAYN,CRC.P1012_C000531:1,NoClonal
P1012,PTH81-20161012,CD4,CD4_C01-CCR7,CRC.P1012_C000532:1,NoClonal
P1012,TTC60-161012-ZL,CD8,CD8_C02-GPR183,CRC.P1012_C000533:1,NoClonal
P1012,TTY134-20161012,CD4,CD4_C11-IL10,CRC.P1012_C000534:1,NoClonal
P1012,PTH46-20161012,other,NA,CRC.P1012_C000535:1,NoClonal
P1012,TTC40-161012-ZL,CD8,CD8_C08-SLC4A10,CRC.P1012_C000536:1,NoClonal
P1012,PTC68-20161012,CD8,CD8_C03-CX3CR1,CRC.P1012_C000537:1,NoClonal
P1012,TTR173-20161012,CD4,CD4_C12-CTLA4,CRC.P1012_C000538:1,NoClonal
P1012,PTY12-20161012,other,NA,CRC.P1012_C000539:1,NoClonal
P1012,PTH12-20161012,CD4,CD4_C01-CCR7,CRC.P1012_C000540:1,NoClonal
P1012,TTH188-20161012,DN,NA,CRC.P1012_C000541:1,NoClonal
P1012,TTR140-20161012,CD4,CD4_C12-CTLA4,CRC.P1012_C000542:1,NoClonal
P1012,TTH186-20161012,CD4,CD4_C05-CXCR6,CRC.P1012_C000543:1,NoClonal
P1012,TTY65-20161012,CD4,CD4_C10-FOXP3,CRC.P1012_C000545:1,NoClonal
P1012,TTH4-161012,CD4,CD4_C06-CXCR5,CRC.P1012_C000546:1,NoClonal
P1012,TTR76-161012,CD4,CD4_C12-CTLA4,CRC.P1012_C000547:1,NoClonal
P1012,TTH169-20161012,CD4,CD4_C09-CXCL13,CRC.P1012_C000548:1,NoClonal
P1012,TTH191-20161012,other,NA,CRC.P1012_C000549:1,NoClonal
P1012,TTY41-20161012,CD4,CD4_C04-TCF7,CRC.P1012_C000550:1,NoClonal
P1012,PTY25-20161012,CD4,CD4_C02-ANXA1,CRC.P1012_C000551:1,NoClonal
P1012,PTH82-20161012,CD4,CD4_C02-ANXA1,CRC.P1012_C000552:1,NoClonal
P1012,TTH103-20161012,CD4,CD4_C05-CXCR6,CRC.P1012_C000553:1,NoClonal
P1012,PTY50-20161012,CD4,CD4_C02-ANXA1,CRC.P1012_C000554:1,NoClonal
P1012,TTC240-20161012,CD8,CD8_C07-LAYN,CRC.P1012_C000555:1,NoClonal
P1012,PTY76-20161012,CD4,CD4_C02-ANXA1,CRC.P1012_C000556:1,NoClonal
P1012,PTH40-20161012,DN,NA,CRC.P1012_C000557:1,NoClonal
P1012,PTH64-20161012,CD4,CD4_C01-CCR7,CRC.P1012_C000558:1,NoClonal
P1012,PTR41-20161012,DN,NA,CRC.P1012_C000559:1,NoClonal
P1012,TTH170-20161012,CD4,CD4_C05-CXCR6,CRC.P1012_C000560:1,NoClonal
P1012,TTC284-20161012,CD8,CD8_C07-LAYN,CRC.P1012_C000561:1,NoClonal
P1012,TTC237-161012-ZL,CD8,CD8_C01-LEF1,CRC.P1012_C000562:1,NoClonal
P1012,PTR13-20161012,CD4,CD4_C10-FOXP3,CRC.P1012_C000563:1,NoClonal
P1012,TTR46-20161012,CD4,CD4_C12-CTLA4,CRC.P1012_C000564:1,NoClonal
P1012,PTR53-20161012,CD4,CD4_C10-FOXP3,CRC.P1012_C000565:1,NoClonal
P1012,TTC122-161012-ZL,CD8,CD8_C04-GZMK,CRC.P1012_C000566:1,NoClonal
P1012,TTY102-20161012,CD4,CD4_C12-CTLA4,CRC.P1012_C000567:1,NoClonal
P1012,TTR74-161012,CD4,CD4_C12-CTLA4,CRC.P1012_C000568:1,NoClonal
P1012,PTC130-20161012,CD8,CD8_C01-LEF1,CRC.P1012_C000569:1,NoClonal
P1012,TTY165-20161012,DN,NA,CRC.P1012_C000570:1,NoClonal
P1012,TTH7-161012,CD4,CD4_C07-GZMK,CRC.P1012_C000571:1,NoClonal
P1012,TTC248-20161012,CD8,CD8_C07-LAYN,CRC.P1012_C000572:1,NoClonal
P1012,PTH6-20161012,CD4,CD4_C01-CCR7,CRC.P1012_C000573:1,NoClonal
P1012,TTR128-20161012,CD4,CD4_C12-CTLA4,CRC.P1012_C000574:1,NoClonal
P1012,TTH176-20161012,DN,NA,CRC.P1012_C000575:1,NoClonal
P1012,TTH98-20161012,DN,NA,CRC.P1012_C000576:1,NoClonal
P1012,PTR68-20161012,CD4,CD4_C02-ANXA1,CRC.P1012_C000577:1,NoClonal
P1012,PTC60-20161012,CD8,CD8_C01-LEF1,CRC.P1012_C000578:1,NoClonal
P1012,PTY59-20161012,CD4,CD4_C02-ANXA1,CRC.P1012_C000579:1,NoClonal
P1012,TTY118-20161012,CD4,CD4_C05-CXCR6,CRC.P1012_C000580:1,NoClonal
P1012,TTY110-20161012,CD4,CD4_C09-CXCL13,CRC.P1012_C000581:1,NoClonal
P1012,PTR47-20161012,CD4,CD4_C02-ANXA1,CRC.P1012_C000582:1,NoClonal
P1012,TTH174-20161012,CD4,CD4_C06-CXCR5,CRC.P1012_C000583:1,NoClonal
P1012,TTC272-20161012,CD8,CD8_C07-LAYN,CRC.P1012_C000584:1,NoClonal
P1012,PTY89-20161012,CD4,CD4_C02-ANXA1,CRC.P1012_C000586:1,NoClonal
P1012,TTH3-161012,CD4,CD4_C12-CTLA4,CRC.P1012_C000587:1,NoClonal
P1012,PTC90-20161012,CD8,CD8_C01-LEF1,CRC.P1012_C000588:1,NoClonal
P1012,PTR72-20161012,CD4,CD4_C02-ANXA1,CRC.P1012_C000589:1,NoClonal
P1012,PTR7-20161012,CD4,CD4_C02-ANXA1,CRC.P1012_C000590:1,NoClonal
P1012,TTC152-161012-ZL,CD8,CD8_C07-LAYN,CRC.P1012_C000591:1,NoClonal
P1012,TTH70-161012,CD4,CD4_C06-CXCR5,CRC.P1012_C000592:1,NoClonal
P1012,TTH149-20161012,CD4,CD4_C02-ANXA1,CRC.P1012_C000593:1,NoClonal
P1012,TTC200-161012-ZL,CD8,CD8_C07-LAYN,CRC.P1012_C000594:1,NoClonal
P1012,TTR93-161012,CD4,CD4_C12-CTLA4,CRC.P1012_C000595:1,NoClonal
P1012,TTY81-20161012,DN,NA,CRC.P1012_C000597:1,NoClonal
P1012,TTC4-161012-ZL,CD8,CD8_C05-CD6,CRC.P1012_C000598:1,NoClonal
P1012,TTR179-20161012,CD4,CD4_C12-CTLA4,CRC.P1012_C000599:1,NoClonal
P1012,PTH41-20161012,DN,NA,CRC.P1012_C000601:1,NoClonal
P1012,TTC190-161012-ZL,CD8,CD8_C07-LAYN,CRC.P1012_C000602:1,NoClonal
P1012,PTR8-20161012,CD4,CD4_C02-ANXA1,CRC.P1012_C000603:1,NoClonal
P1012,TTH177-20161012,CD4,CD4_C04-TCF7,CRC.P1012_C000604:1,NoClonal
P1012,PTR80-20161012,CD4,CD4_C02-ANXA1,CRC.P1012_C000605:1,NoClonal
P1012,TTH116-20161012,CD4,CD4_C05-CXCR6,CRC.P1012_C000606:1,NoClonal
P1012,TTH6-161012,CD4,CD4_C05-CXCR6,CRC.P1012_C000607:1,NoClonal
P1012,TTR94-161012,CD4,CD4_C12-CTLA4,CRC.P1012_C000608:1,NoClonal
P1012,PTR93-20161012,DN,NA,CRC.P1012_C000609:1,NoClonal
P1012,TTC129-161012-ZL,CD8,CD8_C07-LAYN,CRC.P1012_C000610:1,NoClonal
P1012,TTH67-161012,CD4,CD4_C05-CXCR6,CRC.P1012_C000611:1,NoClonal
P1012,TTH106-20161012,other,NA,CRC.P1012_C000613:1,NoClonal
P1012,PTH34-20161012,CD4,CD4_C02-ANXA1,CRC.P1012_C000614:1,NoClonal
P1012,TTH173-20161012,CD4,CD4_C07-GZMK,CRC.P1012_C000615:1,NoClonal
P1012,TTY124-20161012,CD4,CD4_C12-CTLA4,CRC.P1012_C000616:1,NoClonal
P1012,TTR18-20161012,CD4,CD4_C12-CTLA4,CRC.P1012_C000617:1,NoClonal
P1012,TTY178-20161012,CD4,CD4_C12-CTLA4,CRC.P1012_C000618:1,NoClonal
P1012,TTY111-20161012,DN,NA,CRC.P1012_C000619:1,NoClonal
P1012,TTR95-161012,CD4,CD4_C12-CTLA4,CRC.P1012_C000620:1,NoClonal
P1012,TTR142-20161012,CD4,CD4_C12-CTLA4,CRC.P1012_C000621:1,NoClonal
P1012,TTY186-20161012,CD4,CD4_C12-CTLA4,CRC.P1012_C000622:1,NoClonal
P1012,TTH20-161012,CD4,CD4_C05-CXCR6,CRC.P1012_C000623:1,NoClonal
P1012,TTH34-161012,CD4,CD4_C11-IL10,CRC.P1012_C000624:1,NoClonal
P1012,TTY133-20161012,CD4,CD4_C05-CXCR6,CRC.P1012_C000625:1,NoClonal
P1012,TTC29-161012-ZL,CD8,CD8_C07-LAYN,CRC.P1012_C000626:1,NoClonal
P1012,PTY62-20161012,CD4,CD4_C02-ANXA1,CRC.P1012_C000627:1,NoClonal
P1012,PTH38-20161012,CD4,CD4_C02-ANXA1,CRC.P1012_C000628:1,NoClonal
P1012,TTC63-161012-ZL,CD8,CD8_C07-LAYN,CRC.P1012_C000629:1,NoClonal
P1012,TTR159-20161012,CD4,CD4_C12-CTLA4,CRC.P1012_C000630:1,NoClonal
P1012,PTY82-20161012,CD4,CD4_C02-ANXA1,CRC.P1012_C000631:1,NoClonal
P1012,TTY188-20161012,CD4,CD4_C12-CTLA4,CRC.P1012_C000632:1,NoClonal
P1012,TTH78-20161012,CD4,CD4_C08-IL23R,CRC.P1012_C000633:1,NoClonal
P1012,TTY71-20161012,CD4,CD4_C07-GZMK,CRC.P1012_C000634:1,NoClonal
P1012,PTR77-20161012,DN,NA,CRC.P1012_C000635:1,NoClonal
P1012,TTR161-20161012,CD4,CD4_C12-CTLA4,CRC.P1012_C000636:1,NoClonal
P1012,TTR127-20161012,CD4,CD4_C12-CTLA4,CRC.P1012_C000637:1,NoClonal
P1012,PTH16-20161012,CD4,CD4_C01-CCR7,CRC.P1012_C000638:1,NoClonal
P1012,TTR136-20161012,CD4,CD4_C12-CTLA4,CRC.P1012_C000639:1,NoClonal
P1012,TTR9-20161012,CD4,CD4_C12-CTLA4,CRC.P1012_C000640:1,NoClonal
P1012,TTH137-20161012,CD4,CD4_C07-GZMK,CRC.P1012_C000641:1,NoClonal
P1012,PTY57-20161012,CD4,CD4_C02-ANXA1,CRC.P1012_C000642:1,NoClonal
P1012,TTR146-20161012,CD4,CD4_C12-CTLA4,CRC.P1012_C000643:1,NoClonal
P1012,TTH54-161012,CD4,CD4_C05-CXCR6,CRC.P1012_C000644:1,NoClonal
P1012,PTC99-20161012,other,NA,CRC.P1012_C000645:1,NoClonal
P1012,PTY3-20161012,CD4,CD4_C02-ANXA1,CRC.P1012_C000646:1,NoClonal
P1012,TTR115-20161012,CD4,CD4_C12-CTLA4,CRC.P1012_C000647:1,NoClonal
P1012,PTY10-20161012,CD4,CD4_C02-ANXA1,CRC.P1012_C000648:1,NoClonal
P1012,TTH92-20161012,CD4,CD4_C04-TCF7,CRC.P1012_C000649:1,NoClonal
P1012,TTC64-161012-ZL,CD8,CD8_C07-LAYN,CRC.P1012_C000650:1,NoClonal
P1012,TTC164-161012-ZL,CD8,CD8_C07-LAYN,CRC.P1012_C000651:1,NoClonal
P1012,TTC168-161012-ZL,CD8,CD8_C07-LAYN,CRC.P1012_C000652:1,NoClonal
P1012,TTC194-161012-ZL,CD8,CD8_C07-LAYN,CRC.P1012_C000653:1,NoClonal
P1012,TTY97-20161012,CD4,CD4_C09-CXCL13,CRC.P1012_C000654:1,NoClonal
P1012,TTC182-161012-ZL,CD8,CD8_C01-LEF1,CRC.P1012_C000655:1,NoClonal
P1012,TTH99-20161012,CD4,CD4_C09-CXCL13,CRC.P1012_C000656:1,NoClonal
P1012,TTR69-20161012,CD4,CD4_C12-CTLA4,CRC.P1012_C000657:1,NoClonal
P1012,TTC218-161012-ZL,CD8,CD8_C07-LAYN,CRC.P1012_C000659:1,NoClonal
P1012,PTR52-20161012,DN,NA,CRC.P1012_C000660:1,NoClonal
P1012,TTC87-161012-ZL,CD8,CD8_C07-LAYN,CRC.P1012_C000661:1,NoClonal
P1012,PTC18-20161012,CD8,CD8_C02-GPR183,CRC.P1012_C000662:1,NoClonal
P1012,TTY49-20161012,DN,NA,CRC.P1012_C000663:1,NoClonal
P1012,PTR67-20161012,CD4,CD4_C10-FOXP3,CRC.P1012_C000664:1,NoClonal
P1012,PTY93-20161012,CD4,CD4_C02-ANXA1,CRC.P1012_C000665:1,NoClonal
P1012,PTH52-20161012,CD4,CD4_C01-CCR7,CRC.P1012_C000666:1,NoClonal
P1012,TTR119-20161012,CD4,CD4_C12-CTLA4,CRC.P1012_C000668:1,NoClonal
P1012,TTY79-20161012,CD4,CD4_C05-CXCR6,CRC.P1012_C000669:1,NoClonal
P1012,TTH182-20161012,CD4,CD4_C08-IL23R,CRC.P1012_C000670:1,NoClonal
P1012,PTH55-20161012,CD4,CD4_C01-CCR7,CRC.P1012_C000672:1,NoClonal
P1012,PTC123-20161012,other,NA,CRC.P1012_C000674:1,NoClonal
P1012,PTY27-20161012,CD4,CD4_C03-GNLY,CRC.P1012_C000675:1,NoClonal
P1012,TTH58-161012,CD4,CD4_C12-CTLA4,CRC.P1012_C000676:1,NoClonal
P1012,TTR52-20161012,CD4,CD4_C12-CTLA4,CRC.P1012_C000677:1,NoClonal
P1012,TTY140-20161012,CD4,CD4_C12-CTLA4,CRC.P1012_C000678:1,NoClonal
P1012,TTC41-161012-ZL,CD8,CD8_C07-LAYN,CRC.P1012_C000679:1,NoClonal
P1012,TTH121-20161012,CD4,CD4_C04-TCF7,CRC.P1012_C000680:1,NoClonal
P1012,TTY147-20161012,CD4,CD4_C11-IL10,CRC.P1012_C000681:1,NoClonal
P1012,TTR175-20161012,CD4,CD4_C12-CTLA4,CRC.P1012_C000682:1,NoClonal
P1012,TTH55-161012,CD4,CD4_C04-TCF7,CRC.P1012_C000683:1,NoClonal
P1012,TTY69-20161012,CD4,CD4_C05-CXCR6,CRC.P1012_C000684:1,NoClonal
P1012,TTR85-161012,CD4,CD4_C12-CTLA4,CRC.P1012_C000685:1,NoClonal
P1012,PTH25-20161012,CD4,CD4_C03-GNLY,CRC.P1012_C000686:1,NoClonal
P1012,TTY129-20161012,CD4,CD4_C10-FOXP3,CRC.P1012_C000688:1,NoClonal
P1012,TTY185-20161012,other,NA,CRC.P1012_C000689:1,NoClonal
P1012,TTR103-20161012,CD4,CD4_C06-CXCR5,CRC.P1012_C000690:1,NoClonal
P1012,TTY170-20161012,CD4,CD4_C12-CTLA4,CRC.P1012_C000691:1,NoClonal
P1012,TTH16-161012,CD4,CD4_C12-CTLA4,CRC.P1012_C000692:1,NoClonal
P1012,TTR149-20161012,other,NA,CRC.P1012_C000693:1,NoClonal
P1012,TTY127-20161012,CD4,CD4_C09-CXCL13,CRC.P1012_C000694:1,NoClonal
P1012,TTH132-20161012,CD4,CD4_C05-CXCR6,CRC.P1012_C000695:1,NoClonal
P1012,TTH145-20161012,CD4,CD4_C05-CXCR6,CRC.P1012_C000696:1,NoClonal
P1012,PTC32-20161012,CD8,CD8_C01-LEF1,CRC.P1012_C000697:1,NoClonal
P1012,PTH94-20161012,CD4,CD4_C10-FOXP3,CRC.P1012_C000698:1,NoClonal
P1012,TTR20-20161012,CD4,CD4_C12-CTLA4,CRC.P1012_C000699:1,NoClonal
P1012,TTH124-20161012,CD4,CD4_C05-CXCR6,CRC.P1012_C000700:1,NoClonal
P1012,PTH54-20161012,CD4,CD4_C02-ANXA1,CRC.P1012_C000701:1,NoClonal
P1012,PTH95-20161012,other,NA,CRC.P1012_C000702:1,NoClonal
P1012,PTY67-20161012,CD4,CD4_C02-ANXA1,CRC.P1012_C000703:1,NoClonal
P1012,TTY108-20161012,CD4,CD4_C05-CXCR6,CRC.P1012_C000704:1,NoClonal
P1012,TTH1-161012,CD4,CD4_C05-CXCR6,CRC.P1012_C000705:1,NoClonal
P1012,PTR33-20161012,CD4,CD4_C02-ANXA1,CRC.P1012_C000706:1,NoClonal
P1012,TTC160-161012-ZL,CD8,CD8_C07-LAYN,CRC.P1012_C000707:1,NoClonal
P1012,TTC233-161012-ZL,CD8,CD8_C07-LAYN,CRC.P1012_C000708:1,NoClonal
P1012,PTY85-20161012,CD4,CD4_C02-ANXA1,CRC.P1012_C000709:1,NoClonal
P1012,TTC186-161012-ZL,CD8,CD8_C07-LAYN,CRC.P1012_C000710:1,NoClonal
P1012,PTH48-20161012,CD4,CD4_C04-TCF7,CRC.P1012_C000711:1,NoClonal
P1012,TTR163-20161012,CD4,CD4_C10-FOXP3,CRC.P1012_C000712:1,NoClonal
P1012,PTR57-20161012,DN,NA,CRC.P1012_C000713:1,NoClonal
P1012,PTH31-20161012,DN,NA,CRC.P1012_C000714:1,NoClonal
P1012,TTY37-20161012,DN,NA,CRC.P1012_C000715:1,NoClonal
P1012,TTY180-20161012,CD4,CD4_C12-CTLA4,CRC.P1012_C000716:1,NoClonal
P1012,PTY13-20161012,CD4,CD4_C02-ANXA1,CRC.P1012_C000717:1,NoClonal
P1012,TTH59-161012,CD4,CD4_C05-CXCR6,CRC.P1012_C000718:1,NoClonal
P1012,TTR183-20161012,CD4,CD4_C12-CTLA4,CRC.P1012_C000719:1,NoClonal
P1012,TTC9-161012-ZL,CD8,CD8_C07-LAYN,CRC.P1012_C000720:1,NoClonal
P1012,TTR186-20161012,CD4,CD4_C12-CTLA4,CRC.P1012_C000721:1,NoClonal
P1012,TTH139-20161012,DN,NA,CRC.P1012_C000722:1,NoClonal
P1012,TTH109-20161012,CD4,CD4_C02-ANXA1,CRC.P1012_C000724:1,NoClonal
P1012,TTC42-161012-ZL,other,NA,CRC.P1012_C000725:1,NoClonal
P1012,PTY23-20161012,CD4,CD4_C02-ANXA1,CRC.P1012_C000726:1,NoClonal
P1012,PTH85-20161012,CD4,CD4_C02-ANXA1,CRC.P1012_C000727:1,NoClonal
P1012,TTR145-20161012,CD4,CD4_C12-CTLA4,CRC.P1012_C000728:1,NoClonal
P1012,TTH93-20161012,other,NA,CRC.P1012_C000729:1,NoClonal
P1012,PTR66-20161012,DN,NA,CRC.P1012_C000730:1,NoClonal
P1012,TTY51-20161012,CD4,CD4_C05-CXCR6,CRC.P1012_C000732:1,NoClonal
P1012,PTH53-20161012,DN,NA,CRC.P1012_C000733:1,NoClonal
P1012,TTC196-161012-ZL,CD8,CD8_C07-LAYN,CRC.P1012_C000734:1,NoClonal
P1012,TTR182-20161012,CD4,CD4_C12-CTLA4,CRC.P1012_C000735:1,NoClonal
P1012,TTC76-161012-ZL,CD8,CD8_C03-CX3CR1,CRC.P1012_C000736:1,NoClonal
P1012,PTY52-20161012,DN,NA,CRC.P1012_C000737:1,NoClonal
P1012,PTR12-20161012,CD4,CD4_C10-FOXP3,CRC.P1012_C000738:1,NoClonal
P1012,PTY60-20161012,CD4,CD4_C01-CCR7,CRC.P1012_C000739:1,NoClonal
P1012,TTH166-20161012,CD4,CD4_C05-CXCR6,CRC.P1012_C000740:1,NoClonal
P1012,PTH30-20161012,CD4,CD4_C02-ANXA1,CRC.P1012_C000741:1,NoClonal
P1012,TTC231-161012-ZL,CD8,CD8_C04-GZMK,CRC.P1012_C000742:1,NoClonal
P1012,TTC38-161012-ZL,CD8,CD8_C07-LAYN,CRC.P1012_C000743:1,NoClonal
P1012,TTR21-20161012,CD4,CD4_C12-CTLA4,CRC.P1012_C000744:1,NoClonal
P1012,PTY31-20161012,other,NA,CRC.P1012_C000745:1,NoClonal
P1012,PTY77-20161012,CD4,CD4_C02-ANXA1,CRC.P1012_C000746:1,NoClonal
P1012,TTY184-20161012,CD4,CD4_C12-CTLA4,CRC.P1012_C000747:1,NoClonal
P1012,PTH10-20161012,CD4,CD4_C03-GNLY,CRC.P1012_C000748:1,NoClonal
P1012,PTC29-20161012,CD8,CD8_C01-LEF1,CRC.P1012_C000749:1,NoClonal
P1012,TTH28-161012,CD4,CD4_C07-GZMK,CRC.P1012_C000750:1,NoClonal
P1012,PTY48-20161012,CD4,CD4_C02-ANXA1,CRC.P1012_C000751:1,NoClonal
P1012,TTH161-20161012,CD4,CD4_C05-CXCR6,CRC.P1012_C000752:1,NoClonal
P1012,TTR114-20161012,CD4,CD4_C12-CTLA4,CRC.P1012_C000753:1,NoClonal
P1012,TTH84-20161012,CD4,CD4_C05-CXCR6,CRC.P1012_C000754:1,NoClonal
P1012,TTC58-161012-ZL,CD8,CD8_C02-GPR183,CRC.P1012_C000755:1,NoClonal
P1012,TTY116-20161012,CD4,CD4_C12-CTLA4,CRC.P1012_C000757:1,NoClonal
P1012,PTR4-20161012,CD4,CD4_C02-ANXA1,CRC.P1012_C000758:1,NoClonal
P1012,TTH72-161012,CD4,CD4_C05-CXCR6,CRC.P1012_C000759:1,NoClonal
P1012,PTR63-20161012,DN,NA,CRC.P1012_C000760:1,NoClonal
P1012,PTC58-20161012,other,NA,CRC.P1012_C000761:1,NoClonal
P1012,TTC83-161012-ZL,CD8,CD8_C07-LAYN,CRC.P1012_C000762:1,NoClonal
P1012,TTY33-20161012,CD4,CD4_C12-CTLA4,CRC.P1012_C000763:1,NoClonal
P1012,TTH158-20161012,CD4,CD4_C07-GZMK,CRC.P1012_C000764:1,NoClonal
P1012,PTR71-20161012,other,NA,CRC.P1012_C000765:1,NoClonal
P1012,PTY96-20161012,DN,NA,CRC.P1012_C000766:1,NoClonal
P1012,PTR92-20161012,DN,NA,CRC.P1012_C000768:1,NoClonal
P1012,TTH185-20161012,CD4,CD4_C06-CXCR5,CRC.P1012_C000769:1,NoClonal
P1012,TTH26-161012,DN,NA,CRC.P1012_C000770:1,NoClonal
P1012,PTH8-20161012,CD4,CD4_C02-ANXA1,CRC.P1012_C000771:1,NoClonal
P1012,TTH68-161012,CD4,CD4_C05-CXCR6,CRC.P1012_C000772:1,NoClonal
P1012,TTH85-20161012,CD4,CD4_C09-CXCL13,CRC.P1012_C000773:1,NoClonal
P1012,PTY75-20161012,CD4,CD4_C02-ANXA1,CRC.P1012_C000774:1,NoClonal
P1012,TTH71-161012,CD4,CD4_C06-CXCR5,CRC.P1012_C000775:1,NoClonal
P1012,TTY192-20161012,CD4,CD4_C12-CTLA4,CRC.P1012_C000776:1,NoClonal
P1012,TTH118-20161012,CD4,CD4_C09-CXCL13,CRC.P1012_C000777:1,NoClonal
P1012,PTR88-20161012,CD4,CD4_C02-ANXA1,CRC.P1012_C000778:1,NoClonal
P1012,PTR70-20161012,CD4,CD4_C02-ANXA1,CRC.P1012_C000780:1,NoClonal
P1012,TTY135-20161012,DN,NA,CRC.P1012_C000781:1,NoClonal
P1012,TTR189-20161012,CD4,CD4_C12-CTLA4,CRC.P1012_C000782:1,NoClonal
P1012,TTC206-20161012,CD8,CD8_C07-LAYN,CRC.P1012_C000783:1,NoClonal
P1012,TTR22-20161012,CD4,CD4_C12-CTLA4,CRC.P1012_C000784:1,NoClonal
P1012,TTH114-20161012,CD4,CD4_C04-TCF7,CRC.P1012_C000785:1,NoClonal
P1012,PTH84-20161012,CD4,CD4_C01-CCR7,CRC.P1012_C000786:1,NoClonal
P1012,TTR178-20161012,CD4,CD4_C12-CTLA4,CRC.P1012_C000787:1,NoClonal
P1012,TTY121-20161012,CD4,CD4_C09-CXCL13,CRC.P1012_C000788:1,NoClonal
P1012,TTH150-20161012,CD4,CD4_C05-CXCR6,CRC.P1012_C000789:1,NoClonal
P1012,TTR138-20161012,CD4,CD4_C12-CTLA4,CRC.P1012_C000791:1,NoClonal
P1012,PTC8-20161012,CD8,CD8_C01-LEF1,CRC.P1012_C000792:1,NoClonal
P1012,PTH65-20161012,CD4,CD4_C01-CCR7,CRC.P1012_C000793:1,NoClonal
P1012,PTH26-20161012,CD4,CD4_C01-CCR7,CRC.P1012_C000794:1,NoClonal
P1012,PTY24-20161012,CD4,CD4_C02-ANXA1,CRC.P1012_C000795:1,NoClonal
P1012,PTH3-20161012,other,NA,CRC.P1012_C000796:1,NoClonal
P1012,PTR73-20161012,CD4,CD4_C02-ANXA1,CRC.P1012_C000797:1,NoClonal
P1012,TTC239-161012-ZL,CD8,CD8_C07-LAYN,CRC.P1012_C000798:1,NoClonal
P1012,PTH15-20161012,CD4,CD4_C01-CCR7,CRC.P1012_C000799:1,NoClonal
P1012,TTY36-20161012,CD4,CD4_C08-IL23R,CRC.P1012_C000801:1,NoClonal
P1012,TTR157-20161012,CD4,CD4_C12-CTLA4,CRC.P1012_C000802:1,NoClonal
P1012,TTC256-20161012,CD8,CD8_C07-LAYN,CRC.P1012_C000803:1,NoClonal
P1012,TTR8-20161012,CD4,CD4_C12-CTLA4,CRC.P1012_C000804:1,NoClonal
P1012,PTR43-20161012,CD4,CD4_C10-FOXP3,CRC.P1012_C000805:1,NoClonal
P1012,TTR61-20161012,other,NA,CRC.P1012_C000806:1,NoClonal
P1012,TTY73-20161012,CD4,NA,CRC.P1012_C000807:1,NoClonal
P1012,TTC85-161012-ZL,CD8,CD8_C07-LAYN,CRC.P1012_C000808:1,NoClonal
P1012,TTH87-20161012,other,NA,CRC.P1012_C000809:1,NoClonal
P1012,PTY49-20161012,CD4,CD4_C02-ANXA1,CRC.P1012_C000810:1,NoClonal
P1012,TTC69-161012-ZL,CD8,CD8_C04-GZMK,CRC.P1012_C000811:1,NoClonal
P1012,PTY84-20161012,CD4,CD4_C02-ANXA1,CRC.P1012_C000812:1,NoClonal
P1012,PTC133-20161012,CD8,CD8_C08-SLC4A10,CRC.P1012_C000813:1,NoClonal
P1012,TTH31-161012,DN,NA,CRC.P1012_C000814:1,NoClonal
P1012,TTH165-20161012,CD4,CD4_C04-TCF7,CRC.P1012_C000815:1,NoClonal
P1012,PTH58-20161012,other,NA,CRC.P1012_C000817:1,NoClonal
P1012,PTY5-20161012,CD4,CD4_C02-ANXA1,CRC.P1012_C000818:1,NoClonal
P1012,TTC75-161012-ZL,CD8,CD8_C04-GZMK,CRC.P1012_C000819:1,NoClonal
P1012,TTH181-20161012,other,NA,CRC.P1012_C000820:1,NoClonal
P1012,PTY11-20161012,DN,NA,CRC.P1012_C000821:1,NoClonal
P1012,PTH32-20161012,CD4,CD4_C02-ANXA1,CRC.P1012_C000822:1,NoClonal
P1012,TTC47-161012-ZL,CD8,CD8_C07-LAYN,CRC.P1012_C000823:1,NoClonal
P1012,PTY47-20161012,CD4,CD4_C02-ANXA1,CRC.P1012_C000824:1,NoClonal
P1012,TTR64-20161012,CD4,CD4_C12-CTLA4,CRC.P1012_C000825:1,NoClonal
P1012,TTY169-20161012,CD4,CD4_C05-CXCR6,CRC.P1012_C000827:1,NoClonal
P1012,TTH40-161012,DN,NA,CRC.P1012_C000828:1,NoClonal
P1012,PTY32-20161012,CD4,CD4_C02-ANXA1,CRC.P1012_C000829:1,NoClonal
P1012,TTC21-161012-ZL,CD8,CD8_C07-LAYN,CRC.P1012_C000830:1,NoClonal
P1012,TTH46-161012,CD4,CD4_C12-CTLA4,CRC.P1012_C000832:1,NoClonal
P1012,PTY66-20161012,CD4,CD4_C02-ANXA1,CRC.P1012_C000834:1,NoClonal
P1012,TTH86-20161012,CD4,CD4_C05-CXCR6,CRC.P1012_C000835:1,NoClonal
P1012,PTH91-20161012,CD4,CD4_C02-ANXA1,CRC.P1012_C000836:1,NoClonal
P1207,TTC16-20161207,CD8,CD8_C07-LAYN,CRC.P1207_C000017:14,Clonal
P1207,TTC22-20161207,CD8,CD8_C07-LAYN,CRC.P1207_C000017:14,Clonal
P1207,TTC38-20161207,CD8,CD8_C07-LAYN,CRC.P1207_C000017:14,Clonal
P1207,TTC42-20161207,CD8,CD8_C07-LAYN,CRC.P1207_C000017:14,Clonal
P1207,TTC44-20161207,CD8,CD8_C07-LAYN,CRC.P1207_C000017:14,Clonal
P1207,TTC23-20161207,CD8,CD8_C07-LAYN,CRC.P1207_C000017:14,Clonal
P1207,TTC93-20161207,CD8,CD8_C07-LAYN,CRC.P1207_C000017:14,Clonal
P1207,TTC18-20161207,CD8,CD8_C07-LAYN,CRC.P1207_C000017:14,Clonal
P1207,TTC37-20161207,CD8,CD8_C07-LAYN,CRC.P1207_C000017:14,Clonal
P1207,TTC49-20161207,CD8,CD8_C07-LAYN,CRC.P1207_C000017:14,Clonal
P1207,TTC86-20161207,CD8,CD8_C07-LAYN,CRC.P1207_C000017:14,Clonal
P1207,TTC43-20161207,CD8,CD8_C07-LAYN,CRC.P1207_C000017:14,Clonal
P1207,TTC46-20161207,CD8,CD8_C07-LAYN,CRC.P1207_C000017:14,Clonal
P1207,TTC11-20161207,CD8,CD8_C07-LAYN,CRC.P1207_C000017:14,Clonal
P1207,PTC116-20161207,CD8,CD8_C03-CX3CR1,CRC.P1207_C000025:8,Clonal
P1207,PTC162-20161207,CD8,CD8_C03-CX3CR1,CRC.P1207_C000025:8,Clonal
P1207,PTC6-20161207,CD8,CD8_C03-CX3CR1,CRC.P1207_C000025:8,Clonal
P1207,PTC178-20161207,CD8,CD8_C04-GZMK,CRC.P1207_C000025:8,Clonal
P1207,TTC13-20161207,CD8,CD8_C04-GZMK,CRC.P1207_C000025:8,Clonal
P1207,PTC132-20161207,CD8,CD8_C04-GZMK,CRC.P1207_C000025:8,Clonal
P1207,TTC51-20161207,CD8,CD8_C04-GZMK,CRC.P1207_C000025:8,Clonal
P1207,TTC3-20161207,CD8,CD8_C05-CD6,CRC.P1207_C000025:8,Clonal
P1207,PTC139-20161207,CD8,CD8_C03-CX3CR1,CRC.P1207_C000040:8,Clonal
P1207,PTC170-20161207,CD8,CD8_C03-CX3CR1,CRC.P1207_C000040:8,Clonal
P1207,PTC127-20161207,CD8,CD8_C03-CX3CR1,CRC.P1207_C000040:8,Clonal
P1207,PTC151-20161207,CD8,CD8_C03-CX3CR1,CRC.P1207_C000040:8,Clonal
P1207,PTC125-20161207,CD8,CD8_C03-CX3CR1,CRC.P1207_C000040:8,Clonal
P1207,PTC112-20161207,CD8,CD8_C03-CX3CR1,CRC.P1207_C000040:8,Clonal
P1207,TTC10-20161207,CD8,CD8_C04-GZMK,CRC.P1207_C000040:8,Clonal
P1207,PTC161-20161207,other,NA,CRC.P1207_C000040:8,Clonal
P1207,PTC184-20161207,CD8,CD8_C02-GPR183,CRC.P1207_C000001:6,Clonal
P1207,PTC111-20161207,CD8,CD8_C02-GPR183,CRC.P1207_C000001:6,Clonal
P1207,PTC36-20161207,CD8,CD8_C02-GPR183,CRC.P1207_C000001:6,Clonal
P1207,PTC148-20161207,CD8,CD8_C02-GPR183,CRC.P1207_C000001:6,Clonal
P1207,PTC48-20161207,CD8,CD8_C02-GPR183,CRC.P1207_C000001:6,Clonal
P1207,PTC43-20161207,CD8,CD8_C04-GZMK,CRC.P1207_C000001:6,Clonal
P1207,PTC102-20161207,CD8,CD8_C03-CX3CR1,CRC.P1207_C000010:6,Clonal
P1207,PTC157-20161207,CD8,CD8_C03-CX3CR1,CRC.P1207_C000010:6,Clonal
P1207,PTC174-20161207,CD8,CD8_C03-CX3CR1,CRC.P1207_C000010:6,Clonal
P1207,PTC126-20161207,CD8,CD8_C03-CX3CR1,CRC.P1207_C000010:6,Clonal
P1207,PTC33-20161207,CD8,CD8_C04-GZMK,CRC.P1207_C000010:6,Clonal
P1207,PTC1-20161207,CD8,CD8_C04-GZMK,CRC.P1207_C000010:6,Clonal
P1207,PTC160-20161207,CD8,CD8_C03-CX3CR1,CRC.P1207_C000009:5,Clonal
P1207,PTC38-20161207,CD8,CD8_C03-CX3CR1,CRC.P1207_C000009:5,Clonal
P1207,TTC56-20161207,CD8,CD8_C03-CX3CR1,CRC.P1207_C000009:5,Clonal
P1207,PTC179-20161207,CD8,CD8_C03-CX3CR1,CRC.P1207_C000009:5,Clonal
P1207,PTC188-20161207,CD8,CD8_C04-GZMK,CRC.P1207_C000009:5,Clonal
P1207,PTC131-20161207,CD8,CD8_C03-CX3CR1,CRC.P1207_C000055:5,Clonal
P1207,PTC5-20161207,CD8,CD8_C03-CX3CR1,CRC.P1207_C000055:5,Clonal
P1207,PTC163-20161207,CD8,CD8_C03-CX3CR1,CRC.P1207_C000055:5,Clonal
P1207,PTC169-20161207,CD8,CD8_C03-CX3CR1,CRC.P1207_C000055:5,Clonal
P1207,TTC34-20161207,CD8,CD8_C04-GZMK,CRC.P1207_C000055:5,Clonal
P1207,PTC108-20161207,CD8,CD8_C02-GPR183,CRC.P1207_C000008:4,Clonal
P1207,PTC114-20161207,CD8,CD8_C04-GZMK,CRC.P1207_C000008:4,Clonal
P1207,PTC9-20161207,CD8,CD8_C04-GZMK,CRC.P1207_C000008:4,Clonal
P1207,PTC13-20161207,other,NA,CRC.P1207_C000008:4,Clonal
P1207,PTC39-20161207,CD8,CD8_C03-CX3CR1,CRC.P1207_C000053:4,Clonal
P1207,PTC103-20161207,CD8,CD8_C04-GZMK,CRC.P1207_C000053:4,Clonal
P1207,TTC67-20161207,CD8,CD8_C04-GZMK,CRC.P1207_C000053:4,Clonal
P1207,TTC33-20161207,CD8,CD8_C04-GZMK,CRC.P1207_C000053:4,Clonal
P1207,PTC23-20161207,CD8,CD8_C02-GPR183,CRC.P1207_C000064:4,Clonal
P1207,PTC113-20161207,CD8,CD8_C04-GZMK,CRC.P1207_C000064:4,Clonal
P1207,PTC156-20161207,CD8,CD8_C04-GZMK,CRC.P1207_C000064:4,Clonal
P1207,PTC26-20161207,CD8,CD8_C04-GZMK,CRC.P1207_C000064:4,Clonal
P1207,PTC176-20161207,CD8,CD8_C03-CX3CR1,CRC.P1207_C000024:3,Clonal
P1207,PTC149-20161207,CD8,CD8_C03-CX3CR1,CRC.P1207_C000024:3,Clonal
P1207,PTC168-20161207,CD8,CD8_C03-CX3CR1,CRC.P1207_C000024:3,Clonal
P1207,PTC28-20161207,CD8,CD8_C03-CX3CR1,CRC.P1207_C000036:3,Clonal
P1207,PTC98-20161207,CD8,CD8_C03-CX3CR1,CRC.P1207_C000036:3,Clonal
P1207,PTC128-20161207,CD8,CD8_C04-GZMK,CRC.P1207_C000036:3,Clonal
P1207,PTC118-20161207,CD8,CD8_C03-CX3CR1,CRC.P1207_C000045:3,Clonal
P1207,TTC14-20161207,CD8,CD8_C07-LAYN,CRC.P1207_C000045:3,Clonal
P1207,TTC59-20161207,CD8,CD8_C07-LAYN,CRC.P1207_C000045:3,Clonal
P1207,PTC130-20161207,CD8,CD8_C03-CX3CR1,CRC.P1207_C000002:2,Clonal
P1207,PTC104-20161207,CD8,CD8_C03-CX3CR1,CRC.P1207_C000002:2,Clonal
P1207,PTC172-20161207,CD8,CD8_C03-CX3CR1,CRC.P1207_C000005:2,Clonal
P1207,PTC16-20161207,CD8,CD8_C04-GZMK,CRC.P1207_C000005:2,Clonal
P1207,TTC74-20161207,CD8,CD8_C04-GZMK,CRC.P1207_C000014:2,Clonal
P1207,TTC31-20161207,CD8,CD8_C04-GZMK,CRC.P1207_C000014:2,Clonal
P1207,PTC141-20161207,CD8,CD8_C03-CX3CR1,CRC.P1207_C000015:2,Clonal
P1207,PTC182-20161207,CD8,CD8_C03-CX3CR1,CRC.P1207_C000015:2,Clonal
P1207,TTC88-20161207,CD8,CD8_C04-GZMK,CRC.P1207_C000031:2,Clonal
P1207,PTC11-20161207,CD8,CD8_C04-GZMK,CRC.P1207_C000031:2,Clonal
P1207,TTC76-20161207,CD8,CD8_C07-LAYN,CRC.P1207_C000034:2,Clonal
P1207,TTC5-20161207,CD8,CD8_C07-LAYN,CRC.P1207_C000034:2,Clonal
P1207,TTC6-20161207,CD8,CD8_C05-CD6,CRC.P1207_C000038:2,Clonal
P1207,TTC50-20161207,CD8,CD8_C05-CD6,CRC.P1207_C000038:2,Clonal
P1207,PTC101-20161207,CD8,CD8_C04-GZMK,CRC.P1207_C000041:2,Clonal
P1207,TTC70-20161207,CD8,CD8_C07-LAYN,CRC.P1207_C000041:2,Clonal
P1207,TTC92-20161207,CD8,CD8_C05-CD6,CRC.P1207_C000044:2,Clonal
P1207,TTC84-20161207,CD8,CD8_C05-CD6,CRC.P1207_C000044:2,Clonal
P1207,PTC186-20161207,CD8,CD8_C03-CX3CR1,CRC.P1207_C000060:2,Clonal
P1207,TTC54-20161207,CD8,CD8_C04-GZMK,CRC.P1207_C000060:2,Clonal
P1207,TTC87-20161207,CD8,CD8_C04-GZMK,CRC.P1207_C000065:2,Clonal
P1207,TTC41-20161207,CD8,CD8_C04-GZMK,CRC.P1207_C000065:2,Clonal
P1207,TTC24-20161207,CD8,CD8_C07-LAYN,CRC.P1207_C000080:2,Clonal
P1207,TTC27-20161207,CD8,CD8_C07-LAYN,CRC.P1207_C000080:2,Clonal
P1207,TTC26-20161207,CD8,CD8_C05-CD6,CRC.P1207_C000083:2,Clonal
P1207,TTC63-20161207,CD8,CD8_C05-CD6,CRC.P1207_C000083:2,Clonal
P1207,TTC48-20161207,CD8,CD8_C04-GZMK,CRC.P1207_C000086:2,Clonal
P1207,TTC57-20161207,CD8,CD8_C04-GZMK,CRC.P1207_C000086:2,Clonal
P1207,PTC30-20161207,CD8,CD8_C03-CX3CR1,CRC.P1207_C000094:2,Clonal
P1207,PTC105-20161207,CD8,CD8_C04-GZMK,CRC.P1207_C000094:2,Clonal
P1207,TTC60-20161207,CD8,CD8_C05-CD6,CRC.P1207_C000105:2,Clonal
P1207,TTC83-20161207,CD8,CD8_C05-CD6,CRC.P1207_C000105:2,Clonal
P1207,PTC119-20161207,CD8,CD8_C04-GZMK,CRC.P1207_C000107:2,Clonal
P1207,TTC61-20161207,CD8,CD8_C04-GZMK,CRC.P1207_C000107:2,Clonal
P1207,PTC42-20161207,CD8,CD8_C01-LEF1,CRC.P1207_C000003:1,NoClonal
P1207,PTC2-20161207,CD8,CD8_C04-GZMK,CRC.P1207_C000004:1,NoClonal
P1207,PTC152-20161207,CD8,CD8_C03-CX3CR1,CRC.P1207_C000006:1,NoClonal
P1207,TTC52-20161207,CD8,CD8_C04-GZMK,CRC.P1207_C000007:1,NoClonal
P1207,PTC154-20161207,CD8,CD8_C04-GZMK,CRC.P1207_C000011:1,NoClonal
P1207,PTC166-20161207,CD8,CD8_C01-LEF1,CRC.P1207_C000012:1,NoClonal
P1207,TTC47-20161207,CD8,CD8_C04-GZMK,CRC.P1207_C000016:1,NoClonal
P1207,PTC97-20161207,CD8,CD8_C04-GZMK,CRC.P1207_C000018:1,NoClonal
P1207,PTC32-20161207,CD8,CD8_C01-LEF1,CRC.P1207_C000019:1,NoClonal
P1207,TTC73-20161207,CD8,CD8_C01-LEF1,CRC.P1207_C000020:1,NoClonal
P1207,PTC106-20161207,CD8,CD8_C08-SLC4A10,CRC.P1207_C000021:1,NoClonal
P1207,PTC134-20161207,CD8,CD8_C08-SLC4A10,CRC.P1207_C000022:1,NoClonal
P1207,PTC40-20161207,CD8,CD8_C03-CX3CR1,CRC.P1207_C000026:1,NoClonal
P1207,PTC189-20161207,CD8,CD8_C02-GPR183,CRC.P1207_C000027:1,NoClonal
P1207,TTC91-20161207,CD8,CD8_C05-CD6,CRC.P1207_C000028:1,NoClonal
P1207,PTC20-20161207,CD8,CD8_C03-CX3CR1,CRC.P1207_C000029:1,NoClonal
P1207,PTC15-20161207,CD8,CD8_C02-GPR183,CRC.P1207_C000030:1,NoClonal
P1207,TTC32-20161207,CD8,CD8_C02-GPR183,CRC.P1207_C000032:1,NoClonal
P1207,PTC44-20161207,CD8,CD8_C02-GPR183,CRC.P1207_C000033:1,NoClonal
P1207,PTC7-20161207,CD8,CD8_C03-CX3CR1,CRC.P1207_C000037:1,NoClonal
P1207,TTC9-20161207,CD8,CD8_C04-GZMK,CRC.P1207_C000039:1,NoClonal
P1207,PTC123-20161207,CD8,CD8_C01-LEF1,CRC.P1207_C000042:1,NoClonal
P1207,PTC145-20161207,CD8,CD8_C04-GZMK,CRC.P1207_C000043:1,NoClonal
P1207,TTC7-20161207,CD8,CD8_C04-GZMK,CRC.P1207_C000046:1,NoClonal
P1207,PTC37-20161207,CD8,CD8_C01-LEF1,CRC.P1207_C000047:1,NoClonal
P1207,TTC53-20161207,CD8,CD8_C05-CD6,CRC.P1207_C000048:1,NoClonal
P1207,PTC115-20161207,CD8,CD8_C01-LEF1,CRC.P1207_C000049:1,NoClonal
P1207,PTC185-20161207,CD8,CD8_C01-LEF1,CRC.P1207_C000050:1,NoClonal
P1207,PTC21-20161207,CD8,CD8_C01-LEF1,CRC.P1207_C000051:1,NoClonal
P1207,PTC136-20161207,CD8,CD8_C02-GPR183,CRC.P1207_C000052:1,NoClonal
P1207,PTC187-20161207,CD8,CD8_C02-GPR183,CRC.P1207_C000054:1,NoClonal
P1207,PTC159-20161207,CD8,CD8_C04-GZMK,CRC.P1207_C000056:1,NoClonal
P1207,PTC183-20161207,CD8,CD8_C02-GPR183,CRC.P1207_C000057:1,NoClonal
P1207,TTC8-20161207,CD8,CD8_C01-LEF1,CRC.P1207_C000058:1,NoClonal
P1207,TTC15-20161207,CD8,CD8_C04-GZMK,CRC.P1207_C000059:1,NoClonal
P1207,PTC109-20161207,CD8,CD8_C01-LEF1,CRC.P1207_C000061:1,NoClonal
P1207,PTC12-20161207,CD8,CD8_C04-GZMK,CRC.P1207_C000062:1,NoClonal
P1207,TTC30-20161207,CD8,CD8_C06-CD160,CRC.P1207_C000063:1,NoClonal
P1207,PTC129-20161207,CD8,CD8_C04-GZMK,CRC.P1207_C000066:1,NoClonal
P1207,PTC165-20161207,CD8,CD8_C03-CX3CR1,CRC.P1207_C000067:1,NoClonal
P1207,TTC82-20161207,CD8,CD8_C05-CD6,CRC.P1207_C000068:1,NoClonal
P1207,TTC69-20161207,CD8,CD8_C05-CD6,CRC.P1207_C000070:1,NoClonal
P1207,TTC77-20161207,CD8,CD8_C08-SLC4A10,CRC.P1207_C000071:1,NoClonal
P1207,PTC120-20161207,CD8,CD8_C03-CX3CR1,CRC.P1207_C000072:1,NoClonal
P1207,TTC89-20161207,CD8,CD8_C05-CD6,CRC.P1207_C000073:1,NoClonal
P1207,PTC180-20161207,CD8,CD8_C03-CX3CR1,CRC.P1207_C000074:1,NoClonal
P1207,TTC29-20161207,CD8,CD8_C04-GZMK,CRC.P1207_C000075:1,NoClonal
P1207,PTC133-20161207,CD8,CD8_C04-GZMK,CRC.P1207_C000076:1,NoClonal
P1207,PTC142-20161207,CD8,CD8_C04-GZMK,CRC.P1207_C000077:1,NoClonal
P1207,TTC81-20161207,CD8,CD8_C05-CD6,CRC.P1207_C000078:1,NoClonal
P1207,PTC146-20161207,CD8,CD8_C04-GZMK,CRC.P1207_C000079:1,NoClonal
P1207,PTC47-20161207,CD8,CD8_C02-GPR183,CRC.P1207_C000081:1,NoClonal
P1207,PTC135-20161207,CD8,CD8_C04-GZMK,CRC.P1207_C000082:1,NoClonal
P1207,PTC41-20161207,CD8,CD8_C02-GPR183,CRC.P1207_C000085:1,NoClonal
P1207,PTC99-20161207,CD8,CD8_C01-LEF1,CRC.P1207_C000088:1,NoClonal
P1207,TTC85-20161207,CD8,CD8_C04-GZMK,CRC.P1207_C000089:1,NoClonal
P1207,TTC25-20161207,CD8,CD8_C07-LAYN,CRC.P1207_C000090:1,NoClonal
P1207,PTC18-20161207,CD8,CD8_C04-GZMK,CRC.P1207_C000091:1,NoClonal
P1207,PTC191-20161207,CD8,CD8_C02-GPR183,CRC.P1207_C000092:1,NoClonal
P1207,PTC31-20161207,CD8,CD8_C04-GZMK,CRC.P1207_C000093:1,NoClonal
P1207,PTC144-20161207,CD8,CD8_C02-GPR183,CRC.P1207_C000095:1,NoClonal
P1207,PTC171-20161207,CD8,CD8_C01-LEF1,CRC.P1207_C000096:1,NoClonal
P1207,TTC4-20161207,other,NA,CRC.P1207_C000097:1,NoClonal
P1207,TTC1-20161207,CD8,CD8_C04-GZMK,CRC.P1207_C000098:1,NoClonal
P1207,PTC10-20161207,CD8,CD8_C01-LEF1,CRC.P1207_C000099:1,NoClonal
P1207,PTC121-20161207,CD8,CD8_C01-LEF1,CRC.P1207_C000100:1,NoClonal
P1207,PTC27-20161207,CD8,CD8_C04-GZMK,CRC.P1207_C000101:1,NoClonal
P1207,TTC35-20161207,CD8,CD8_C04-GZMK,CRC.P1207_C000102:1,NoClonal
P1207,PTC19-20161207,CD8,CD8_C01-LEF1,CRC.P1207_C000103:1,NoClonal
P1207,PTC4-20161207,CD8,CD8_C01-LEF1,CRC.P1207_C000104:1,NoClonal
P1207,PTC164-20161207,CD8,CD8_C03-CX3CR1,CRC.P1207_C000109:1,NoClonal
P1207,TTC28-20161207,CD8,CD8_C04-GZMK,CRC.P1207_C000110:1,NoClonal
P1207,TTC78-20161207,CD8,CD8_C04-GZMK,CRC.P1207_C000111:1,NoClonal
P1207,PTC8-20161207,CD8,CD8_C02-GPR183,CRC.P1207_C000112:1,NoClonal
P1207,PTC143-20161207,CD8,CD8_C01-LEF1,CRC.P1207_C000113:1,NoClonal
P1207,PTC167-20161207,CD8,CD8_C02-GPR183,CRC.P1207_C000114:1,NoClonal
P1207,PTC150-20161207,CD8,CD8_C02-GPR183,CRC.P1207_C000115:1,NoClonal
P1207,TTC71-20161207,CD8,CD8_C08-SLC4A10,CRC.P1207_C000116:1,NoClonal
P1207,PTC117-20161207,CD8,CD8_C01-LEF1,CRC.P1207_C000117:1,NoClonal
P1207,TTC80-20161207,CD8,CD8_C06-CD160,CRC.P1207_C000119:1,NoClonal
P1207,PTC158-20161207,CD8,CD8_C03-CX3CR1,CRC.P1207_C000120:1,NoClonal
P1207,PTC3-20161207,CD8,CD8_C04-GZMK,CRC.P1207_C000121:1,NoClonal
P1207,PTC35-20161207,CD8,CD8_C01-LEF1,CRC.P1207_C000122:1,NoClonal
P1207,TTC96-20161207,CD8,CD8_C04-GZMK,CRC.P1207_C000123:1,NoClonal
P1207,TTC65-20161207,CD8,CD8_C06-CD160,CRC.P1207_C000124:1,NoClonal
P1207,TTC62-20161207,CD8,CD8_C05-CD6,CRC.P1207_C000125:1,NoClonal
P1212,PTC77-20161212,CD8,CD8_C03-CX3CR1,CRC.P1212_C000029:48,Clonal
P1212,PTC15-20161212,CD8,CD8_C03-CX3CR1,CRC.P1212_C000029:48,Clonal
P1212,PTC173-20161212,CD8,CD8_C03-CX3CR1,CRC.P1212_C000029:48,Clonal
P1212,TTC70-20161212,CD8,CD8_C03-CX3CR1,CRC.P1212_C000029:48,Clonal
P1212,PTC4-20161212,CD8,CD8_C03-CX3CR1,CRC.P1212_C000029:48,Clonal
P1212,PTC2-20161212,CD8,CD8_C03-CX3CR1,CRC.P1212_C000029:48,Clonal
P1212,PTC186-20161212,CD8,CD8_C03-CX3CR1,CRC.P1212_C000029:48,Clonal
P1212,PTC111-20161212,CD8,CD8_C03-CX3CR1,CRC.P1212_C000029:48,Clonal
P1212,NTC269-20161212,CD8,CD8_C03-CX3CR1,CRC.P1212_C000029:48,Clonal
P1212,TTC99-1212,CD8,CD8_C03-CX3CR1,CRC.P1212_C000029:48,Clonal
P1212,PTC9-20161212,CD8,CD8_C03-CX3CR1,CRC.P1212_C000029:48,Clonal
P1212,PTC12-20161212,CD8,CD8_C03-CX3CR1,CRC.P1212_C000029:48,Clonal
P1212,PTC70-20161212,CD8,CD8_C03-CX3CR1,CRC.P1212_C000029:48,Clonal
P1212,PTC175-20161212,CD8,CD8_C03-CX3CR1,CRC.P1212_C000029:48,Clonal
P1212,PTC11-20161212,CD8,CD8_C03-CX3CR1,CRC.P1212_C000029:48,Clonal
P1212,PTC109-20161212,CD8,CD8_C03-CX3CR1,CRC.P1212_C000029:48,Clonal
P1212,PTC177-20161212,CD8,CD8_C03-CX3CR1,CRC.P1212_C000029:48,Clonal
P1212,PTC120-20161212,CD8,CD8_C03-CX3CR1,CRC.P1212_C000029:48,Clonal
P1212,NTC11-20161212,CD8,CD8_C03-CX3CR1,CRC.P1212_C000029:48,Clonal
P1212,TTC129-1212,CD8,CD8_C03-CX3CR1,CRC.P1212_C000029:48,Clonal
P1212,TTC68-20161212,CD8,CD8_C03-CX3CR1,CRC.P1212_C000029:48,Clonal
P1212,PTC84-1212,CD8,CD8_C03-CX3CR1,CRC.P1212_C000029:48,Clonal
P1212,PTC103-20161212,CD8,CD8_C03-CX3CR1,CRC.P1212_C000029:48,Clonal
P1212,TTC134-1212,CD8,CD8_C03-CX3CR1,CRC.P1212_C000029:48,Clonal
P1212,TTC109-1212,CD8,CD8_C03-CX3CR1,CRC.P1212_C000029:48,Clonal
P1212,PTC191-20161212,CD8,CD8_C03-CX3CR1,CRC.P1212_C000029:48,Clonal
P1212,PTC100-20161212,CD8,CD8_C03-CX3CR1,CRC.P1212_C000029:48,Clonal
P1212,TTC53-20161212,CD8,CD8_C03-CX3CR1,CRC.P1212_C000029:48,Clonal
P1212,PTC118-20161212,CD8,CD8_C03-CX3CR1,CRC.P1212_C000029:48,Clonal
P1212,TTC206-20161212,CD8,CD8_C03-CX3CR1,CRC.P1212_C000029:48,Clonal
P1212,PTC88-1212,CD8,CD8_C03-CX3CR1,CRC.P1212_C000029:48,Clonal
P1212,PTC10-20161212,CD8,CD8_C03-CX3CR1,CRC.P1212_C000029:48,Clonal
P1212,TTC40-20161212,CD8,CD8_C03-CX3CR1,CRC.P1212_C000029:48,Clonal
P1212,PTC3-20161212,CD8,CD8_C03-CX3CR1,CRC.P1212_C000029:48,Clonal
P1212,PTC79-1212,CD8,CD8_C03-CX3CR1,CRC.P1212_C000029:48,Clonal
P1212,TTC103-1212,CD8,CD8_C03-CX3CR1,CRC.P1212_C000029:48,Clonal
P1212,PTC24-20161212,CD8,CD8_C03-CX3CR1,CRC.P1212_C000029:48,Clonal
P1212,PTC19-20161212,CD8,CD8_C03-CX3CR1,CRC.P1212_C000029:48,Clonal
P1212,PTC96-1212,CD8,CD8_C03-CX3CR1,CRC.P1212_C000029:48,Clonal
P1212,PTC13-20161212,CD8,CD8_C03-CX3CR1,CRC.P1212_C000029:48,Clonal
P1212,PTC71-20161212,CD8,CD8_C03-CX3CR1,CRC.P1212_C000029:48,Clonal
P1212,NTC134-20161212,CD8,CD8_C03-CX3CR1,CRC.P1212_C000029:48,Clonal
P1212,TTC118-1212,CD8,CD8_C03-CX3CR1,CRC.P1212_C000029:48,Clonal
P1212,TTC18-20161212,CD8,CD8_C04-GZMK,CRC.P1212_C000029:48,Clonal
P1212,TTC248-20161212,CD8,CD8_C04-GZMK,CRC.P1212_C000029:48,Clonal
P1212,TTC9-20161212,CD8,CD8_C04-GZMK,CRC.P1212_C000029:48,Clonal
P1212,TTC7-20161212,CD8,CD8_C04-GZMK,CRC.P1212_C000029:48,Clonal
P1212,TTC215-20161212,CD8,CD8_C04-GZMK,CRC.P1212_C000029:48,Clonal
P1212,NTC12-20161212,CD8,CD8_C04-GZMK,CRC.P1212_C000018:21,Clonal
P1212,NTC268-20161212,CD8,CD8_C05-CD6,CRC.P1212_C000018:21,Clonal
P1212,NTC21-20161212,CD8,CD8_C05-CD6,CRC.P1212_C000018:21,Clonal
P1212,NTC285-20161212,CD8,CD8_C05-CD6,CRC.P1212_C000018:21,Clonal
P1212,NTC148-20161212,CD8,CD8_C05-CD6,CRC.P1212_C000018:21,Clonal
P1212,NTC6-20161212,CD8,CD8_C05-CD6,CRC.P1212_C000018:21,Clonal
P1212,NTC175-20161212,CD8,CD8_C05-CD6,CRC.P1212_C000018:21,Clonal
P1212,NTC173-20161212,CD8,CD8_C05-CD6,CRC.P1212_C000018:21,Clonal
P1212,TTC230-20161212,CD8,CD8_C05-CD6,CRC.P1212_C000018:21,Clonal
P1212,NTC78-20161212,CD8,CD8_C05-CD6,CRC.P1212_C000018:21,Clonal
P1212,NTC57-20161212,CD8,CD8_C05-CD6,CRC.P1212_C000018:21,Clonal
P1212,NTC140-20161212,CD8,CD8_C05-CD6,CRC.P1212_C000018:21,Clonal
P1212,NTC276-20161212,CD8,CD8_C05-CD6,CRC.P1212_C000018:21,Clonal
P1212,NTC206-20161212,CD8,CD8_C05-CD6,CRC.P1212_C000018:21,Clonal
P1212,NTC160-20161212,CD8,CD8_C05-CD6,CRC.P1212_C000018:21,Clonal
P1212,NTC138-20161212,CD8,CD8_C05-CD6,CRC.P1212_C000018:21,Clonal
P1212,NTC65-20161212,CD8,CD8_C05-CD6,CRC.P1212_C000018:21,Clonal
P1212,NTC183-20161212,CD8,CD8_C05-CD6,CRC.P1212_C000018:21,Clonal
P1212,NTC23-20161212,CD8,CD8_C05-CD6,CRC.P1212_C000018:21,Clonal
P1212,NTC143-20161212,CD8,CD8_C05-CD6,CRC.P1212_C000018:21,Clonal
P1212,NTC280-20161212,CD8,CD8_C05-CD6,CRC.P1212_C000018:21,Clonal
P1212,PTC94-1212,CD8,CD8_C03-CX3CR1,CRC.P1212_C000066:20,Clonal
P1212,PTC188-20161212,CD8,CD8_C03-CX3CR1,CRC.P1212_C000066:20,Clonal
P1212,TTC83-20161212,CD8,CD8_C03-CX3CR1,CRC.P1212_C000066:20,Clonal
P1212,NTC81-20161212,CD8,CD8_C03-CX3CR1,CRC.P1212_C000066:20,Clonal
P1212,PTC187-20161212,CD8,CD8_C03-CX3CR1,CRC.P1212_C000066:20,Clonal
P1212,NTC287-20161212,CD8,CD8_C03-CX3CR1,CRC.P1212_C000066:20,Clonal
P1212,PTC21-20161212,CD8,CD8_C03-CX3CR1,CRC.P1212_C000066:20,Clonal
P1212,PTC26-20161212,CD8,CD8_C03-CX3CR1,CRC.P1212_C000066:20,Clonal
P1212,PTC73-20161212,CD8,CD8_C03-CX3CR1,CRC.P1212_C000066:20,Clonal
P1212,NTC25-20161212,CD8,CD8_C03-CX3CR1,CRC.P1212_C000066:20,Clonal
P1212,PTC125-20161212,CD8,CD8_C03-CX3CR1,CRC.P1212_C000066:20,Clonal
P1212,PTC180-20161212,CD8,CD8_C03-CX3CR1,CRC.P1212_C000066:20,Clonal
P1212,PTC87-1212,CD8,CD8_C03-CX3CR1,CRC.P1212_C000066:20,Clonal
P1212,TTC26-20161212,CD8,CD8_C03-CX3CR1,CRC.P1212_C000066:20,Clonal
P1212,PTC51-20161212,CD8,CD8_C03-CX3CR1,CRC.P1212_C000066:20,Clonal
P1212,TTC141-1212,CD8,CD8_C04-GZMK,CRC.P1212_C000066:20,Clonal
P1212,TTC4-20161212,CD8,CD8_C04-GZMK,CRC.P1212_C000066:20,Clonal
P1212,TTC173-1212,CD8,CD8_C04-GZMK,CRC.P1212_C000066:20,Clonal
P1212,TTC199-20161212,CD8,CD8_C04-GZMK,CRC.P1212_C000066:20,Clonal
P1212,NTC117-20161212,other,NA,CRC.P1212_C000066:20,Clonal
P1212,TTC45-20161212,CD8,CD8_C04-GZMK,CRC.P1212_C000124:16,Clonal
P1212,TTC124-1212,CD8,CD8_C07-LAYN,CRC.P1212_C000124:16,Clonal
P1212,TTC186-1212,CD8,CD8_C07-LAYN,CRC.P1212_C000124:16,Clonal
P1212,TTC154-1212,CD8,CD8_C07-LAYN,CRC.P1212_C000124:16,Clonal
P1212,TTC239-20161212,CD8,CD8_C07-LAYN,CRC.P1212_C000124:16,Clonal
P1212,TTC92-20161212,CD8,CD8_C07-LAYN,CRC.P1212_C000124:16,Clonal
P1212,TTC100-1212,CD8,CD8_C07-LAYN,CRC.P1212_C000124:16,Clonal
P1212,TTC263-20161212,CD8,CD8_C07-LAYN,CRC.P1212_C000124:16,Clonal
P1212,TTC59-20161212,CD8,CD8_C07-LAYN,CRC.P1212_C000124:16,Clonal
P1212,TTC44-20161212,CD8,CD8_C07-LAYN,CRC.P1212_C000124:16,Clonal
P1212,TTC31-20161212,CD8,CD8_C07-LAYN,CRC.P1212_C000124:16,Clonal
P1212,TTC58-20161212,CD8,CD8_C07-LAYN,CRC.P1212_C000124:16,Clonal
P1212,TTC36-20161212,CD8,CD8_C07-LAYN,CRC.P1212_C000124:16,Clonal
P1212,TTC204-20161212,CD8,CD8_C07-LAYN,CRC.P1212_C000124:16,Clonal
P1212,TTC138-20161212,CD8,CD8_C07-LAYN,CRC.P1212_C000124:16,Clonal
P1212,TTC181-1212,CD8,CD8_C07-LAYN,CRC.P1212_C000124:16,Clonal
P1212,PTC127-20161212,CD8,CD8_C02-GPR183,CRC.P1212_C000096:12,Clonal
P1212,PTC102-20161212,CD8,CD8_C03-CX3CR1,CRC.P1212_C000096:12,Clonal
P1212,PTC169-20161212,CD8,CD8_C03-CX3CR1,CRC.P1212_C000096:12,Clonal
P1212,TTC189-20161212,CD8,CD8_C03-CX3CR1,CRC.P1212_C000096:12,Clonal
P1212,PTC83-1212,CD8,CD8_C03-CX3CR1,CRC.P1212_C000096:12,Clonal
P1212,PTC108-20161212,CD8,CD8_C03-CX3CR1,CRC.P1212_C000096:12,Clonal
P1212,PTC95-1212,CD8,CD8_C03-CX3CR1,CRC.P1212_C000096:12,Clonal
P1212,TTC187-20161212,CD8,CD8_C04-GZMK,CRC.P1212_C000096:12,Clonal
P1212,NTC92-20161212,CD8,CD8_C04-GZMK,CRC.P1212_C000096:12,Clonal
P1212,TTC127-1212,CD8,CD8_C04-GZMK,CRC.P1212_C000096:12,Clonal
P1212,TTC1-20161212,CD8,CD8_C04-GZMK,CRC.P1212_C000096:12,Clonal
P1212,TTC101-1212,CD8,CD8_C04-GZMK,CRC.P1212_C000096:12,Clonal
P1212,TTC61-20161212,CD8,CD8_C05-CD6,CRC.P1212_C000003:9,Clonal
P1212,TTC33-20161212,CD8,CD8_C05-CD6,CRC.P1212_C000003:9,Clonal
P1212,TTC151-1212,CD8,CD8_C05-CD6,CRC.P1212_C000003:9,Clonal
P1212,TTC185-1212,CD8,CD8_C05-CD6,CRC.P1212_C000003:9,Clonal
P1212,TTC17-20161212,CD8,CD8_C05-CD6,CRC.P1212_C000003:9,Clonal
P1212,TTC196-20161212,CD8,CD8_C07-LAYN,CRC.P1212_C000003:9,Clonal
P1212,TTC225-20161212,CD8,CD8_C07-LAYN,CRC.P1212_C000003:9,Clonal
P1212,TTC13-20161212,CD8,CD8_C07-LAYN,CRC.P1212_C000003:9,Clonal
P1212,TTC192-20161212,CD8,CD8_C07-LAYN,CRC.P1212_C000003:9,Clonal
P1212,NTC28-20161212,CD8,CD8_C05-CD6,CRC.P1212_C000038:8,Clonal
P1212,NTC108-20161212,CD8,CD8_C05-CD6,CRC.P1212_C000038:8,Clonal
P1212,NTC68-20161212,CD8,CD8_C05-CD6,CRC.P1212_C000038:8,Clonal
P1212,NTC282-20161212,CD8,CD8_C05-CD6,CRC.P1212_C000038:8,Clonal
P1212,NTC155-20161212,CD8,CD8_C05-CD6,CRC.P1212_C000038:8,Clonal
P1212,NTC182-20161212,CD8,CD8_C05-CD6,CRC.P1212_C000038:8,Clonal
P1212,NTC34-20161212,CD8,CD8_C05-CD6,CRC.P1212_C000038:8,Clonal
P1212,NTC171-20161212,CD8,CD8_C05-CD6,CRC.P1212_C000038:8,Clonal
P1212,TTC87-20161212,CD8,CD8_C07-LAYN,CRC.P1212_C000109:7,Clonal
P1212,TTC64-20161212,CD8,CD8_C07-LAYN,CRC.P1212_C000109:7,Clonal
P1212,TTC2-20161212,CD8,CD8_C07-LAYN,CRC.P1212_C000109:7,Clonal
P1212,TTC121-1212,CD8,CD8_C07-LAYN,CRC.P1212_C000109:7,Clonal
P1212,TTC147-1212,CD8,CD8_C07-LAYN,CRC.P1212_C000109:7,Clonal
P1212,TTC3-20161212,CD8,CD8_C07-LAYN,CRC.P1212_C000109:7,Clonal
P1212,TTC120-1212,CD8,CD8_C07-LAYN,CRC.P1212_C000109:7,Clonal
P1212,TTR118-20161212,CD4,CD4_C12-CTLA4,CRC.P1212_C000218:7,Clonal
P1212,TTR2-20161212,CD4,CD4_C12-CTLA4,CRC.P1212_C000218:7,Clonal
P1212,TTR94-20161212,CD4,CD4_C12-CTLA4,CRC.P1212_C000218:7,Clonal
P1212,TTR6-20161212,CD4,CD4_C12-CTLA4,CRC.P1212_C000218:7,Clonal
P1212,TTR110-20161212,CD4,CD4_C12-CTLA4,CRC.P1212_C000218:7,Clonal
P1212,TTR125-20161212,CD4,CD4_C12-CTLA4,CRC.P1212_C000218:7,Clonal
P1212,TTR48-20161212,other,NA,CRC.P1212_C000218:7,Clonal
P1212,PTC92-1212,CD8,CD8_C03-CX3CR1,CRC.P1212_C000036:6,Clonal
P1212,TTC50-20161212,CD8,CD8_C04-GZMK,CRC.P1212_C000036:6,Clonal
P1212,TTC10-20161212,CD8,CD8_C04-GZMK,CRC.P1212_C000036:6,Clonal
P1212,TTC202-20161212,CD8,CD8_C04-GZMK,CRC.P1212_C000036:6,Clonal
P1212,TTC226-20161212,CD8,CD8_C04-GZMK,CRC.P1212_C000036:6,Clonal
P1212,TTC150-1212,CD8,CD8_C04-GZMK,CRC.P1212_C000036:6,Clonal
P1212,NTC45-20161212,CD8,CD8_C05-CD6,CRC.P1212_C000269:6,Clonal
P1212,NTC146-20161212,CD8,CD8_C05-CD6,CRC.P1212_C000269:6,Clonal
P1212,NTC274-20161212,CD8,CD8_C05-CD6,CRC.P1212_C000269:6,Clonal
P1212,NTC3-20161212,CD8,CD8_C05-CD6,CRC.P1212_C000269:6,Clonal
P1212,NTC9-20161212,CD8,CD8_C05-CD6,CRC.P1212_C000269:6,Clonal
P1212,NTC122-20161212,CD8,CD8_C05-CD6,CRC.P1212_C000269:6,Clonal
P1212,PTH82-1212,CD4,CD4_C03-GNLY,CRC.P1212_C000317:6,Clonal
P1212,PTH124-1212,CD4,CD4_C03-GNLY,CRC.P1212_C000317:6,Clonal
P1212,PTH42-1212,CD4,CD4_C03-GNLY,CRC.P1212_C000317:6,Clonal
P1212,PTH145-1212,CD4,CD4_C03-GNLY,CRC.P1212_C000317:6,Clonal
P1212,PTH123-1212,CD4,CD4_C03-GNLY,CRC.P1212_C000317:6,Clonal
P1212,TTH72-20161212,CD4,CD4_C03-GNLY,CRC.P1212_C000317:6,Clonal
P1212,PTC182-20161212,CD8,CD8_C02-GPR183,CRC.P1212_C000043:5,Clonal
P1212,PTC93-1212,CD8,CD8_C03-CX3CR1,CRC.P1212_C000043:5,Clonal
P1212,PTC181-20161212,CD8,CD8_C03-CX3CR1,CRC.P1212_C000043:5,Clonal
P1212,PTC49-20161212,CD8,CD8_C03-CX3CR1,CRC.P1212_C000043:5,Clonal
P1212,TTC158-1212,CD8,CD8_C04-GZMK,CRC.P1212_C000043:5,Clonal
P1212,NTC163-20161212,CD8,CD8_C05-CD6,CRC.P1212_C000064:5,Clonal
P1212,NTC31-20161212,CD8,CD8_C05-CD6,CRC.P1212_C000064:5,Clonal
P1212,NTC4-20161212,CD8,CD8_C05-CD6,CRC.P1212_C000064:5,Clonal
P1212,NTC119-20161212,CD8,CD8_C05-CD6,CRC.P1212_C000064:5,Clonal
P1212,NTC87-20161212,CD8,CD8_C05-CD6,CRC.P1212_C000064:5,Clonal
P1212,TTC73-20161212,CD8,CD8_C06-CD160,CRC.P1212_C000092:5,Clonal
P1212,TTC178-1212,CD8,CD8_C07-LAYN,CRC.P1212_C000092:5,Clonal
P1212,TTC97-20161212,CD8,CD8_C07-LAYN,CRC.P1212_C000092:5,Clonal
P1212,TTC144-20161212,CD8,CD8_C07-LAYN,CRC.P1212_C000092:5,Clonal
P1212,TTC231-20161212,CD8,CD8_C07-LAYN,CRC.P1212_C000092:5,Clonal
P1212,TTR129-20161212,CD4,CD4_C12-CTLA4,CRC.P1212_C000208:5,Clonal
P1212,TTR97-20161212,CD4,CD4_C12-CTLA4,CRC.P1212_C000208:5,Clonal
P1212,TTR111-20161212,CD4,CD4_C12-CTLA4,CRC.P1212_C000208:5,Clonal
P1212,TTR65-20161212,CD4,CD4_C12-CTLA4,CRC.P1212_C000208:5,Clonal
P1212,TTR18-20161212,other,NA,CRC.P1212_C000208:5,Clonal
P1212,PTC18-20161212,CD8,CD8_C03-CX3CR1,CRC.P1212_C000215:5,Clonal
P1212,PTC101-20161212,CD8,CD8_C03-CX3CR1,CRC.P1212_C000215:5,Clonal
P1212,TTC110-1212,CD8,CD8_C04-GZMK,CRC.P1212_C000215:5,Clonal
P1212,TTC19-20161212,CD8,CD8_C04-GZMK,CRC.P1212_C000215:5,Clonal
P1212,TTC93-20161212,CD8,CD8_C04-GZMK,CRC.P1212_C000215:5,Clonal
P1212,PTC20-20161212,CD8,CD8_C03-CX3CR1,CRC.P1212_C000241:5,Clonal
P1212,NTC136-20161212,CD8,CD8_C04-GZMK,CRC.P1212_C000241:5,Clonal
P1212,TTC123-1212,CD8,CD8_C04-GZMK,CRC.P1212_C000241:5,Clonal
P1212,TTC167-1212,CD8,CD8_C04-GZMK,CRC.P1212_C000241:5,Clonal
P1212,TTC212-20161212,CD8,CD8_C04-GZMK,CRC.P1212_C000241:5,Clonal
P1212,NTC93-20161212,CD8,CD8_C06-CD160,CRC.P1212_C000057:4,Clonal
P1212,NTC186-20161212,CD8,CD8_C06-CD160,CRC.P1212_C000057:4,Clonal
P1212,NTC168-20161212,CD8,CD8_C06-CD160,CRC.P1212_C000057:4,Clonal
P1212,TTC207-20161212,other,NA,CRC.P1212_C000057:4,Clonal
P1212,PTC172-20161212,CD8,CD8_C03-CX3CR1,CRC.P1212_C000098:4,Clonal
P1212,PTC184-20161212,CD8,CD8_C03-CX3CR1,CRC.P1212_C000098:4,Clonal
P1212,TTC80-20161212,CD8,CD8_C03-CX3CR1,CRC.P1212_C000098:4,Clonal
P1212,PTC190-20161212,CD8,CD8_C03-CX3CR1,CRC.P1212_C000098:4,Clonal
P1212,TTH91-20161212,CD4,CD4_C08-IL23R,CRC.P1212_C000239:4,Clonal
P1212,TTH47-20161212,CD4,CD4_C09-CXCL13,CRC.P1212_C000239:4,Clonal
P1212,TTH51-20161212,CD4,CD4_C09-CXCL13,CRC.P1212_C000239:4,Clonal
P1212,TTR122-20161212,CD4,CD4_C12-CTLA4,CRC.P1212_C000239:4,Clonal
P1212,NTC132-20161212,CD8,CD8_C05-CD6,CRC.P1212_C000257:4,Clonal
P1212,NTC51-20161212,CD8,CD8_C05-CD6,CRC.P1212_C000257:4,Clonal
P1212,NTC91-20161212,CD8,CD8_C05-CD6,CRC.P1212_C000257:4,Clonal
P1212,NTC7-20161212,CD8,CD8_C05-CD6,CRC.P1212_C000257:4,Clonal
P1212,NTC10-20161212,CD8,CD8_C06-CD160,CRC.P1212_C000425:4,Clonal
P1212,TTC5-20161212,CD8,CD8_C06-CD160,CRC.P1212_C000425:4,Clonal
P1212,NTC124-20161212,CD8,CD8_C06-CD160,CRC.P1212_C000425:4,Clonal
P1212,NTC49-20161212,CD8,CD8_C06-CD160,CRC.P1212_C000425:4,Clonal
P1212,NTC27-20161212,CD8,CD8_C05-CD6,CRC.P1212_C000005:3,Clonal
P1212,NTC126-20161212,CD8,CD8_C05-CD6,CRC.P1212_C000005:3,Clonal
P1212,NTC139-20161212,CD8,CD8_C05-CD6,CRC.P1212_C000005:3,Clonal
P1212,NTC145-20161212,CD8,CD8_C05-CD6,CRC.P1212_C000020:3,Clonal
P1212,NTC181-20161212,CD8,CD8_C05-CD6,CRC.P1212_C000020:3,Clonal
P1212,NTC113-20161212,DP,NA,CRC.P1212_C000020:3,Clonal
P1212,PTH147-1212,CD4,CD4_C03-GNLY,CRC.P1212_C000031:3,Clonal
P1212,PTH170-1212,CD4,CD4_C03-GNLY,CRC.P1212_C000031:3,Clonal
P1212,TTH13-20161212,other,NA,CRC.P1212_C000031:3,Clonal
P1212,TTC51-20161212,CD8,CD8_C03-CX3CR1,CRC.P1212_C000065:3,Clonal
P1212,TTC170-1212,CD8,CD8_C04-GZMK,CRC.P1212_C000065:3,Clonal
P1212,NTC20-20161212,CD8,CD8_C04-GZMK,CRC.P1212_C000065:3,Clonal
P1212,TTC113-1212,CD8,CD8_C04-GZMK,CRC.P1212_C000074:3,Clonal
P1212,TTC229-20161212,CD8,CD8_C04-GZMK,CRC.P1212_C000074:3,Clonal
P1212,TTC155-1212,CD8,CD8_C04-GZMK,CRC.P1212_C000074:3,Clonal
P1212,NTC159-20161212,CD8,CD8_C05-CD6,CRC.P1212_C000130:3,Clonal
P1212,NTC22-20161212,CD8,CD8_C05-CD6,CRC.P1212_C000130:3,Clonal
P1212,NTC52-20161212,CD8,CD8_C05-CD6,CRC.P1212_C000130:3,Clonal
P1212,TTR133-20161212,CD4,CD4_C12-CTLA4,CRC.P1212_C000206:3,Clonal
P1212,TTR19-20161212,CD4,CD4_C12-CTLA4,CRC.P1212_C000206:3,Clonal
P1212,TTR11-20161212,other,NA,CRC.P1212_C000206:3,Clonal
P1212,TTR25-20161212,CD4,CD4_C12-CTLA4,CRC.P1212_C000228:3,Clonal
P1212,TTR130-20161212,CD4,CD4_C12-CTLA4,CRC.P1212_C000228:3,Clonal
P1212,TTR90-20161212,CD4,CD4_C12-CTLA4,CRC.P1212_C000228:3,Clonal
P1212,NTC162-20161212,CD8,CD8_C05-CD6,CRC.P1212_C000247:3,Clonal
P1212,NTC201-20161212,CD8,CD8_C05-CD6,CRC.P1212_C000247:3,Clonal
P1212,NTC104-20161212,CD8,CD8_C05-CD6,CRC.P1212_C000247:3,Clonal
P1212,NTC187-20161212,CD8,CD8_C05-CD6,CRC.P1212_C000271:3,Clonal
P1212,NTC47-20161212,CD8,CD8_C05-CD6,CRC.P1212_C000271:3,Clonal
P1212,NTC239-20161212,CD8,CD8_C05-CD6,CRC.P1212_C000271:3,Clonal
P1212,TTC184-1212,CD8,CD8_C07-LAYN,CRC.P1212_C000275:3,Clonal
P1212,TTC106-20161212,CD8,CD8_C07-LAYN,CRC.P1212_C000275:3,Clonal
P1212,TTC224-20161212,CD8,CD8_C07-LAYN,CRC.P1212_C000275:3,Clonal
P1212,NTC106-20161212,CD8,CD8_C05-CD6,CRC.P1212_C000285:3,Clonal
P1212,NTC141-20161212,CD8,CD8_C05-CD6,CRC.P1212_C000285:3,Clonal
P1212,NTC62-20161212,CD8,CD8_C05-CD6,CRC.P1212_C000285:3,Clonal
P1212,PTC183-20161212,CD8,CD8_C03-CX3CR1,CRC.P1212_C000389:3,Clonal
P1212,TTC81-20161212,CD8,CD8_C04-GZMK,CRC.P1212_C000389:3,Clonal
P1212,TTC21-20161212,CD8,CD8_C04-GZMK,CRC.P1212_C000389:3,Clonal
P1212,TTH30-20161212,CD4,CD4_C08-IL23R,CRC.P1212_C000392:3,Clonal
P1212,TTH57-20161212,CD4,CD4_C08-IL23R,CRC.P1212_C000392:3,Clonal
P1212,TTH77-20161212,other,NA,CRC.P1212_C000392:3,Clonal
P1212,NTC147-20161212,CD8,CD8_C05-CD6,CRC.P1212_C000454:3,Clonal
P1212,TTC55-20161212,CD8,CD8_C05-CD6,CRC.P1212_C000454:3,Clonal
P1212,TTC62-20161212,CD8,CD8_C05-CD6,CRC.P1212_C000454:3,Clonal
P1212,NTC166-20161212,CD8,CD8_C05-CD6,CRC.P1212_C000480:3,Clonal
P1212,NTC75-20161212,CD8,CD8_C05-CD6,CRC.P1212_C000480:3,Clonal
P1212,NTC150-20161212,other,NA,CRC.P1212_C000480:3,Clonal
P1212,TTC15-20161212,CD8,CD8_C07-LAYN,CRC.P1212_C000535:3,Clonal
P1212,TTC237-20161212,CD8,CD8_C07-LAYN,CRC.P1212_C000535:3,Clonal
P1212,TTC168-20161212,CD8,CD8_C07-LAYN,CRC.P1212_C000535:3,Clonal
P1212,NTC279-20161212,CD8,CD8_C05-CD6,CRC.P1212_C000608:3,Clonal
P1212,NTC127-20161212,CD8,CD8_C05-CD6,CRC.P1212_C000608:3,Clonal
P1212,TTC240-20161212,CD8,CD8_C05-CD6,CRC.P1212_C000608:3,Clonal
P1212,TTC176-1212,CD8,CD8_C07-LAYN,CRC.P1212_C000044:2,Clonal
P1212,TTC175-1212,CD8,CD8_C07-LAYN,CRC.P1212_C000044:2,Clonal
P1212,NTC55-20161212,CD8,CD8_C05-CD6,CRC.P1212_C000047:2,Clonal
P1212,NTC1-20161212,CD8,CD8_C05-CD6,CRC.P1212_C000047:2,Clonal
P1212,TTR70-20161212,CD4,CD4_C12-CTLA4,CRC.P1212_C000048:2,Clonal
P1212,TTR105-20161212,CD4,CD4_C12-CTLA4,CRC.P1212_C000048:2,Clonal
P1212,PTC48-20161212,CD8,CD8_C02-GPR183,CRC.P1212_C000050:2,Clonal
P1212,TTC90-20161212,CD8,CD8_C05-CD6,CRC.P1212_C000050:2,Clonal
P1212,NTC105-20161212,CD8,CD8_C05-CD6,CRC.P1212_C000054:2,Clonal
P1212,NTC5-20161212,CD8,CD8_C05-CD6,CRC.P1212_C000054:2,Clonal
P1212,NTC97-20161212,CD8,CD8_C05-CD6,CRC.P1212_C000077:2,Clonal
P1212,NTC63-20161212,CD8,CD8_C05-CD6,CRC.P1212_C000077:2,Clonal
P1212,TTR38-20161212,CD4,CD4_C12-CTLA4,CRC.P1212_C000090:2,Clonal
P1212,TTR114-20161212,other,NA,CRC.P1212_C000090:2,Clonal
P1212,NTH233-20161212,CD4,CD4_C06-CXCR5,CRC.P1212_C000103:2,Clonal
P1212,NTH37-20161212,CD4,CD4_C06-CXCR5,CRC.P1212_C000103:2,Clonal
P1212,TTC218-20161212,CD8,CD8_C07-LAYN,CRC.P1212_C000123:2,Clonal
P1212,TTC159-20161212,CD8,CD8_C07-LAYN,CRC.P1212_C000123:2,Clonal
P1212,NTC16-20161212,CD8,CD8_C06-CD160,CRC.P1212_C000129:2,Clonal
P1212,NTC41-20161212,CD8,CD8_C06-CD160,CRC.P1212_C000129:2,Clonal
P1212,NTH221-20161212,CD4,CD4_C06-CXCR5,CRC.P1212_C000136:2,Clonal
P1212,NTH271-20161212,other,NA,CRC.P1212_C000136:2,Clonal
P1212,PTC123-20161212,CD8,CD8_C03-CX3CR1,CRC.P1212_C000141:2,Clonal
P1212,NTC71-20161212,CD8,CD8_C04-GZMK,CRC.P1212_C000141:2,Clonal
P1212,TTR134-20161212,CD4,CD4_C12-CTLA4,CRC.P1212_C000143:2,Clonal
P1212,TTR43-20161212,CD4,CD4_C12-CTLA4,CRC.P1212_C000143:2,Clonal
P1212,NTC270-20161212,CD8,CD8_C05-CD6,CRC.P1212_C000147:2,Clonal
P1212,NTC103-20161212,CD8,CD8_C05-CD6,CRC.P1212_C000147:2,Clonal
P1212,NTC170-20161212,CD8,CD8_C07-LAYN,CRC.P1212_C000150:2,Clonal
P1212,TTC77-20161212,CD8,CD8_C07-LAYN,CRC.P1212_C000150:2,Clonal
P1212,NTC283-20161212,CD8,CD8_C06-CD160,CRC.P1212_C000155:2,Clonal
P1212,NTC80-20161212,CD8,CD8_C06-CD160,CRC.P1212_C000155:2,Clonal
P1212,TTC153-1212,CD8,CD8_C02-GPR183,CRC.P1212_C000160:2,Clonal
P1212,NTC86-20161212,CD8,CD8_C05-CD6,CRC.P1212_C000160:2,Clonal
P1212,TTC152-1212,CD8,CD8_C04-GZMK,CRC.P1212_C000168:2,Clonal
P1212,TTC6-20161212,CD8,CD8_C07-LAYN,CRC.P1212_C000168:2,Clonal
P1212,NTH210-20161212,CD4,CD4_C06-CXCR5,CRC.P1212_C000175:2,Clonal
P1212,NTH161-20161212,DN,NA,CRC.P1212_C000175:2,Clonal
P1212,TTC136-20161212,CD8,CD8_C04-GZMK,CRC.P1212_C000192:2,Clonal
P1212,NTC273-20161212,CD8,CD8_C04-GZMK,CRC.P1212_C000192:2,Clonal
P1212,PTC81-1212,CD8,CD8_C03-CX3CR1,CRC.P1212_C000197:2,Clonal
P1212,NTC84-20161212,CD8,CD8_C04-GZMK,CRC.P1212_C000197:2,Clonal
P1212,NTH106-20161212,CD4,CD4_C06-CXCR5,CRC.P1212_C000199:2,Clonal
P1212,NTH2-20161212,CD4,CD4_C06-CXCR5,CRC.P1212_C000199:2,Clonal
P1212,NTC115-20161212,CD8,CD8_C06-CD160,CRC.P1212_C000224:2,Clonal
P1212,NTC180-20161212,CD8,CD8_C06-CD160,CRC.P1212_C000224:2,Clonal
P1212,NTC100-20161212,other,NA,CRC.P1212_C000252:2,Clonal
P1212,NTC266-20161212,other,NA,CRC.P1212_C000252:2,Clonal
P1212,TTR89-20161212,CD4,CD4_C12-CTLA4,CRC.P1212_C000288:2,Clonal
P1212,TTR146-20161212,DN,NA,CRC.P1212_C000288:2,Clonal
P1212,TTR91-20161212,CD4,CD4_C12-CTLA4,CRC.P1212_C000290:2,Clonal
P1212,TTR26-20161212,CD4,CD4_C12-CTLA4,CRC.P1212_C000290:2,Clonal
P1212,TTC125-1212,CD8,CD8_C07-LAYN,CRC.P1212_C000293:2,Clonal
P1212,TTC188-20161212,CD8,CD8_C07-LAYN,CRC.P1212_C000293:2,Clonal
P1212,TTR61-20161212,CD4,CD4_C12-CTLA4,CRC.P1212_C000311:2,Clonal
P1212,TTR124-20161212,CD4,CD4_C12-CTLA4,CRC.P1212_C000311:2,Clonal
P1212,TTH81-20161212,CD4,CD4_C09-CXCL13,CRC.P1212_C000347:2,Clonal
P1212,TTH90-20161212,DN,NA,CRC.P1212_C000347:2,Clonal
P1212,TTC172-1212,CD8,CD8_C04-GZMK,CRC.P1212_C000360:2,Clonal
P1212,NTC64-20161212,CD8,CD8_C04-GZMK,CRC.P1212_C000360:2,Clonal
P1212,TTR86-20161212,CD4,CD4_C12-CTLA4,CRC.P1212_C000373:2,Clonal
P1212,TTR76-20161212,other,NA,CRC.P1212_C000373:2,Clonal
P1212,NTC29-20161212,CD8,CD8_C06-CD160,CRC.P1212_C000380:2,Clonal
P1212,NTC178-20161212,CD8,CD8_C06-CD160,CRC.P1212_C000380:2,Clonal
P1212,TTC137-1212,CD8,CD8_C05-CD6,CRC.P1212_C000393:2,Clonal
P1212,NTC288-20161212,CD8,CD8_C05-CD6,CRC.P1212_C000393:2,Clonal
P1212,TTC95-20161212,CD8,CD8_C04-GZMK,CRC.P1212_C000401:2,Clonal
P1212,TTC20-20161212,CD8,CD8_C07-LAYN,CRC.P1212_C000401:2,Clonal
P1212,TTR142-20161212,CD4,CD4_C12-CTLA4,CRC.P1212_C000424:2,Clonal
P1212,TTR28-20161212,CD4,CD4_C12-CTLA4,CRC.P1212_C000424:2,Clonal
P1212,NTC24-20161212,CD8,CD8_C05-CD6,CRC.P1212_C000435:2,Clonal
P1212,NTC221-20161212,CD8,CD8_C05-CD6,CRC.P1212_C000435:2,Clonal
P1212,TTH14-20161212,CD4,CD4_C07-GZMK,CRC.P1212_C000450:2,Clonal
P1212,TTH71-20161212,CD4,CD4_C07-GZMK,CRC.P1212_C000450:2,Clonal
P1212,NTC263-20161212,CD8,CD8_C06-CD160,CRC.P1212_C000463:2,Clonal
P1212,NTC190-20161212,other,NA,CRC.P1212_C000463:2,Clonal
P1212,NTH47-20161212,CD4,CD4_C05-CXCR6,CRC.P1212_C000507:2,Clonal
P1212,NTY74-20161212,other,NA,CRC.P1212_C000507:2,Clonal
P1212,TTR52-20161212,CD4,CD4_C12-CTLA4,CRC.P1212_C000509:2,Clonal
P1212,TTR53-20161212,CD4,CD4_C12-CTLA4,CRC.P1212_C000509:2,Clonal
P1212,TTR128-20161212,CD4,CD4_C12-CTLA4,CRC.P1212_C000545:2,Clonal
P1212,TTR119-20161212,other,NA,CRC.P1212_C000545:2,Clonal
P1212,TTR109-20161212,CD4,CD4_C12-CTLA4,CRC.P1212_C000551:2,Clonal
P1212,TTR5-20161212,CD4,CD4_C12-CTLA4,CRC.P1212_C000551:2,Clonal
P1212,TTR44-20161212,CD4,CD4_C12-CTLA4,CRC.P1212_C000555:2,Clonal
P1212,TTR120-20161212,CD4,CD4_C12-CTLA4,CRC.P1212_C000555:2,Clonal
P1212,NTC79-20161212,CD8,CD8_C05-CD6,CRC.P1212_C000560:2,Clonal
P1212,NTC61-20161212,CD8,CD8_C05-CD6,CRC.P1212_C000560:2,Clonal
P1212,TTR54-20161212,CD4,CD4_C12-CTLA4,CRC.P1212_C000562:2,Clonal
P1212,TTR85-20161212,other,NA,CRC.P1212_C000562:2,Clonal
P1212,TTC198-20161212,CD8,CD8_C05-CD6,CRC.P1212_C000583:2,Clonal
P1212,NTC60-20161212,CD8,CD8_C05-CD6,CRC.P1212_C000583:2,Clonal
P1212,TTC160-1212,CD8,CD8_C05-CD6,CRC.P1212_C000585:2,Clonal
P1212,TTC171-20161212,CD8,CD8_C07-LAYN,CRC.P1212_C000585:2,Clonal
P1212,TTC42-20161212,CD8,CD8_C04-GZMK,CRC.P1212_C000633:2,Clonal
P1212,TTC116-1212,CD8,CD8_C04-GZMK,CRC.P1212_C000633:2,Clonal
P1212,NTH59-20161212,CD4,CD4_C05-CXCR6,CRC.P1212_C000683:2,Clonal
P1212,NTH249-20161212,DN,NA,CRC.P1212_C000683:2,Clonal
P1212,TTR66-20161212,CD4,CD4_C12-CTLA4,CRC.P1212_C000714:2,Clonal
P1212,TTR15-20161212,CD4,CD4_C12-CTLA4,CRC.P1212_C000714:2,Clonal
P1212,TTC71-20161212,CD8,CD8_C07-LAYN,CRC.P1212_C000783:2,Clonal
P1212,TTC115-1212,CD8,CD8_C07-LAYN,CRC.P1212_C000783:2,Clonal
P1212,NTC214-20161212,CD8,CD8_C04-GZMK,CRC.P1212_C000785:2,Clonal
P1212,NTC275-20161212,CD8,CD8_C05-CD6,CRC.P1212_C000785:2,Clonal
P1212,PTR62-20161212,CD4,CD4_C02-ANXA1,CRC.P1212_C000801:2,Clonal
P1212,PTR54-20161212,CD4,CD4_C10-FOXP3,CRC.P1212_C000801:2,Clonal
P1212,NTC278-20161212,CD8,CD8_C07-LAYN,CRC.P1212_C000001:1,NoClonal
P1212,NTH134-20161212,CD4,CD4_C04-TCF7,CRC.P1212_C000002:1,NoClonal
P1212,NTH170-20161212,CD4,CD4_C04-TCF7,CRC.P1212_C000004:1,NoClonal
P1212,NTH55-20161212,other,NA,CRC.P1212_C000006:1,NoClonal
P1212,TTR7-20161212,CD4,CD4_C12-CTLA4,CRC.P1212_C000007:1,NoClonal
P1212,TTR16-20161212,other,NA,CRC.P1212_C000008:1,NoClonal
P1212,TTR45-20161212,CD4,CD4_C12-CTLA4,CRC.P1212_C000009:1,NoClonal
P1212,NTH163-20161212,CD4,CD4_C07-GZMK,CRC.P1212_C000010:1,NoClonal
P1212,PTR35-20161212,CD4,CD4_C01-CCR7,CRC.P1212_C000011:1,NoClonal
P1212,PTR57-20161212,CD4,CD4_C01-CCR7,CRC.P1212_C000012:1,NoClonal
P1212,NTY45-20161212,CD4,CD4_C12-CTLA4,CRC.P1212_C000013:1,NoClonal
P1212,PTH3-1212,CD4,CD4_C02-ANXA1,CRC.P1212_C000014:1,NoClonal
P1212,TTH94-20161212,CD4,CD4_C05-CXCR6,CRC.P1212_C000015:1,NoClonal
P1212,NTH74-20161212,CD4,CD4_C06-CXCR5,CRC.P1212_C000016:1,NoClonal
P1212,NTH104-20161212,DN,NA,CRC.P1212_C000021:1,NoClonal
P1212,NTH198-20161212,other,NA,CRC.P1212_C000022:1,NoClonal
P1212,NTH239-20161212,other,NA,CRC.P1212_C000023:1,NoClonal
P1212,NTC46-20161212,CD8,CD8_C04-GZMK,CRC.P1212_C000025:1,NoClonal
P1212,NTH102-20161212,CD4,CD4_C06-CXCR5,CRC.P1212_C000026:1,NoClonal
P1212,TTR152-20161212,CD4,CD4_C12-CTLA4,CRC.P1212_C000027:1,NoClonal
P1212,PTH163-1212,CD4,CD4_C01-CCR7,CRC.P1212_C000028:1,NoClonal
P1212,TTH7-20161212,CD4,CD4_C12-CTLA4,CRC.P1212_C000032:1,NoClonal
P1212,PTH9-1212,other,NA,CRC.P1212_C000033:1,NoClonal
P1212,PTR83-20161212,CD4,CD4_C02-ANXA1,CRC.P1212_C000035:1,NoClonal
P1212,NTH127-20161212,DP,NA,CRC.P1212_C000037:1,NoClonal
P1212,TTR67-20161212,CD4,CD4_C12-CTLA4,CRC.P1212_C000041:1,NoClonal
P1212,PTH54-1212,other,NA,CRC.P1212_C000042:1,NoClonal
P1212,PTH68-1212,CD4,CD4_C01-CCR7,CRC.P1212_C000045:1,NoClonal
P1212,TTC23-20161212,CD8,CD8_C04-GZMK,CRC.P1212_C000046:1,NoClonal
P1212,TTC135-1212,CD8,CD8_C04-GZMK,CRC.P1212_C000049:1,NoClonal
P1212,NTY64-20161212,CD4,CD4_C05-CXCR6,CRC.P1212_C000051:1,NoClonal
P1212,PTC178-20161212,CD8,CD8_C02-GPR183,CRC.P1212_C000052:1,NoClonal
P1212,NTH105-20161212,CD4,CD4_C04-TCF7,CRC.P1212_C000053:1,NoClonal
P1212,NTH90-20161212,CD4,CD4_C08-IL23R,CRC.P1212_C000055:1,NoClonal
P1212,NTH86-20161212,CD4,CD4_C06-CXCR5,CRC.P1212_C000056:1,NoClonal
P1212,PTH80-1212,CD4,CD4_C01-CCR7,CRC.P1212_C000058:1,NoClonal
P1212,NTH10-20161212,other,NA,CRC.P1212_C000059:1,NoClonal
P1212,NTH272-20161212,CD4,CD4_C06-CXCR5,CRC.P1212_C000060:1,NoClonal
P1212,TTR103-20161212,CD4,CD4_C12-CTLA4,CRC.P1212_C000061:1,NoClonal
P1212,PTC80-20161212,CD8,CD8_C03-CX3CR1,CRC.P1212_C000062:1,NoClonal
P1212,TTR58-20161212,CD4,CD4_C12-CTLA4,CRC.P1212_C000063:1,NoClonal
P1212,PTH49-1212,other,NA,CRC.P1212_C000075:1,NoClonal
P1212,PTR95-20161212,DN,NA,CRC.P1212_C000076:1,NoClonal
P1212,TTC102-1212,CD8,CD8_C07-LAYN,CRC.P1212_C000078:1,NoClonal
P1212,PTH148-1212,other,NA,CRC.P1212_C000079:1,NoClonal
P1212,NTY34-20161212,CD4,CD4_C12-CTLA4,CRC.P1212_C000081:1,NoClonal
P1212,NTH153-20161212,DN,NA,CRC.P1212_C000082:1,NoClonal
P1212,NTH252-20161212,CD4,CD4_C12-CTLA4,CRC.P1212_C000084:1,NoClonal
P1212,NTH125-20161212,CD4,CD4_C01-CCR7,CRC.P1212_C000085:1,NoClonal
P1212,NTH30-20161212,CD4,CD4_C05-CXCR6,CRC.P1212_C000086:1,NoClonal
P1212,TTR8-20161212,CD4,CD4_C12-CTLA4,CRC.P1212_C000087:1,NoClonal
P1212,NTC205-20161212,CD8,CD8_C04-GZMK,CRC.P1212_C000088:1,NoClonal
P1212,NTC164-20161212,CD8,CD8_C05-CD6,CRC.P1212_C000089:1,NoClonal
P1212,TTC41-20161212,CD8,CD8_C04-GZMK,CRC.P1212_C000091:1,NoClonal
P1212,NTH131-20161212,other,NA,CRC.P1212_C000094:1,NoClonal
P1212,NTH123-20161212,other,NA,CRC.P1212_C000095:1,NoClonal
P1212,TTC131-1212,CD8,CD8_C04-GZMK,CRC.P1212_C000097:1,NoClonal
P1212,TTR101-20161212,CD4,CD4_C12-CTLA4,CRC.P1212_C000101:1,NoClonal
P1212,NTH44-20161212,CD4,CD4_C05-CXCR6,CRC.P1212_C000102:1,NoClonal
P1212,PTH178-1212,CD4,CD4_C03-GNLY,CRC.P1212_C000104:1,NoClonal
P1212,PTR23-20161212,CD4,CD4_C10-FOXP3,CRC.P1212_C000105:1,NoClonal
P1212,NTY47-20161212,other,NA,CRC.P1212_C000106:1,NoClonal
P1212,NTH3-20161212,CD4,CD4_C05-CXCR6,CRC.P1212_C000107:1,NoClonal
P1212,NTH285-20161212,CD4,CD4_C05-CXCR6,CRC.P1212_C000108:1,NoClonal
P1212,NTH230-20161212,CD4,CD4_C04-TCF7,CRC.P1212_C000110:1,NoClonal
P1212,TTH50-20161212,CD4,CD4_C05-CXCR6,CRC.P1212_C000111:1,NoClonal
P1212,NTC73-20161212,CD8,CD8_C04-GZMK,CRC.P1212_C000112:1,NoClonal
P1212,NTH1-20161212,CD4,CD4_C12-CTLA4,CRC.P1212_C000113:1,NoClonal
P1212,PTC117-20161212,CD8,CD8_C01-LEF1,CRC.P1212_C000114:1,NoClonal
P1212,PTH18-1212,CD4,CD4_C01-CCR7,CRC.P1212_C000115:1,NoClonal
P1212,PTR91-20161212,CD4,CD4_C10-FOXP3,CRC.P1212_C000116:1,NoClonal
P1212,TTH93-20161212,CD4,CD4_C06-CXCR5,CRC.P1212_C000117:1,NoClonal
P1212,PTH13-1212,other,NA,CRC.P1212_C000118:1,NoClonal
P1212,NTC213-20161212,CD8,CD8_C06-CD160,CRC.P1212_C000119:1,NoClonal
P1212,NTC172-20161212,CD8,CD8_C04-GZMK,CRC.P1212_C000120:1,NoClonal
P1212,PTH61-1212,CD4,CD4_C03-GNLY,CRC.P1212_C000121:1,NoClonal
P1212,TTC180-1212,CD8,CD8_C07-LAYN,CRC.P1212_C000125:1,NoClonal
P1212,TTH96-20161212,CD4,CD4_C08-IL23R,CRC.P1212_C000126:1,NoClonal
P1212,TTC66-20161212,CD8,CD8_C04-GZMK,CRC.P1212_C000127:1,NoClonal
P1212,NTH66-20161212,CD4,CD4_C04-TCF7,CRC.P1212_C000128:1,NoClonal
P1212,PTH15-1212,CD4,CD4_C02-ANXA1,CRC.P1212_C000131:1,NoClonal
P1212,PTH21-1212,CD4,CD4_C02-ANXA1,CRC.P1212_C000132:1,NoClonal
P1212,PTH112-1212,other,NA,CRC.P1212_C000133:1,NoClonal
P1212,TTC182-1212,CD8,CD8_C04-GZMK,CRC.P1212_C000134:1,NoClonal
P1212,NTH67-20161212,CD4,CD4_C05-CXCR6,CRC.P1212_C000135:1,NoClonal
P1212,PTH73-1212,CD4,CD4_C01-CCR7,CRC.P1212_C000137:1,NoClonal
P1212,TTC107-1212,CD8,CD8_C04-GZMK,CRC.P1212_C000138:1,NoClonal
P1212,TTC217-20161212,CD8,CD8_C07-LAYN,CRC.P1212_C000139:1,NoClonal
P1212,NTH129-20161212,other,NA,CRC.P1212_C000140:1,NoClonal
P1212,NTH34-20161212,CD4,CD4_C06-CXCR5,CRC.P1212_C000142:1,NoClonal
P1212,TTR112-20161212,CD4,CD4_C12-CTLA4,CRC.P1212_C000144:1,NoClonal
P1212,NTH165-20161212,CD4,CD4_C05-CXCR6,CRC.P1212_C000145:1,NoClonal
P1212,PTR28-20161212,CD4,CD4_C10-FOXP3,CRC.P1212_C000146:1,NoClonal
P1212,PTR18-20161212,other,NA,CRC.P1212_C000148:1,NoClonal
P1212,TTR83-20161212,CD4,CD4_C12-CTLA4,CRC.P1212_C000149:1,NoClonal
P1212,TTR127-20161212,CD4,CD4_C12-CTLA4,CRC.P1212_C000151:1,NoClonal
P1212,PTR87-20161212,CD4,CD4_C02-ANXA1,CRC.P1212_C000152:1,NoClonal
P1212,NTH41-20161212,other,NA,CRC.P1212_C000154:1,NoClonal
P1212,NTH119-20161212,CD4,CD4_C04-TCF7,CRC.P1212_C000156:1,NoClonal
P1212,PTR61-20161212,CD4,CD4_C10-FOXP3,CRC.P1212_C000157:1,NoClonal
P1212,NTH52-20161212,CD4,CD4_C04-TCF7,CRC.P1212_C000159:1,NoClonal
P1212,TTC89-20161212,CD8,CD8_C04-GZMK,CRC.P1212_C000162:1,NoClonal
P1212,NTH12-20161212,DN,NA,CRC.P1212_C000163:1,NoClonal
P1212,PTH25-1212,CD4,CD4_C02-ANXA1,CRC.P1212_C000164:1,NoClonal
P1212,NTH280-20161212,CD4,CD4_C04-TCF7,CRC.P1212_C000165:1,NoClonal
P1212,NTH42-20161212,CD4,CD4_C06-CXCR5,CRC.P1212_C000166:1,NoClonal
P1212,NTH77-20161212,other,NA,CRC.P1212_C000167:1,NoClonal
P1212,TTH54-20161212,other,NA,CRC.P1212_C000169:1,NoClonal
P1212,NTH200-20161212,other,NA,CRC.P1212_C000170:1,NoClonal
P1212,NTH138-20161212,DN,NA,CRC.P1212_C000171:1,NoClonal
P1212,NTH269-20161212,CD4,CD4_C04-TCF7,CRC.P1212_C000172:1,NoClonal
P1212,NTH14-20161212,other,NA,CRC.P1212_C000173:1,NoClonal
P1212,NTC90-20161212,CD8,CD8_C05-CD6,CRC.P1212_C000174:1,NoClonal
P1212,TTC128-20161212,CD8,CD8_C07-LAYN,CRC.P1212_C000176:1,NoClonal
P1212,PTH121-1212,CD4,CD4_C03-GNLY,CRC.P1212_C000177:1,NoClonal
P1212,PTC170-20161212,CD8,CD8_C02-GPR183,CRC.P1212_C000178:1,NoClonal
P1212,NTH244-20161212,CD4,CD4_C08-IL23R,CRC.P1212_C000179:1,NoClonal
P1212,NTY3-20161212,CD4,CD4_C06-CXCR5,CRC.P1212_C000180:1,NoClonal
P1212,NTH101-20161212,CD4,CD4_C04-TCF7,CRC.P1212_C000181:1,NoClonal
P1212,NTC165-20161212,CD8,CD8_C06-CD160,CRC.P1212_C000182:1,NoClonal
P1212,TTR73-20161212,CD4,CD4_C12-CTLA4,CRC.P1212_C000183:1,NoClonal
P1212,NTH263-20161212,DN,NA,CRC.P1212_C000184:1,NoClonal
P1212,NTC218-20161212,CD8,CD8_C04-GZMK,CRC.P1212_C000185:1,NoClonal
P1212,NTH81-20161212,CD4,CD4_C06-CXCR5,CRC.P1212_C000186:1,NoClonal
P1212,NTH68-20161212,other,NA,CRC.P1212_C000187:1,NoClonal
P1212,PTH104-1212,DN,NA,CRC.P1212_C000188:1,NoClonal
P1212,TTC174-20161212,CD8,CD8_C07-LAYN,CRC.P1212_C000189:1,NoClonal
P1212,NTH111-20161212,CD4,CD4_C10-FOXP3,CRC.P1212_C000193:1,NoClonal
P1212,TTC12-20161212,CD8,CD8_C04-GZMK,CRC.P1212_C000194:1,NoClonal
P1212,NTH246-20161212,CD4,CD4_C05-CXCR6,CRC.P1212_C000196:1,NoClonal
P1212,NTH110-20161212,CD4,NA,CRC.P1212_C000200:1,NoClonal
P1212,NTY5-20161212,CD4,CD4_C05-CXCR6,CRC.P1212_C000201:1,NoClonal
P1212,NTH142-20161212,CD4,CD4_C05-CXCR6,CRC.P1212_C000202:1,NoClonal
P1212,NTH243-20161212,CD4,CD4_C05-CXCR6,CRC.P1212_C000203:1,NoClonal
P1212,NTH155-20161212,DN,NA,CRC.P1212_C000204:1,NoClonal
P1212,NTC277-20161212,CD8,CD8_C06-CD160,CRC.P1212_C000207:1,NoClonal
P1212,NTH133-20161212,DN,NA,CRC.P1212_C000209:1,NoClonal
P1212,NTH167-20161212,CD4,NA,CRC.P1212_C000210:1,NoClonal
P1212,TTH12-20161212,CD4,CD4_C05-CXCR6,CRC.P1212_C000211:1,NoClonal
P1212,TTR96-20161212,CD4,CD4_C12-CTLA4,CRC.P1212_C000212:1,NoClonal
P1212,PTR65-20161212,CD4,CD4_C10-FOXP3,CRC.P1212_C000213:1,NoClonal
P1212,PTR60-20161212,DN,NA,CRC.P1212_C000216:1,NoClonal
P1212,NTH128-20161212,CD4,CD4_C11-IL10,CRC.P1212_C000217:1,NoClonal
P1212,PTR64-20161212,other,NA,CRC.P1212_C000220:1,NoClonal
P1212,TTH83-20161212,CD4,CD4_C05-CXCR6,CRC.P1212_C000221:1,NoClonal
P1212,NTH100-20161212,CD4,CD4_C01-CCR7,CRC.P1212_C000222:1,NoClonal
P1212,PTH14-1212,CD4,CD4_C01-CCR7,CRC.P1212_C000226:1,NoClonal
P1212,TTC14-20161212,CD8,CD8_C02-GPR183,CRC.P1212_C000227:1,NoClonal
P1212,PTR94-20161212,CD4,CD4_C02-ANXA1,CRC.P1212_C000229:1,NoClonal
P1212,PTC74-20161212,CD8,CD8_C02-GPR183,CRC.P1212_C000230:1,NoClonal
P1212,TTH60-20161212,CD4,CD4_C05-CXCR6,CRC.P1212_C000236:1,NoClonal
P1212,TTH53-20161212,CD4,CD4_C05-CXCR6,CRC.P1212_C000237:1,NoClonal
P1212,NTH25-20161212,CD4,CD4_C06-CXCR5,CRC.P1212_C000238:1,NoClonal
P1212,TTR145-20161212,CD4,CD4_C12-CTLA4,CRC.P1212_C000240:1,NoClonal
P1212,PTH144-1212,CD4,CD4_C02-ANXA1,CRC.P1212_C000243:1,NoClonal
P1212,TTC203-20161212,CD8,CD8_C05-CD6,CRC.P1212_C000244:1,NoClonal
P1212,NTC82-20161212,CD8,CD8_C01-LEF1,CRC.P1212_C000245:1,NoClonal
P1212,PTR75-20161212,CD4,CD4_C10-FOXP3,CRC.P1212_C000246:1,NoClonal
P1212,NTH83-20161212,other,NA,CRC.P1212_C000248:1,NoClonal
P1212,NTH262-20161212,DN,NA,CRC.P1212_C000249:1,NoClonal
P1212,TTR77-20161212,CD4,CD4_C12-CTLA4,CRC.P1212_C000250:1,NoClonal
P1212,TTR31-20161212,other,NA,CRC.P1212_C000251:1,NoClonal
P1212,TTR136-20161212,CD4,CD4_C12-CTLA4,CRC.P1212_C000253:1,NoClonal
P1212,NTH231-20161212,CD4,CD4_C07-GZMK,CRC.P1212_C000254:1,NoClonal
P1212,NTY33-20161212,DN,NA,CRC.P1212_C000258:1,NoClonal
P1212,NTH160-20161212,CD4,CD4_C06-CXCR5,CRC.P1212_C000259:1,NoClonal
P1212,PTR79-20161212,CD4,CD4_C10-FOXP3,CRC.P1212_C000260:1,NoClonal
P1212,TTH88-20161212,CD4,CD4_C07-GZMK,CRC.P1212_C000261:1,NoClonal
P1212,NTH156-20161212,DN,NA,CRC.P1212_C000262:1,NoClonal
P1212,TTH16-20161212,CD4,CD4_C08-IL23R,CRC.P1212_C000263:1,NoClonal
P1212,PTR39-20161212,CD4,CD4_C10-FOXP3,CRC.P1212_C000264:1,NoClonal
P1212,TTC28-20161212,CD8,CD8_C07-LAYN,CRC.P1212_C000265:1,NoClonal
P1212,NTH149-20161212,CD4,CD4_C06-CXCR5,CRC.P1212_C000266:1,NoClonal
P1212,NTH32-20161212,CD4,CD4_C06-CXCR5,CRC.P1212_C000268:1,NoClonal
P1212,NTH8-20161212,CD4,CD4_C04-TCF7,CRC.P1212_C000270:1,NoClonal
P1212,NTH15-20161212,CD4,CD4_C04-TCF7,CRC.P1212_C000272:1,NoClonal
P1212,NTH79-20161212,CD4,CD4_C06-CXCR5,CRC.P1212_C000273:1,NoClonal
P1212,NTC48-20161212,CD8,CD8_C06-CD160,CRC.P1212_C000276:1,NoClonal
P1212,PTR7-20161212,other,NA,CRC.P1212_C000277:1,NoClonal
P1212,TTR50-20161212,CD4,CD4_C12-CTLA4,CRC.P1212_C000278:1,NoClonal
P1212,NTY70-20161212,CD4,CD4_C05-CXCR6,CRC.P1212_C000279:1,NoClonal
P1212,TTC74-20161212,CD8,CD8_C04-GZMK,CRC.P1212_C000280:1,NoClonal
P1212,NTH93-20161212,DN,NA,CRC.P1212_C000281:1,NoClonal
P1212,TTH2-20161212,CD4,CD4_C05-CXCR6,CRC.P1212_C000282:1,NoClonal
P1212,NTH236-20161212,other,NA,CRC.P1212_C000283:1,NoClonal
P1212,TTH69-20161212,other,NA,CRC.P1212_C000284:1,NoClonal
P1212,PTR24-20161212,CD4,CD4_C02-ANXA1,CRC.P1212_C000286:1,NoClonal
P1212,PTH10-1212,CD4,CD4_C02-ANXA1,CRC.P1212_C000287:1,NoClonal
P1212,PTC50-20161212,CD8,CD8_C01-LEF1,CRC.P1212_C000289:1,NoClonal
P1212,TTC37-20161212,CD8,CD8_C07-LAYN,CRC.P1212_C000292:1,NoClonal
P1212,NTY32-20161212,CD4,CD4_C06-CXCR5,CRC.P1212_C000294:1,NoClonal
P1212,TTC259-20161212,CD8,CD8_C07-LAYN,CRC.P1212_C000295:1,NoClonal
P1212,NTH196-20161212,other,NA,CRC.P1212_C000296:1,NoClonal
P1212,TTC16-20161212,CD8,CD8_C07-LAYN,CRC.P1212_C000297:1,NoClonal
P1212,NTH145-20161212,CD4,CD4_C06-CXCR5,CRC.P1212_C000298:1,NoClonal
P1212,TTH28-20161212,CD4,CD4_C08-IL23R,CRC.P1212_C000299:1,NoClonal
P1212,NTC8-20161212,CD8,CD8_C04-GZMK,CRC.P1212_C000300:1,NoClonal
P1212,NTH112-20161212,other,NA,CRC.P1212_C000301:1,NoClonal
P1212,PTR19-20161212,CD4,CD4_C10-FOXP3,CRC.P1212_C000302:1,NoClonal
P1212,TTR148-20161212,CD4,CD4_C12-CTLA4,CRC.P1212_C000303:1,NoClonal
P1212,TTR135-20161212,CD4,CD4_C12-CTLA4,CRC.P1212_C000304:1,NoClonal
P1212,PTH166-1212,CD4,CD4_C03-GNLY,CRC.P1212_C000305:1,NoClonal
P1212,TTR37-20161212,other,NA,CRC.P1212_C000306:1,NoClonal
P1212,TTC163-1212,CD8,CD8_C04-GZMK,CRC.P1212_C000307:1,NoClonal
P1212,TTC60-20161212,CD8,CD8_C05-CD6,CRC.P1212_C000308:1,NoClonal
P1212,TTH23-20161212,CD4,CD4_C05-CXCR6,CRC.P1212_C000309:1,NoClonal
P1212,TTR41-20161212,CD4,CD4_C12-CTLA4,CRC.P1212_C000310:1,NoClonal
P1212,PTH115-1212,DN,NA,CRC.P1212_C000312:1,NoClonal
P1212,TTH21-20161212,CD4,CD4_C04-TCF7,CRC.P1212_C000313:1,NoClonal
P1212,NTH207-20161212,CD4,CD4_C11-IL10,CRC.P1212_C000314:1,NoClonal
P1212,PTR30-20161212,CD4,CD4_C10-FOXP3,CRC.P1212_C000315:1,NoClonal
P1212,TTR40-20161212,CD4,CD4_C08-IL23R,CRC.P1212_C000316:1,NoClonal
P1212,PTR26-20161212,CD4,CD4_C02-ANXA1,CRC.P1212_C000318:1,NoClonal
P1212,NTH26-20161212,CD4,CD4_C11-IL10,CRC.P1212_C000321:1,NoClonal
P1212,NTH172-20161212,DN,NA,CRC.P1212_C000322:1,NoClonal
P1212,TTR14-20161212,CD4,CD4_C12-CTLA4,CRC.P1212_C000323:1,NoClonal
P1212,NTH13-20161212,DN,NA,CRC.P1212_C000324:1,NoClonal
P1212,PTH33-1212,CD4,CD4_C02-ANXA1,CRC.P1212_C000325:1,NoClonal
P1212,NTC261-20161212,CD8,CD8_C05-CD6,CRC.P1212_C000326:1,NoClonal
P1212,PTR74-20161212,CD4,CD4_C01-CCR7,CRC.P1212_C000327:1,NoClonal
P1212,PTR76-20161212,other,NA,CRC.P1212_C000328:1,NoClonal
P1212,NTH98-20161212,CD4,CD4_C04-TCF7,CRC.P1212_C000329:1,NoClonal
P1212,TTC79-20161212,CD8,CD8_C08-SLC4A10,CRC.P1212_C000330:1,NoClonal
P1212,PTH55-1212,CD4,CD4_C01-CCR7,CRC.P1212_C000331:1,NoClonal
P1212,NTY68-20161212,CD4,CD4_C06-CXCR5,CRC.P1212_C000332:1,NoClonal
P1212,NTH38-20161212,CD4,CD4_C06-CXCR5,CRC.P1212_C000334:1,NoClonal
P1212,NTH65-20161212,CD4,CD4_C11-IL10,CRC.P1212_C000335:1,NoClonal
P1212,TTC98-20161212,CD8,CD8_C07-LAYN,CRC.P1212_C000336:1,NoClonal
P1212,NTH64-20161212,CD4,CD4_C04-TCF7,CRC.P1212_C000337:1,NoClonal
P1212,TTR81-20161212,CD4,CD4_C12-CTLA4,CRC.P1212_C000338:1,NoClonal
P1212,TTH15-20161212,other,NA,CRC.P1212_C000339:1,NoClonal
P1212,PTC8-20161212,CD8,CD8_C02-GPR183,CRC.P1212_C000340:1,NoClonal
P1212,TTC63-20161212,CD8,CD8_C04-GZMK,CRC.P1212_C000342:1,NoClonal
P1212,PTC90-1212,CD8,CD8_C02-GPR183,CRC.P1212_C000343:1,NoClonal
P1212,NTC17-20161212,CD8,CD8_C01-LEF1,CRC.P1212_C000344:1,NoClonal
P1212,NTC129-20161212,CD8,CD8_C05-CD6,CRC.P1212_C000345:1,NoClonal
P1212,NTC224-20161212,CD8,CD8_C06-CD160,CRC.P1212_C000346:1,NoClonal
P1212,TTR126-20161212,CD4,CD4_C12-CTLA4,CRC.P1212_C000349:1,NoClonal
P1212,NTC118-20161212,CD8,CD8_C01-LEF1,CRC.P1212_C000350:1,NoClonal
P1212,PTH154-1212,DN,NA,CRC.P1212_C000351:1,NoClonal
P1212,NTH89-20161212,CD4,CD4_C06-CXCR5,CRC.P1212_C000352:1,NoClonal
P1212,TTH75-20161212,DN,NA,CRC.P1212_C000353:1,NoClonal
P1212,TTH38-20161212,CD4,CD4_C05-CXCR6,CRC.P1212_C000354:1,NoClonal
P1212,TTH46-20161212,DN,NA,CRC.P1212_C000355:1,NoClonal
P1212,NTY35-20161212,CD4,CD4_C06-CXCR5,CRC.P1212_C000356:1,NoClonal
P1212,TTC65-20161212,CD8,CD8_C04-GZMK,CRC.P1212_C000357:1,NoClonal
P1212,PTR78-20161212,DN,NA,CRC.P1212_C000358:1,NoClonal
P1212,NTH78-20161212,CD4,CD4_C04-TCF7,CRC.P1212_C000359:1,NoClonal
P1212,PTC44-20161212,CD8,CD8_C01-LEF1,CRC.P1212_C000362:1,NoClonal
P1212,TTH29-20161212,DN,NA,CRC.P1212_C000363:1,NoClonal
P1212,NTC191-20161212,CD8,CD8_C05-CD6,CRC.P1212_C000364:1,NoClonal
P1212,PTH129-1212,DN,NA,CRC.P1212_C000365:1,NoClonal
P1212,NTC102-20161212,CD8,CD8_C05-CD6,CRC.P1212_C000366:1,NoClonal
P1212,PTR10-20161212,CD4,CD4_C10-FOXP3,CRC.P1212_C000367:1,NoClonal
P1212,NTH40-20161212,CD4,CD4_C06-CXCR5,CRC.P1212_C000368:1,NoClonal
P1212,NTH248-20161212,DN,NA,CRC.P1212_C000369:1,NoClonal
P1212,NTH154-20161212,CD4,CD4_C12-CTLA4,CRC.P1212_C000370:1,NoClonal
P1212,PTH22-1212,CD4,CD4_C01-CCR7,CRC.P1212_C000371:1,NoClonal
P1212,NTC53-20161212,CD8,CD8_C01-LEF1,CRC.P1212_C000372:1,NoClonal
P1212,PTH103-1212,CD4,CD4_C01-CCR7,CRC.P1212_C000374:1,NoClonal
P1212,TTC235-20161212,CD8,CD8_C02-GPR183,CRC.P1212_C000375:1,NoClonal
P1212,TTR132-20161212,CD4,CD4_C12-CTLA4,CRC.P1212_C000376:1,NoClonal
P1212,NTH49-20161212,CD4,CD4_C05-CXCR6,CRC.P1212_C000377:1,NoClonal
P1212,NTH53-20161212,CD4,CD4_C05-CXCR6,CRC.P1212_C000378:1,NoClonal
P1212,PTR72-20161212,CD4,CD4_C10-FOXP3,CRC.P1212_C000379:1,NoClonal
P1212,PTH64-1212,other,NA,CRC.P1212_C000381:1,NoClonal
P1212,NTH159-20161212,other,NA,CRC.P1212_C000382:1,NoClonal
P1212,NTH174-20161212,CD4,CD4_C05-CXCR6,CRC.P1212_C000383:1,NoClonal
P1212,NTC179-20161212,CD8,CD8_C04-GZMK,CRC.P1212_C000384:1,NoClonal
P1212,TTC132-1212,other,NA,CRC.P1212_C000385:1,NoClonal
P1212,PTH98-1212,CD4,CD4_C01-CCR7,CRC.P1212_C000386:1,NoClonal
P1212,PTH171-1212,CD4,CD4_C01-CCR7,CRC.P1212_C000387:1,NoClonal
P1212,NTH50-20161212,CD4,CD4_C04-TCF7,CRC.P1212_C000388:1,NoClonal
P1212,TTH19-20161212,DN,NA,CRC.P1212_C000390:1,NoClonal
P1212,PTR13-20161212,CD4,CD4_C10-FOXP3,CRC.P1212_C000391:1,NoClonal
P1212,NTH122-20161212,CD4,CD4_C04-TCF7,CRC.P1212_C000394:1,NoClonal
P1212,NTH140-20161212,CD4,CD4_C04-TCF7,CRC.P1212_C000395:1,NoClonal
P1212,TTR20-20161212,CD4,CD4_C12-CTLA4,CRC.P1212_C000396:1,NoClonal
P1212,PTR67-20161212,CD4,CD4_C10-FOXP3,CRC.P1212_C000398:1,NoClonal
P1212,NTH135-20161212,DN,NA,CRC.P1212_C000399:1,NoClonal
P1212,PTC116-20161212,CD8,CD8_C03-CX3CR1,CRC.P1212_C000402:1,NoClonal
P1212,NTH224-20161212,other,NA,CRC.P1212_C000403:1,NoClonal
P1212,PTH48-1212,CD4,CD4_C02-ANXA1,CRC.P1212_C000404:1,NoClonal
P1212,TTR102-20161212,CD4,CD4_C12-CTLA4,CRC.P1212_C000405:1,NoClonal
P1212,NTH270-20161212,DN,NA,CRC.P1212_C000406:1,NoClonal
P1212,NTH88-20161212,CD4,CD4_C06-CXCR5,CRC.P1212_C000407:1,NoClonal
P1212,NTH115-20161212,other,NA,CRC.P1212_C000408:1,NoClonal
P1212,NTH211-20161212,CD4,CD4_C05-CXCR6,CRC.P1212_C000409:1,NoClonal
P1212,PTH131-1212,CD4,CD4_C01-CCR7,CRC.P1212_C000410:1,NoClonal
P1212,NTH16-20161212,CD4,CD4_C04-TCF7,CRC.P1212_C000411:1,NoClonal
P1212,TTR23-20161212,CD4,CD4_C12-CTLA4,CRC.P1212_C000412:1,NoClonal
P1212,NTH23-20161212,CD4,CD4_C05-CXCR6,CRC.P1212_C000413:1,NoClonal
P1212,PTH127-1212,other,NA,CRC.P1212_C000414:1,NoClonal
P1212,PTH189-1212,other,NA,CRC.P1212_C000415:1,NoClonal
P1212,PTC179-20161212,other,NA,CRC.P1212_C000416:1,NoClonal
P1212,PTR53-20161212,DN,NA,CRC.P1212_C000417:1,NoClonal
P1212,TTC177-1212,CD8,CD8_C04-GZMK,CRC.P1212_C000418:1,NoClonal
P1212,NTH137-20161212,CD4,CD4_C06-CXCR5,CRC.P1212_C000419:1,NoClonal
P1212,PTC46-20161212,CD8,CD8_C02-GPR183,CRC.P1212_C000420:1,NoClonal
P1212,PTC45-20161212,other,NA,CRC.P1212_C000421:1,NoClonal
P1212,PTR56-20161212,CD4,CD4_C10-FOXP3,CRC.P1212_C000422:1,NoClonal
P1212,PTR55-20161212,CD4,CD4_C10-FOXP3,CRC.P1212_C000423:1,NoClonal
P1212,TTR131-20161212,CD4,CD4_C12-CTLA4,CRC.P1212_C000428:1,NoClonal
P1212,TTH9-20161212,other,NA,CRC.P1212_C000429:1,NoClonal
P1212,PTR2-20161212,CD4,CD4_C02-ANXA1,CRC.P1212_C000430:1,NoClonal
P1212,TTC148-1212,CD8,CD8_C07-LAYN,CRC.P1212_C000431:1,NoClonal
P1212,TTC234-20161212,CD8,CD8_C08-SLC4A10,CRC.P1212_C000432:1,NoClonal
P1212,PTH175-1212,DN,NA,CRC.P1212_C000433:1,NoClonal
P1212,NTH284-20161212,CD4,CD4_C06-CXCR5,CRC.P1212_C000434:1,NoClonal
P1212,NTH286-20161212,CD4,CD4_C04-TCF7,CRC.P1212_C000436:1,NoClonal
P1212,NTH22-20161212,other,NA,CRC.P1212_C000437:1,NoClonal
P1212,TTH59-20161212,CD4,CD4_C08-IL23R,CRC.P1212_C000438:1,NoClonal
P1212,NTC15-20161212,CD8,CD8_C06-CD160,CRC.P1212_C000439:1,NoClonal
P1212,NTC38-20161212,CD8,CD8_C05-CD6,CRC.P1212_C000440:1,NoClonal
P1212,PTR92-20161212,CD4,CD4_C02-ANXA1,CRC.P1212_C000441:1,NoClonal
P1212,TTC146-1212,CD8,CD8_C04-GZMK,CRC.P1212_C000442:1,NoClonal
P1212,PTH186-1212,DN,NA,CRC.P1212_C000443:1,NoClonal
P1212,NTH141-20161212,DN,NA,CRC.P1212_C000444:1,NoClonal
P1212,TTH26-20161212,DN,NA,CRC.P1212_C000445:1,NoClonal
P1212,PTR82-20161212,other,NA,CRC.P1212_C000446:1,NoClonal
P1212,NTH5-20161212,CD4,CD4_C05-CXCR6,CRC.P1212_C000447:1,NoClonal
P1212,NTY2-20161212,CD4,CD4_C12-CTLA4,CRC.P1212_C000448:1,NoClonal
P1212,NTH168-20161212,CD4,CD4_C04-TCF7,CRC.P1212_C000449:1,NoClonal
P1212,NTC94-20161212,CD8,CD8_C06-CD160,CRC.P1212_C000452:1,NoClonal
P1212,NTH178-20161212,CD4,CD4_C06-CXCR5,CRC.P1212_C000453:1,NoClonal
P1212,PTH118-1212,DN,NA,CRC.P1212_C000456:1,NoClonal
P1212,NTH24-20161212,CD4,CD4_C06-CXCR5,CRC.P1212_C000457:1,NoClonal
P1212,PTC110-20161212,CD8,CD8_C01-LEF1,CRC.P1212_C000458:1,NoClonal
P1212,PTH181-1212,CD4,CD4_C03-GNLY,CRC.P1212_C000459:1,NoClonal
P1212,NTC77-20161212,CD8,CD8_C05-CD6,CRC.P1212_C000461:1,NoClonal
P1212,PTH58-1212,CD4,CD4_C03-GNLY,CRC.P1212_C000462:1,NoClonal
P1212,NTH4-20161212,other,NA,CRC.P1212_C000464:1,NoClonal
P1212,TTR117-20161212,CD4,CD4_C12-CTLA4,CRC.P1212_C000465:1,NoClonal
P1212,PTC114-20161212,CD8,CD8_C02-GPR183,CRC.P1212_C000466:1,NoClonal
P1212,NTH218-20161212,CD4,CD4_C05-CXCR6,CRC.P1212_C000467:1,NoClonal
P1212,PTH140-1212,CD4,CD4_C01-CCR7,CRC.P1212_C000468:1,NoClonal
P1212,NTC95-20161212,CD8,CD8_C01-LEF1,CRC.P1212_C000469:1,NoClonal
P1212,NTH72-20161212,other,NA,CRC.P1212_C000470:1,NoClonal
P1212,NTH60-20161212,DN,NA,CRC.P1212_C000471:1,NoClonal
P1212,TTC91-20161212,CD8,CD8_C07-LAYN,CRC.P1212_C000472:1,NoClonal
P1212,TTR57-20161212,CD4,CD4_C12-CTLA4,CRC.P1212_C000473:1,NoClonal
P1212,PTH105-1212,CD4,CD4_C01-CCR7,CRC.P1212_C000474:1,NoClonal
P1212,NTH166-20161212,CD4,CD4_C04-TCF7,CRC.P1212_C000475:1,NoClonal
P1212,PTH138-1212,CD4,CD4_C01-CCR7,CRC.P1212_C000476:1,NoClonal
P1212,NTH204-20161212,CD4,CD4_C04-TCF7,CRC.P1212_C000477:1,NoClonal
P1212,NTH256-20161212,DN,NA,CRC.P1212_C000478:1,NoClonal
P1212,TTC126-1212,CD8,CD8_C04-GZMK,CRC.P1212_C000479:1,NoClonal
P1212,NTC109-20161212,CD8,CD8_C05-CD6,CRC.P1212_C000481:1,NoClonal
P1212,PTR52-20161212,DN,NA,CRC.P1212_C000483:1,NoClonal
P1212,NTH36-20161212,CD4,CD4_C04-TCF7,CRC.P1212_C000484:1,NoClonal
P1212,NTH43-20161212,CD4,CD4_C04-TCF7,CRC.P1212_C000485:1,NoClonal
P1212,TTC242-20161212,CD8,CD8_C04-GZMK,CRC.P1212_C000486:1,NoClonal
P1212,NTH130-20161212,CD4,CD4_C06-CXCR5,CRC.P1212_C000487:1,NoClonal
P1212,TTR151-20161212,CD4,CD4_C12-CTLA4,CRC.P1212_C000488:1,NoClonal
P1212,TTC24-20161212,CD8,CD8_C07-LAYN,CRC.P1212_C000489:1,NoClonal
P1212,PTR51-20161212,DN,NA,CRC.P1212_C000490:1,NoClonal
P1212,TTR64-20161212,CD4,CD4_C12-CTLA4,CRC.P1212_C000491:1,NoClonal
P1212,NTH278-20161212,DN,NA,CRC.P1212_C000492:1,NoClonal
P1212,PTH2-1212,DN,NA,CRC.P1212_C000493:1,NoClonal
P1212,TTH63-20161212,DN,NA,CRC.P1212_C000494:1,NoClonal
P1212,PTR4-20161212,other,NA,CRC.P1212_C000495:1,NoClonal
P1212,NTH229-20161212,CD4,CD4_C06-CXCR5,CRC.P1212_C000496:1,NoClonal
P1212,TTH78-20161212,CD4,CD4_C08-IL23R,CRC.P1212_C000497:1,NoClonal
P1212,TTH18-20161212,other,NA,CRC.P1212_C000498:1,NoClonal
P1212,PTR34-20161212,DN,NA,CRC.P1212_C000501:1,NoClonal
P1212,NTH80-20161212,CD4,CD4_C04-TCF7,CRC.P1212_C000502:1,NoClonal
P1212,PTR17-20161212,other,NA,CRC.P1212_C000503:1,NoClonal
P1212,TTH17-20161212,CD4,CD4_C05-CXCR6,CRC.P1212_C000504:1,NoClonal
P1212,PTR59-20161212,DN,NA,CRC.P1212_C000505:1,NoClonal
P1212,PTC168-20161212,CD8,CD8_C03-CX3CR1,CRC.P1212_C000506:1,NoClonal
P1212,NTC189-20161212,CD8,CD8_C05-CD6,CRC.P1212_C000508:1,NoClonal
P1212,PTH146-1212,CD4,CD4_C03-GNLY,CRC.P1212_C000510:1,NoClonal
P1212,PTH67-1212,CD4,CD4_C02-ANXA1,CRC.P1212_C000512:1,NoClonal
P1212,PTH111-1212,CD4,CD4_C01-CCR7,CRC.P1212_C000513:1,NoClonal
P1212,NTH132-20161212,CD4,CD4_C04-TCF7,CRC.P1212_C000514:1,NoClonal
P1212,NTH17-20161212,CD4,CD4_C05-CXCR6,CRC.P1212_C000515:1,NoClonal
P1212,TTH34-20161212,CD4,CD4_C05-CXCR6,CRC.P1212_C000516:1,NoClonal
P1212,TTC258-20161212,CD8,CD8_C04-GZMK,CRC.P1212_C000517:1,NoClonal
P1212,TTR27-20161212,other,NA,CRC.P1212_C000518:1,NoClonal
P1212,PTR85-20161212,CD4,CD4_C10-FOXP3,CRC.P1212_C000519:1,NoClonal
P1212,NTH11-20161212,CD4,CD4_C06-CXCR5,CRC.P1212_C000520:1,NoClonal
P1212,NTH206-20161212,CD4,CD4_C06-CXCR5,CRC.P1212_C000521:1,NoClonal
P1212,PTH182-1212,other,NA,CRC.P1212_C000523:1,NoClonal
P1212,PTC171-20161212,CD8,CD8_C02-GPR183,CRC.P1212_C000524:1,NoClonal
P1212,TTH68-20161212,CD4,CD4_C03-GNLY,CRC.P1212_C000525:1,NoClonal
P1212,TTC169-1212,CD8,CD8_C04-GZMK,CRC.P1212_C000526:1,NoClonal
P1212,TTR29-20161212,CD4,CD4_C12-CTLA4,CRC.P1212_C000527:1,NoClonal
P1212,NTH193-20161212,CD4,CD4_C05-CXCR6,CRC.P1212_C000528:1,NoClonal
P1212,TTH82-20161212,CD4,CD4_C09-CXCL13,CRC.P1212_C000530:1,NoClonal
P1212,PTH110-1212,CD4,CD4_C02-ANXA1,CRC.P1212_C000531:1,NoClonal
P1212,PTR63-20161212,CD4,CD4_C02-ANXA1,CRC.P1212_C000533:1,NoClonal
P1212,PTR22-20161212,other,NA,CRC.P1212_C000534:1,NoClonal
P1212,NTH258-20161212,CD4,CD4_C01-CCR7,CRC.P1212_C000536:1,NoClonal
P1212,PTR88-20161212,CD4,CD4_C10-FOXP3,CRC.P1212_C000537:1,NoClonal
P1212,TTR144-20161212,CD4,CD4_C12-CTLA4,CRC.P1212_C000538:1,NoClonal
P1212,NTC44-20161212,CD8,CD8_C05-CD6,CRC.P1212_C000539:1,NoClonal
P1212,TTR115-20161212,DN,NA,CRC.P1212_C000540:1,NoClonal
P1212,NTH247-20161212,CD4,CD4_C07-GZMK,CRC.P1212_C000541:1,NoClonal
P1212,NTH173-20161212,CD4,CD4_C04-TCF7,CRC.P1212_C000542:1,NoClonal
P1212,TTH39-20161212,DN,NA,CRC.P1212_C000543:1,NoClonal
P1212,TTH4-20161212,CD4,CD4_C05-CXCR6,CRC.P1212_C000544:1,NoClonal
P1212,NTC56-20161212,CD8,CD8_C05-CD6,CRC.P1212_C000546:1,NoClonal
P1212,PTR93-20161212,CD4,CD4_C10-FOXP3,CRC.P1212_C000547:1,NoClonal
P1212,TTH6-20161212,CD4,CD4_C05-CXCR6,CRC.P1212_C000548:1,NoClonal
P1212,TTR104-20161212,other,NA,CRC.P1212_C000549:1,NoClonal
P1212,TTC165-1212,CD8,CD8_C04-GZMK,CRC.P1212_C000550:1,NoClonal
P1212,TTH84-20161212,CD4,CD4_C05-CXCR6,CRC.P1212_C000552:1,NoClonal
P1212,PTR89-20161212,other,NA,CRC.P1212_C000553:1,NoClonal
P1212,TTC200-20161212,other,NA,CRC.P1212_C000554:1,NoClonal
P1212,PTR36-20161212,DN,NA,CRC.P1212_C000556:1,NoClonal
P1212,NTH162-20161212,CD4,CD4_C06-CXCR5,CRC.P1212_C000557:1,NoClonal
P1212,NTY6-20161212,CD4,CD4_C06-CXCR5,CRC.P1212_C000558:1,NoClonal
P1212,NTH95-20161212,CD4,CD4_C06-CXCR5,CRC.P1212_C000559:1,NoClonal
P1212,TTC227-20161212,CD8,CD8_C05-CD6,CRC.P1212_C000561:1,NoClonal
P1212,TTH52-20161212,CD4,CD4_C07-GZMK,CRC.P1212_C000563:1,NoClonal
P1212,PTH17-1212,other,NA,CRC.P1212_C000564:1,NoClonal
P1212,NTH242-20161212,DN,NA,CRC.P1212_C000565:1,NoClonal
P1212,PTR6-20161212,other,NA,CRC.P1212_C000566:1,NoClonal
P1212,NTC39-20161212,CD8,CD8_C05-CD6,CRC.P1212_C000568:1,NoClonal
P1212,NTH19-20161212,DN,NA,CRC.P1212_C000569:1,NoClonal
P1212,TTC209-20161212,CD8,CD8_C04-GZMK,CRC.P1212_C000570:1,NoClonal
P1212,PTR20-20161212,CD4,CD4_C02-ANXA1,CRC.P1212_C000571:1,NoClonal
P1212,TTC43-20161212,CD8,CD8_C04-GZMK,CRC.P1212_C000572:1,NoClonal
P1212,PTC16-20161212,CD8,CD8_C02-GPR183,CRC.P1212_C000573:1,NoClonal
P1212,NTH92-20161212,CD4,CD4_C06-CXCR5,CRC.P1212_C000574:1,NoClonal
P1212,TTC22-20161212,other,NA,CRC.P1212_C000575:1,NoClonal
P1212,PTH137-1212,DN,NA,CRC.P1212_C000576:1,NoClonal
P1212,PTR41-20161212,CD4,CD4_C10-FOXP3,CRC.P1212_C000577:1,NoClonal
P1212,TTC122-1212,CD8,CD8_C04-GZMK,CRC.P1212_C000578:1,NoClonal
P1212,PTR32-20161212,CD4,CD4_C02-ANXA1,CRC.P1212_C000579:1,NoClonal
P1212,TTH45-20161212,CD4,CD4_C05-CXCR6,CRC.P1212_C000580:1,NoClonal
P1212,PTH71-1212,DN,NA,CRC.P1212_C000581:1,NoClonal
P1212,TTR154-20161212,CD4,CD4_C12-CTLA4,CRC.P1212_C000582:1,NoClonal
P1212,NTH205-20161212,CD4,CD4_C06-CXCR5,CRC.P1212_C000584:1,NoClonal
P1212,NTC260-20161212,CD8,CD8_C05-CD6,CRC.P1212_C000587:1,NoClonal
P1212,PTH5-1212,CD4,CD4_C02-ANXA1,CRC.P1212_C000588:1,NoClonal
P1212,PTC6-20161212,CD8,CD8_C03-CX3CR1,CRC.P1212_C000589:1,NoClonal
P1212,PTR45-20161212,CD4,CD4_C02-ANXA1,CRC.P1212_C000590:1,NoClonal
P1212,PTC89-1212,CD8,CD8_C02-GPR183,CRC.P1212_C000591:1,NoClonal
P1212,NTH63-20161212,CD4,CD4_C04-TCF7,CRC.P1212_C000592:1,NoClonal
P1212,PTC23-20161212,CD8,CD8_C02-GPR183,CRC.P1212_C000593:1,NoClonal
P1212,PTH153-1212,CD4,CD4_C03-GNLY,CRC.P1212_C000594:1,NoClonal
P1212,PTR46-20161212,CD4,CD4_C02-ANXA1,CRC.P1212_C000595:1,NoClonal
P1212,PTH96-1212,CD4,CD4_C02-ANXA1,CRC.P1212_C000596:1,NoClonal
P1212,PTH114-1212,CD4,CD4_C02-ANXA1,CRC.P1212_C000597:1,NoClonal
P1212,NTC54-20161212,DP,NA,CRC.P1212_C000598:1,NoClonal
P1212,PTH40-1212,CD4,CD4_C02-ANXA1,CRC.P1212_C000599:1,NoClonal
P1212,NTC153-20161212,CD8,CD8_C04-GZMK,CRC.P1212_C000600:1,NoClonal
P1212,NTH114-20161212,CD4,CD4_C04-TCF7,CRC.P1212_C000601:1,NoClonal
P1212,PTR1-20161212,CD4,CD4_C10-FOXP3,CRC.P1212_C000602:1,NoClonal
P1212,TTR3-20161212,other,NA,CRC.P1212_C000603:1,NoClonal
P1212,NTH203-20161212,CD4,CD4_C06-CXCR5,CRC.P1212_C000604:1,NoClonal
P1212,PTH72-1212,CD4,CD4_C02-ANXA1,CRC.P1212_C000605:1,NoClonal
P1212,TTC30-20161212,CD8,CD8_C07-LAYN,CRC.P1212_C000607:1,NoClonal
P1212,PTR27-20161212,CD4,CD4_C10-FOXP3,CRC.P1212_C000609:1,NoClonal
P1212,PTH89-1212,DN,NA,CRC.P1212_C000610:1,NoClonal
P1212,TTC84-20161212,CD8,CD8_C04-GZMK,CRC.P1212_C000611:1,NoClonal
P1212,TTH55-20161212,DN,NA,CRC.P1212_C000612:1,NoClonal
P1212,NTH124-20161212,CD4,CD4_C11-IL10,CRC.P1212_C000613:1,NoClonal
P1212,PTH84-1212,CD4,CD4_C02-ANXA1,CRC.P1212_C000614:1,NoClonal
P1212,NTH91-20161212,CD4,CD4_C05-CXCR6,CRC.P1212_C000615:1,NoClonal
P1212,NTH234-20161212,DN,NA,CRC.P1212_C000616:1,NoClonal
P1212,PTR50-20161212,CD4,CD4_C10-FOXP3,CRC.P1212_C000617:1,NoClonal
P1212,TTH20-20161212,CD4,CD4_C05-CXCR6,CRC.P1212_C000618:1,NoClonal
P1212,TTH79-20161212,CD4,CD4_C08-IL23R,CRC.P1212_C000619:1,NoClonal
P1212,NTH237-20161212,CD4,CD4_C04-TCF7,CRC.P1212_C000620:1,NoClonal
P1212,NTH70-20161212,other,NA,CRC.P1212_C000621:1,NoClonal
P1212,NTH31-20161212,other,NA,CRC.P1212_C000622:1,NoClonal
P1212,NTC43-20161212,CD8,CD8_C04-GZMK,CRC.P1212_C000623:1,NoClonal
P1212,NTH139-20161212,CD4,CD4_C04-TCF7,CRC.P1212_C000624:1,NoClonal
P1212,NTY30-20161212,CD4,CD4_C04-TCF7,CRC.P1212_C000625:1,NoClonal
P1212,PTH143-1212,CD4,CD4_C02-ANXA1,CRC.P1212_C000626:1,NoClonal
P1212,NTH199-20161212,CD4,CD4_C04-TCF7,CRC.P1212_C000627:1,NoClonal
P1212,TTR36-20161212,other,NA,CRC.P1212_C000628:1,NoClonal
P1212,TTR34-20161212,CD4,CD4_C12-CTLA4,CRC.P1212_C000629:1,NoClonal
P1212,TTR42-20161212,CD4,CD4_C12-CTLA4,CRC.P1212_C000630:1,NoClonal
P1212,NTC151-20161212,CD8,CD8_C05-CD6,CRC.P1212_C000631:1,NoClonal
P1212,PTR43-20161212,DN,NA,CRC.P1212_C000632:1,NoClonal
P1212,TTR17-20161212,other,NA,CRC.P1212_C000634:1,NoClonal
P1212,PTH4-1212,CD4,CD4_C01-CCR7,CRC.P1212_C000635:1,NoClonal
P1212,NTH281-20161212,CD4,CD4_C05-CXCR6,CRC.P1212_C000636:1,NoClonal
P1212,NTC176-20161212,CD8,CD8_C05-CD6,CRC.P1212_C000637:1,NoClonal
P1212,PTR96-20161212,CD4,CD4_C02-ANXA1,CRC.P1212_C000638:1,NoClonal
P1212,PTR21-20161212,CD4,CD4_C02-ANXA1,CRC.P1212_C000639:1,NoClonal
P1212,PTR70-20161212,other,NA,CRC.P1212_C000640:1,NoClonal
P1212,NTH118-20161212,CD4,CD4_C01-CCR7,CRC.P1212_C000641:1,NoClonal
P1212,TTR35-20161212,CD4,CD4_C12-CTLA4,CRC.P1212_C000642:1,NoClonal
P1212,PTH65-1212,DN,NA,CRC.P1212_C000643:1,NoClonal
P1212,NTH175-20161212,CD4,CD4_C05-CXCR6,CRC.P1212_C000644:1,NoClonal
P1212,TTC25-20161212,CD8,CD8_C04-GZMK,CRC.P1212_C000645:1,NoClonal
P1212,NTH171-20161212,other,NA,CRC.P1212_C000646:1,NoClonal
P1212,PTH88-1212,DN,NA,CRC.P1212_C000648:1,NoClonal
P1212,TTH95-20161212,DN,NA,CRC.P1212_C000649:1,NoClonal
P1212,NTH27-20161212,CD4,CD4_C05-CXCR6,CRC.P1212_C000650:1,NoClonal
P1212,NTH179-20161212,CD4,CD4_C04-TCF7,CRC.P1212_C000651:1,NoClonal
P1212,TTR82-20161212,CD4,CD4_C12-CTLA4,CRC.P1212_C000652:1,NoClonal
P1212,PTH155-1212,CD4,CD4_C02-ANXA1,CRC.P1212_C000653:1,NoClonal
P1212,PTC99-20161212,CD8,CD8_C01-LEF1,CRC.P1212_C000654:1,NoClonal
P1212,PTR71-20161212,CD4,CD4_C10-FOXP3,CRC.P1212_C000655:1,NoClonal
P1212,PTH77-1212,other,NA,CRC.P1212_C000656:1,NoClonal
P1212,NTH240-20161212,other,NA,CRC.P1212_C000657:1,NoClonal
P1212,PTC107-20161212,CD8,CD8_C01-LEF1,CRC.P1212_C000658:1,NoClonal
P1212,NTC156-20161212,CD8,CD8_C04-GZMK,CRC.P1212_C000659:1,NoClonal
P1212,PTC119-20161212,CD8,CD8_C03-CX3CR1,CRC.P1212_C000660:1,NoClonal
P1212,NTH180-20161212,DN,NA,CRC.P1212_C000661:1,NoClonal
P1212,PTR49-20161212,CD4,CD4_C10-FOXP3,CRC.P1212_C000662:1,NoClonal
P1212,NTH214-20161212,DN,NA,CRC.P1212_C000663:1,NoClonal
P1212,NTC14-20161212,CD8,CD8_C04-GZMK,CRC.P1212_C000664:1,NoClonal
P1212,PTR58-20161212,CD4,CD4_C01-CCR7,CRC.P1212_C000665:1,NoClonal
P1212,NTH99-20161212,CD4,CD4_C06-CXCR5,CRC.P1212_C000666:1,NoClonal
P1212,NTY8-20161212,CD4,CD4_C04-TCF7,CRC.P1212_C000667:1,NoClonal
P1212,PTR11-20161212,CD4,CD4_C01-CCR7,CRC.P1212_C000668:1,NoClonal
P1212,PTC1-20161212,CD8,CD8_C04-GZMK,CRC.P1212_C000669:1,NoClonal
P1212,PTH188-1212,DN,NA,CRC.P1212_C000670:1,NoClonal
P1212,NTH177-20161212,DN,NA,CRC.P1212_C000671:1,NoClonal
P1212,PTC189-20161212,CD8,CD8_C02-GPR183,CRC.P1212_C000673:1,NoClonal
P1212,NTC32-20161212,CD8,CD8_C04-GZMK,CRC.P1212_C000674:1,NoClonal
P1212,TTR150-20161212,CD4,CD4_C12-CTLA4,CRC.P1212_C000675:1,NoClonal
P1212,TTR121-20161212,CD4,CD4_C12-CTLA4,CRC.P1212_C000676:1,NoClonal
P1212,NTH146-20161212,CD4,CD4_C06-CXCR5,CRC.P1212_C000677:1,NoClonal
P1212,TTR56-20161212,CD4,CD4_C12-CTLA4,CRC.P1212_C000678:1,NoClonal
P1212,PTR3-20161212,other,NA,CRC.P1212_C000679:1,NoClonal
P1212,NTH87-20161212,DN,NA,CRC.P1212_C000680:1,NoClonal
P1212,PTR8-20161212,CD4,CD4_C01-CCR7,CRC.P1212_C000681:1,NoClonal
P1212,PTC22-20161212,other,NA,CRC.P1212_C000682:1,NoClonal
P1212,PTH41-1212,CD4,CD4_C01-CCR7,CRC.P1212_C000684:1,NoClonal
P1212,TTR140-20161212,CD4,CD4_C08-IL23R,CRC.P1212_C000686:1,NoClonal
P1212,NTH33-20161212,CD4,CD4_C05-CXCR6,CRC.P1212_C000687:1,NoClonal
P1212,PTR5-20161212,CD4,CD4_C10-FOXP3,CRC.P1212_C000688:1,NoClonal
P1212,TTC195-20161212,CD8,CD8_C05-CD6,CRC.P1212_C000689:1,NoClonal
P1212,PTH158-1212,CD4,CD4_C10-FOXP3,CRC.P1212_C000690:1,NoClonal
P1212,NTC177-20161212,CD8,CD8_C06-CD160,CRC.P1212_C000691:1,NoClonal
P1212,PTR80-20161212,CD4,CD4_C10-FOXP3,CRC.P1212_C000692:1,NoClonal
P1212,NTC112-20161212,CD8,CD8_C01-LEF1,CRC.P1212_C000693:1,NoClonal
P1212,TTC94-20161212,CD8,CD8_C07-LAYN,CRC.P1212_C000694:1,NoClonal
P1212,NTH268-20161212,CD4,CD4_C05-CXCR6,CRC.P1212_C000695:1,NoClonal
P1212,NTC149-20161212,CD8,CD8_C08-SLC4A10,CRC.P1212_C000696:1,NoClonal
P1212,TTR55-20161212,CD4,CD4_C12-CTLA4,CRC.P1212_C000697:1,NoClonal
P1212,NTC133-20161212,CD8,CD8_C04-GZMK,CRC.P1212_C000698:1,NoClonal
P1212,PTH30-1212,CD4,CD4_C10-FOXP3,CRC.P1212_C000699:1,NoClonal
P1212,PTC176-20161212,CD8,CD8_C03-CX3CR1,CRC.P1212_C000700:1,NoClonal
P1212,TTH5-20161212,CD4,CD4_C05-CXCR6,CRC.P1212_C000701:1,NoClonal
P1212,TTR69-20161212,CD4,CD4_C12-CTLA4,CRC.P1212_C000702:1,NoClonal
P1212,NTH56-20161212,CD4,CD4_C04-TCF7,CRC.P1212_C000704:1,NoClonal
P1212,PTR68-20161212,DN,NA,CRC.P1212_C000705:1,NoClonal
P1212,PTH106-1212,CD4,CD4_C02-ANXA1,CRC.P1212_C000706:1,NoClonal
P1212,NTC169-20161212,CD8,CD8_C04-GZMK,CRC.P1212_C000707:1,NoClonal
P1212,PTH24-1212,CD4,CD4_C01-CCR7,CRC.P1212_C000708:1,NoClonal
P1212,TTC143-20161212,CD8,CD8_C07-LAYN,CRC.P1212_C000709:1,NoClonal
P1212,PTC76-20161212,CD8,CD8_C02-GPR183,CRC.P1212_C000710:1,NoClonal
P1212,NTC36-20161212,CD8,CD8_C01-LEF1,CRC.P1212_C000711:1,NoClonal
P1212,PTH116-1212,CD4,CD4_C01-CCR7,CRC.P1212_C000712:1,NoClonal
P1212,NTH201-20161212,DN,NA,CRC.P1212_C000715:1,NoClonal
P1212,NTH82-20161212,CD4,CD4_C05-CXCR6,CRC.P1212_C000716:1,NoClonal
P1212,TTH25-20161212,other,NA,CRC.P1212_C000717:1,NoClonal
P1212,PTC5-20161212,CD8,CD8_C03-CX3CR1,CRC.P1212_C000720:1,NoClonal
P1212,PTC47-20161212,CD8,CD8_C02-GPR183,CRC.P1212_C000721:1,NoClonal
P1212,TTH89-20161212,CD4,CD4_C12-CTLA4,CRC.P1212_C000722:1,NoClonal
P1212,NTH121-20161212,CD4,CD4_C04-TCF7,CRC.P1212_C000723:1,NoClonal
P1212,NTH254-20161212,CD4,CD4_C05-CXCR6,CRC.P1212_C000724:1,NoClonal
P1212,TTC114-1212,CD8,CD8_C04-GZMK,CRC.P1212_C000725:1,NoClonal
P1212,PTR66-20161212,CD4,CD4_C10-FOXP3,CRC.P1212_C000726:1,NoClonal
P1212,PTR48-20161212,CD4,CD4_C10-FOXP3,CRC.P1212_C000727:1,NoClonal
P1212,TTC164-1212,CD8,CD8_C07-LAYN,CRC.P1212_C000728:1,NoClonal
P1212,TTH70-20161212,CD4,CD4_C05-CXCR6,CRC.P1212_C000729:1,NoClonal
P1212,TTR108-20161212,CD4,CD4_C12-CTLA4,CRC.P1212_C000730:1,NoClonal
P1212,NTC74-20161212,CD8,CD8_C06-CD160,CRC.P1212_C000731:1,NoClonal
P1212,PTH173-1212,CD4,CD4_C01-CCR7,CRC.P1212_C000732:1,NoClonal
P1212,NTH9-20161212,other,NA,CRC.P1212_C000733:1,NoClonal
P1212,PTH128-1212,other,NA,CRC.P1212_C000734:1,NoClonal
P1212,NTH113-20161212,CD4,CD4_C04-TCF7,CRC.P1212_C000735:1,NoClonal
P1212,PTH12-1212,DN,NA,CRC.P1212_C000736:1,NoClonal
P1212,NTH150-20161212,other,NA,CRC.P1212_C000737:1,NoClonal
P1212,TTH22-20161212,CD4,CD4_C05-CXCR6,CRC.P1212_C000738:1,NoClonal
P1212,PTR9-20161212,CD4,CD4_C02-ANXA1,CRC.P1212_C000739:1,NoClonal
P1212,NTC185-20161212,CD8,CD8_C05-CD6,CRC.P1212_C000740:1,NoClonal
P1212,TTR21-20161212,other,NA,CRC.P1212_C000741:1,NoClonal
P1212,PTC91-1212,CD8,CD8_C02-GPR183,CRC.P1212_C000742:1,NoClonal
P1212,PTH172-1212,DN,NA,CRC.P1212_C000743:1,NoClonal
P1212,PTH134-1212,CD4,CD4_C02-ANXA1,CRC.P1212_C000744:1,NoClonal
P1212,NTH48-20161212,CD4,CD4_C06-CXCR5,CRC.P1212_C000745:1,NoClonal
P1212,TTC78-20161212,CD8,CD8_C03-CX3CR1,CRC.P1212_C000746:1,NoClonal
P1212,NTH71-20161212,other,NA,CRC.P1212_C000747:1,NoClonal
P1212,PTR38-20161212,CD4,CD4_C10-FOXP3,CRC.P1212_C000748:1,NoClonal
P1212,NTC223-20161212,CD8,CD8_C04-GZMK,CRC.P1212_C000749:1,NoClonal
P1212,NTC67-20161212,CD8,CD8_C05-CD6,CRC.P1212_C000750:1,NoClonal
P1212,TTR116-20161212,CD4,CD4_C09-CXCL13,CRC.P1212_C000751:1,NoClonal
P1212,NTC158-20161212,CD8,CD8_C04-GZMK,CRC.P1212_C000752:1,NoClonal
P1212,NTC188-20161212,CD8,CD8_C05-CD6,CRC.P1212_C000753:1,NoClonal
P1212,NTH223-20161212,CD4,CD4_C04-TCF7,CRC.P1212_C000754:1,NoClonal
P1212,NTH228-20161212,CD4,CD4_C04-TCF7,CRC.P1212_C000755:1,NoClonal
P1212,NTH96-20161212,CD4,CD4_C05-CXCR6,CRC.P1212_C000756:1,NoClonal
P1212,NTH282-20161212,CD4,CD4_C06-CXCR5,CRC.P1212_C000757:1,NoClonal
P1212,PTC78-20161212,CD8,CD8_C01-LEF1,CRC.P1212_C000758:1,NoClonal
P1212,TTC214-20161212,CD8,CD8_C04-GZMK,CRC.P1212_C000759:1,NoClonal
P1212,NTH219-20161212,other,NA,CRC.P1212_C000760:1,NoClonal
P1212,TTR47-20161212,CD4,CD4_C12-CTLA4,CRC.P1212_C000761:1,NoClonal
P1212,NTC101-20161212,other,NA,CRC.P1212_C000762:1,NoClonal
P1212,TTH44-20161212,CD4,CD4_C05-CXCR6,CRC.P1212_C000763:1,NoClonal
P1212,PTC7-20161212,CD8,CD8_C03-CX3CR1,CRC.P1212_C000764:1,NoClonal
P1212,NTC83-20161212,CD8,CD8_C05-CD6,CRC.P1212_C000765:1,NoClonal
P1212,PTH28-1212,CD4,CD4_C02-ANXA1,CRC.P1212_C000766:1,NoClonal
P1212,PTH136-1212,other,NA,CRC.P1212_C000767:1,NoClonal
P1212,PTC85-1212,CD8,CD8_C03-CX3CR1,CRC.P1212_C000768:1,NoClonal
P1212,NTH120-20161212,CD4,CD4_C08-IL23R,CRC.P1212_C000769:1,NoClonal
P1212,NTC30-20161212,other,NA,CRC.P1212_C000770:1,NoClonal
P1212,PTH179-1212,DN,NA,CRC.P1212_C000771:1,NoClonal
P1212,NTC96-20161212,CD8,CD8_C05-CD6,CRC.P1212_C000772:1,NoClonal
P1212,PTH126-1212,CD4,CD4_C01-CCR7,CRC.P1212_C000773:1,NoClonal
P1212,PTR25-20161212,DN,NA,CRC.P1212_C000774:1,NoClonal
P1212,TTR92-20161212,CD4,CD4_C12-CTLA4,CRC.P1212_C000775:1,NoClonal
P1212,NTH194-20161212,other,NA,CRC.P1212_C000776:1,NoClonal
P1212,NTH143-20161212,CD4,CD4_C06-CXCR5,CRC.P1212_C000777:1,NoClonal
P1212,PTR40-20161212,CD4,CD4_C10-FOXP3,CRC.P1212_C000778:1,NoClonal
P1212,NTH261-20161212,CD4,CD4_C04-TCF7,CRC.P1212_C000780:1,NoClonal
P1212,NTY24-20161212,CD4,CD4_C05-CXCR6,CRC.P1212_C000781:1,NoClonal
P1212,NTH39-20161212,CD4,CD4_C04-TCF7,CRC.P1212_C000782:1,NoClonal
P1212,PTH62-1212,CD4,CD4_C03-GNLY,CRC.P1212_C000784:1,NoClonal
P1212,NTY73-20161212,CD4,CD4_C05-CXCR6,CRC.P1212_C000786:1,NoClonal
P1212,NTH84-20161212,CD4,CD4_C06-CXCR5,CRC.P1212_C000787:1,NoClonal
P1212,TTH58-20161212,CD4,CD4_C05-CXCR6,CRC.P1212_C000788:1,NoClonal
P1212,TTC140-1212,CD8,CD8_C04-GZMK,CRC.P1212_C000789:1,NoClonal
P1212,PTH159-1212,CD4,CD4_C01-CCR7,CRC.P1212_C000790:1,NoClonal
P1212,NTH7-20161212,CD4,CD4_C04-TCF7,CRC.P1212_C000791:1,NoClonal
P1212,PTR14-20161212,other,NA,CRC.P1212_C000792:1,NoClonal
P1212,PTH8-1212,CD4,CD4_C01-CCR7,CRC.P1212_C000793:1,NoClonal
P1212,NTC50-20161212,CD8,CD8_C04-GZMK,CRC.P1212_C000794:1,NoClonal
P1212,PTC82-1212,CD8,CD8_C03-CX3CR1,CRC.P1212_C000795:1,NoClonal
P1212,PTC52-20161212,CD8,CD8_C01-LEF1,CRC.P1212_C000796:1,NoClonal
P1212,NTH117-20161212,CD4,CD4_C05-CXCR6,CRC.P1212_C000797:1,NoClonal
P1212,TTR98-20161212,CD4,CD4_C12-CTLA4,CRC.P1212_C000798:1,NoClonal
P1212,PTH43-1212,DN,NA,CRC.P1212_C000799:1,NoClonal
P1212,NTH215-20161212,CD4,CD4_C08-IL23R,CRC.P1212_C000800:1,NoClonal
P1212,NTH58-20161212,DN,NA,CRC.P1212_C000802:1,NoClonal
P1212,NTY72-20161212,DN,NA,CRC.P1212_C000803:1,NoClonal
P1212,TTC48-20161212,CD8,CD8_C05-CD6,CRC.P1212_C000804:1,NoClonal
P1212,NTH257-20161212,CD4,CD4_C05-CXCR6,CRC.P1212_C000806:1,NoClonal
P1212,TTR4-20161212,other,NA,CRC.P1212_C000808:1,NoClonal
P1212,NTH176-20161212,CD4,CD4_C11-IL10,CRC.P1212_C000809:1,NoClonal
P1212,TTH37-20161212,other,NA,CRC.P1212_C000810:1,NoClonal
P1212,PTH151-1212,DN,NA,CRC.P1212_C000811:1,NoClonal
P1212,PTR84-20161212,DN,NA,CRC.P1212_C000812:1,NoClonal
P1212,PTH113-1212,CD4,CD4_C02-ANXA1,CRC.P1212_C000813:1,NoClonal
P1212,TTC133-20161212,CD8,CD8_C07-LAYN,CRC.P1212_C000814:1,NoClonal
P1212,NTH195-20161212,CD4,CD4_C04-TCF7,CRC.P1212_C000815:1,NoClonal
P1212,TTR30-20161212,CD4,CD4_C12-CTLA4,CRC.P1212_C000816:1,NoClonal
P1212,NTC33-20161212,CD8,CD8_C05-CD6,CRC.P1212_C000817:1,NoClonal
P1212,TTR68-20161212,CD4,CD4_C12-CTLA4,CRC.P1212_C000818:1,NoClonal
P1212,PTH26-1212,CD4,CD4_C01-CCR7,CRC.P1212_C000819:1,NoClonal
P1212,TTC139-1212,CD8,CD8_C04-GZMK,CRC.P1212_C000820:1,NoClonal
P1212,NTH151-20161212,CD4,CD4_C04-TCF7,CRC.P1212_C000821:1,NoClonal
P1212,NTY23-20161212,DN,NA,CRC.P1212_C000822:1,NoClonal
P1212,NTH108-20161212,CD4,CD4_C04-TCF7,CRC.P1212_C000823:1,NoClonal
P1212,PTH90-1212,CD4,CD4_C02-ANXA1,CRC.P1212_C000824:1,NoClonal
P1212,TTR10-20161212,other,NA,CRC.P1212_C000825:1,NoClonal
P1212,TTC205-20161212,CD8,CD8_C05-CD6,CRC.P1212_C000827:1,NoClonal
P1212,TTC142-1212,CD8,CD8_C08-SLC4A10,CRC.P1212_C000828:1,NoClonal
P1212,TTC130-1212,CD8,CD8_C07-LAYN,CRC.P1212_C000829:1,NoClonal
P1212,NTH147-20161212,DN,NA,CRC.P1212_C000830:1,NoClonal
P1212,PTR16-20161212,CD4,CD4_C10-FOXP3,CRC.P1212_C000831:1,NoClonal
P1212,NTH152-20161212,CD4,CD4_C03-GNLY,CRC.P1212_C000832:1,NoClonal
P1212,PTR42-20161212,CD4,CD4_C10-FOXP3,CRC.P1212_C000833:1,NoClonal
P1212,NTC89-20161212,CD8,CD8_C06-CD160,CRC.P1212_C000834:1,NoClonal
P1212,TTC86-20161212,CD8,CD8_C04-GZMK,CRC.P1212_C000835:1,NoClonal
P1212,PTH39-1212,other,NA,CRC.P1212_C000836:1,NoClonal
P1212,TTR107-20161212,CD4,CD4_C12-CTLA4,CRC.P1212_C000837:1,NoClonal
P1212,NTH274-20161212,other,NA,CRC.P1212_C000839:1,NoClonal
P1212,PTR12-20161212,CD4,CD4_C02-ANXA1,CRC.P1212_C000840:1,NoClonal
P1212,NTH158-20161212,CD4,CD4_C06-CXCR5,CRC.P1212_C000841:1,NoClonal
P1212,NTH109-20161212,CD4,CD4_C10-FOXP3,CRC.P1212_C000842:1,NoClonal
P1212,NTH238-20161212,CD4,CD4_C05-CXCR6,CRC.P1212_C000843:1,NoClonal
P1212,TTR79-20161212,CD4,CD4_C08-IL23R,CRC.P1212_C000844:1,NoClonal
P1212,TTH74-20161212,other,NA,CRC.P1212_C000846:1,NoClonal
P1212,NTY10-20161212,CD4,CD4_C05-CXCR6,CRC.P1212_C000847:1,NoClonal
P1212,TTH49-20161212,other,NA,CRC.P1212_C000848:1,NoClonal
P1212,NTC76-20161212,CD8,CD8_C05-CD6,CRC.P1212_C000849:1,NoClonal
P1212,TTC162-20161212,CD8,CD8_C07-LAYN,CRC.P1212_C000850:1,NoClonal
P1212,PTH35-1212,other,NA,CRC.P1212_C000851:1,NoClonal
P1212,NTC72-20161212,CD8,CD8_C06-CD160,CRC.P1212_C000852:1,NoClonal
P1212,TTC111-20161212,CD8,CD8_C07-LAYN,CRC.P1212_C000853:1,NoClonal
P1228,TTC82-20161228,CD8,CD8_C07-LAYN,CRC.P1228_C000070:38,Clonal
P1228,TTC90-20161228,CD8,CD8_C07-LAYN,CRC.P1228_C000070:38,Clonal
P1228,TTC239-20161228,CD8,CD8_C07-LAYN,CRC.P1228_C000070:38,Clonal
P1228,TTC40-20161228,CD8,CD8_C07-LAYN,CRC.P1228_C000070:38,Clonal
P1228,TTC120-20161228,CD8,CD8_C07-LAYN,CRC.P1228_C000070:38,Clonal
P1228,TTC1-20161228,CD8,CD8_C07-LAYN,CRC.P1228_C000070:38,Clonal
P1228,TTC114-20161228,CD8,CD8_C07-LAYN,CRC.P1228_C000070:38,Clonal
P1228,TTC266-20161228,CD8,CD8_C07-LAYN,CRC.P1228_C000070:38,Clonal
P1228,TTC23-20161228,CD8,CD8_C07-LAYN,CRC.P1228_C000070:38,Clonal
P1228,TTC29-20161228,CD8,CD8_C07-LAYN,CRC.P1228_C000070:38,Clonal
P1228,TTC252-20161228,CD8,CD8_C07-LAYN,CRC.P1228_C000070:38,Clonal
P1228,TTC271-20161228,CD8,CD8_C07-LAYN,CRC.P1228_C000070:38,Clonal
P1228,TTC180-20161228,CD8,CD8_C07-LAYN,CRC.P1228_C000070:38,Clonal
P1228,TTC250-20161228,CD8,CD8_C07-LAYN,CRC.P1228_C000070:38,Clonal
P1228,TTC263-20161228,CD8,CD8_C07-LAYN,CRC.P1228_C000070:38,Clonal
P1228,TTC49-20161228,CD8,CD8_C07-LAYN,CRC.P1228_C000070:38,Clonal
P1228,TTC46-20161228,CD8,CD8_C07-LAYN,CRC.P1228_C000070:38,Clonal
P1228,TTC182-20161228,CD8,CD8_C07-LAYN,CRC.P1228_C000070:38,Clonal
P1228,TTC149-20161228,CD8,CD8_C07-LAYN,CRC.P1228_C000070:38,Clonal
P1228,TTC255-20161228,CD8,CD8_C07-LAYN,CRC.P1228_C000070:38,Clonal
P1228,TTC70-20161228,CD8,CD8_C07-LAYN,CRC.P1228_C000070:38,Clonal
P1228,TTC132-20161228,CD8,CD8_C07-LAYN,CRC.P1228_C000070:38,Clonal
P1228,TTC245-20161228,CD8,CD8_C07-LAYN,CRC.P1228_C000070:38,Clonal
P1228,TTC26-20161228,CD8,CD8_C07-LAYN,CRC.P1228_C000070:38,Clonal
P1228,TTC2-20161228,CD8,CD8_C07-LAYN,CRC.P1228_C000070:38,Clonal
P1228,TTC63-20161228,CD8,CD8_C07-LAYN,CRC.P1228_C000070:38,Clonal
P1228,TTC240-20161228,CD8,CD8_C07-LAYN,CRC.P1228_C000070:38,Clonal
P1228,TTC212-20161228,CD8,CD8_C07-LAYN,CRC.P1228_C000070:38,Clonal
P1228,TTC93-20161228,CD8,CD8_C07-LAYN,CRC.P1228_C000070:38,Clonal
P1228,TTC278-20161228,CD8,CD8_C07-LAYN,CRC.P1228_C000070:38,Clonal
P1228,TTC96-20161228,CD8,CD8_C07-LAYN,CRC.P1228_C000070:38,Clonal
P1228,TTC251-20161228,CD8,CD8_C07-LAYN,CRC.P1228_C000070:38,Clonal
P1228,TTC137-20161228,CD8,CD8_C07-LAYN,CRC.P1228_C000070:38,Clonal
P1228,TTC3-20161228,CD8,CD8_C07-LAYN,CRC.P1228_C000070:38,Clonal
P1228,TTC33-20161228,CD8,CD8_C07-LAYN,CRC.P1228_C000070:38,Clonal
P1228,TTC159-20161228,CD8,CD8_C07-LAYN,CRC.P1228_C000070:38,Clonal
P1228,TTC140-20161228,CD8,CD8_C07-LAYN,CRC.P1228_C000070:38,Clonal
P1228,TTC260-20161228,CD8,CD8_C07-LAYN,CRC.P1228_C000070:38,Clonal
P1228,PTC13-20161228,CD8,CD8_C03-CX3CR1,CRC.P1228_C000101:37,Clonal
P1228,TTC160-20161228,CD8,CD8_C03-CX3CR1,CRC.P1228_C000101:37,Clonal
P1228,PTC54-20161228,CD8,CD8_C03-CX3CR1,CRC.P1228_C000101:37,Clonal
P1228,PTC59-20161228,CD8,CD8_C03-CX3CR1,CRC.P1228_C000101:37,Clonal
P1228,PTC36-20161228,CD8,CD8_C03-CX3CR1,CRC.P1228_C000101:37,Clonal
P1228,PTC75-20161228,CD8,CD8_C03-CX3CR1,CRC.P1228_C000101:37,Clonal
P1228,PTC83-20161228,CD8,CD8_C03-CX3CR1,CRC.P1228_C000101:37,Clonal
P1228,PTC76-20161228,CD8,CD8_C03-CX3CR1,CRC.P1228_C000101:37,Clonal
P1228,PTC78-20161228,CD8,CD8_C03-CX3CR1,CRC.P1228_C000101:37,Clonal
P1228,PTC71-20161228,CD8,CD8_C03-CX3CR1,CRC.P1228_C000101:37,Clonal
P1228,TTC58-20161228,CD8,CD8_C03-CX3CR1,CRC.P1228_C000101:37,Clonal
P1228,PTC89-20161228,CD8,CD8_C03-CX3CR1,CRC.P1228_C000101:37,Clonal
P1228,PTC73-20161228,CD8,CD8_C03-CX3CR1,CRC.P1228_C000101:37,Clonal
P1228,PTC66-20161228,CD8,CD8_C03-CX3CR1,CRC.P1228_C000101:37,Clonal
P1228,PTC18-20161228,CD8,CD8_C03-CX3CR1,CRC.P1228_C000101:37,Clonal
P1228,PTC42-20161228,CD8,CD8_C03-CX3CR1,CRC.P1228_C000101:37,Clonal
P1228,PTC81-20161228,CD8,CD8_C03-CX3CR1,CRC.P1228_C000101:37,Clonal
P1228,PTC65-20161228,CD8,CD8_C03-CX3CR1,CRC.P1228_C000101:37,Clonal
P1228,NTC13-20161228,CD8,CD8_C03-CX3CR1,CRC.P1228_C000101:37,Clonal
P1228,NTC202-20161228,CD8,CD8_C03-CX3CR1,CRC.P1228_C000101:37,Clonal
P1228,PTC27-20161228,CD8,CD8_C03-CX3CR1,CRC.P1228_C000101:37,Clonal
P1228,PTC48-20161228,CD8,CD8_C03-CX3CR1,CRC.P1228_C000101:37,Clonal
P1228,PTC41-20161228,CD8,CD8_C03-CX3CR1,CRC.P1228_C000101:37,Clonal
P1228,PTC68-20161228,CD8,CD8_C03-CX3CR1,CRC.P1228_C000101:37,Clonal
P1228,PTC74-20161228,CD8,CD8_C03-CX3CR1,CRC.P1228_C000101:37,Clonal
P1228,PTC96-20161228,CD8,CD8_C03-CX3CR1,CRC.P1228_C000101:37,Clonal
P1228,PTC47-20161228,CD8,CD8_C03-CX3CR1,CRC.P1228_C000101:37,Clonal
P1228,NTC47-20161228,CD8,CD8_C03-CX3CR1,CRC.P1228_C000101:37,Clonal
P1228,PTC25-20161228,CD8,CD8_C03-CX3CR1,CRC.P1228_C000101:37,Clonal
P1228,PTC22-20161228,CD8,CD8_C03-CX3CR1,CRC.P1228_C000101:37,Clonal
P1228,NTC219-20161228,CD8,CD8_C03-CX3CR1,CRC.P1228_C000101:37,Clonal
P1228,TTC230-20161228,CD8,CD8_C03-CX3CR1,CRC.P1228_C000101:37,Clonal
P1228,PTC87-20161228,CD8,CD8_C03-CX3CR1,CRC.P1228_C000101:37,Clonal
P1228,PTC28-20161228,CD8,CD8_C03-CX3CR1,CRC.P1228_C000101:37,Clonal
P1228,PTC35-20161228,CD8,CD8_C03-CX3CR1,CRC.P1228_C000101:37,Clonal
P1228,PTC2-20161228,CD8,CD8_C03-CX3CR1,CRC.P1228_C000101:37,Clonal
P1228,TTC201-20161228,CD8,CD8_C04-GZMK,CRC.P1228_C000101:37,Clonal
P1228,TTH44-20161228,CD4,CD4_C07-GZMK,CRC.P1228_C000062:18,Clonal
P1228,NTH103-20161228,CD4,CD4_C07-GZMK,CRC.P1228_C000062:18,Clonal
P1228,TTH24-20161228,CD4,CD4_C07-GZMK,CRC.P1228_C000062:18,Clonal
P1228,TTH26-20161228,CD4,CD4_C07-GZMK,CRC.P1228_C000062:18,Clonal
P1228,NTH172-20161228,CD4,CD4_C07-GZMK,CRC.P1228_C000062:18,Clonal
P1228,TTH73-20161228,CD4,CD4_C07-GZMK,CRC.P1228_C000062:18,Clonal
P1228,NTR214-20161228,CD4,CD4_C07-GZMK,CRC.P1228_C000062:18,Clonal
P1228,TTH59-20161228,DN,NA,CRC.P1228_C000062:18,Clonal
P1228,NTH218-20161228,other,NA,CRC.P1228_C000062:18,Clonal
P1228,NTR276-20161228,other,NA,CRC.P1228_C000062:18,Clonal
P1228,TTH29-20161228,DN,NA,CRC.P1228_C000062:18,Clonal
P1228,NTR126-20161228,other,NA,CRC.P1228_C000062:18,Clonal
P1228,NTR161-20161228,DN,NA,CRC.P1228_C000062:18,Clonal
P1228,TTH81-20161228,DN,NA,CRC.P1228_C000062:18,Clonal
P1228,NTH144-20161228,DN,NA,CRC.P1228_C000062:18,Clonal
P1228,TTH21-20161228,DN,NA,CRC.P1228_C000062:18,Clonal
P1228,NTR245-20161228,DN,NA,CRC.P1228_C000062:18,Clonal
P1228,NTH90-20161228,DN,NA,CRC.P1228_C000062:18,Clonal
P1228,NTC173-20161228,CD8,CD8_C04-GZMK,CRC.P1228_C000029:17,Clonal
P1228,NTC228-20161228,CD8,CD8_C04-GZMK,CRC.P1228_C000029:17,Clonal
P1228,NTC60-20161228,CD8,CD8_C04-GZMK,CRC.P1228_C000029:17,Clonal
P1228,NTC96-20161228,CD8,CD8_C04-GZMK,CRC.P1228_C000029:17,Clonal
P1228,NTC197-20161228,CD8,CD8_C05-CD6,CRC.P1228_C000029:17,Clonal
P1228,NTC27-20161228,CD8,CD8_C05-CD6,CRC.P1228_C000029:17,Clonal
P1228,NTC245-20161228,CD8,CD8_C05-CD6,CRC.P1228_C000029:17,Clonal
P1228,NTC178-20161228,CD8,CD8_C05-CD6,CRC.P1228_C000029:17,Clonal
P1228,NTC129-20161228,CD8,CD8_C05-CD6,CRC.P1228_C000029:17,Clonal
P1228,NTC113-20161228,CD8,CD8_C05-CD6,CRC.P1228_C000029:17,Clonal
P1228,NTC64-20161228,CD8,CD8_C05-CD6,CRC.P1228_C000029:17,Clonal
P1228,NTC33-20161228,CD8,CD8_C05-CD6,CRC.P1228_C000029:17,Clonal
P1228,NTC23-20161228,CD8,CD8_C05-CD6,CRC.P1228_C000029:17,Clonal
P1228,NTC42-20161228,CD8,CD8_C05-CD6,CRC.P1228_C000029:17,Clonal
P1228,NTC138-20161228,CD8,CD8_C05-CD6,CRC.P1228_C000029:17,Clonal
P1228,NTC83-20161228,CD8,CD8_C05-CD6,CRC.P1228_C000029:17,Clonal
P1228,NTC242-20161228,CD8,CD8_C06-CD160,CRC.P1228_C000029:17,Clonal
P1228,NTC116-20161228,CD8,CD8_C04-GZMK,CRC.P1228_C000051:15,Clonal
P1228,NTC176-20161228,CD8,CD8_C04-GZMK,CRC.P1228_C000051:15,Clonal
P1228,NTC100-20161228,CD8,CD8_C04-GZMK,CRC.P1228_C000051:15,Clonal
P1228,TTC158-20161228,CD8,CD8_C04-GZMK,CRC.P1228_C000051:15,Clonal
P1228,TTC200-20161228,CD8,CD8_C04-GZMK,CRC.P1228_C000051:15,Clonal
P1228,TTC100-20161228,CD8,CD8_C04-GZMK,CRC.P1228_C000051:15,Clonal
P1228,TTC225-20161228,CD8,CD8_C04-GZMK,CRC.P1228_C000051:15,Clonal
P1228,TTC118-20161228,CD8,CD8_C04-GZMK,CRC.P1228_C000051:15,Clonal
P1228,TTC85-20161228,CD8,CD8_C04-GZMK,CRC.P1228_C000051:15,Clonal
P1228,NTC57-20161228,CD8,CD8_C04-GZMK,CRC.P1228_C000051:15,Clonal
P1228,NTC200-20161228,CD8,CD8_C04-GZMK,CRC.P1228_C000051:15,Clonal
P1228,TTC257-20161228,CD8,CD8_C04-GZMK,CRC.P1228_C000051:15,Clonal
P1228,TTC193-20161228,CD8,CD8_C04-GZMK,CRC.P1228_C000051:15,Clonal
P1228,TTC189-20161228,CD8,CD8_C07-LAYN,CRC.P1228_C000051:15,Clonal
P1228,TTC105-20161228,CD8,CD8_C07-LAYN,CRC.P1228_C000051:15,Clonal
P1228,NTC146-20161228,CD8,CD8_C06-CD160,CRC.P1228_C000012:13,Clonal
P1228,NTC162-20161228,CD8,CD8_C06-CD160,CRC.P1228_C000012:13,Clonal
P1228,NTC58-20161228,CD8,CD8_C06-CD160,CRC.P1228_C000012:13,Clonal
P1228,NTC233-20161228,CD8,CD8_C06-CD160,CRC.P1228_C000012:13,Clonal
P1228,NTC29-20161228,CD8,CD8_C06-CD160,CRC.P1228_C000012:13,Clonal
P1228,NTC136-20161228,CD8,CD8_C06-CD160,CRC.P1228_C000012:13,Clonal
P1228,NTC142-20161228,CD8,CD8_C06-CD160,CRC.P1228_C000012:13,Clonal
P1228,NTC188-20161228,CD8,CD8_C06-CD160,CRC.P1228_C000012:13,Clonal
P1228,NTC158-20161228,CD8,CD8_C06-CD160,CRC.P1228_C000012:13,Clonal
P1228,NTC254-20161228,CD8,CD8_C06-CD160,CRC.P1228_C000012:13,Clonal
P1228,NTC283-20161228,CD8,CD8_C06-CD160,CRC.P1228_C000012:13,Clonal
P1228,NTC257-20161228,CD8,CD8_C06-CD160,CRC.P1228_C000012:13,Clonal
P1228,NTC276-20161228,CD8,CD8_C06-CD160,CRC.P1228_C000012:13,Clonal
P1228,NTC59-20161228,CD8,CD8_C06-CD160,CRC.P1228_C000324:10,Clonal
P1228,NTC67-20161228,CD8,CD8_C06-CD160,CRC.P1228_C000324:10,Clonal
P1228,NTC118-20161228,CD8,CD8_C06-CD160,CRC.P1228_C000324:10,Clonal
P1228,NTC274-20161228,CD8,CD8_C06-CD160,CRC.P1228_C000324:10,Clonal
P1228,NTC112-20161228,CD8,CD8_C06-CD160,CRC.P1228_C000324:10,Clonal
P1228,NTC45-20161228,CD8,CD8_C06-CD160,CRC.P1228_C000324:10,Clonal
P1228,NTC275-20161228,CD8,CD8_C06-CD160,CRC.P1228_C000324:10,Clonal
P1228,NTC216-20161228,CD8,CD8_C06-CD160,CRC.P1228_C000324:10,Clonal
P1228,NTC117-20161228,CD8,CD8_C06-CD160,CRC.P1228_C000324:10,Clonal
P1228,NTC190-20161228,CD8,CD8_C06-CD160,CRC.P1228_C000324:10,Clonal
P1228,NTC16-20161228,CD8,CD8_C05-CD6,CRC.P1228_C000171:9,Clonal
P1228,NTC164-20161228,CD8,CD8_C05-CD6,CRC.P1228_C000171:9,Clonal
P1228,NTC107-20161228,CD8,CD8_C05-CD6,CRC.P1228_C000171:9,Clonal
P1228,NTC25-20161228,CD8,CD8_C05-CD6,CRC.P1228_C000171:9,Clonal
P1228,NTC70-20161228,CD8,CD8_C05-CD6,CRC.P1228_C000171:9,Clonal
P1228,NTC104-20161228,CD8,CD8_C05-CD6,CRC.P1228_C000171:9,Clonal
P1228,NTC109-20161228,CD8,CD8_C05-CD6,CRC.P1228_C000171:9,Clonal
P1228,NTC168-20161228,CD8,CD8_C05-CD6,CRC.P1228_C000171:9,Clonal
P1228,NTC26-20161228,CD8,CD8_C05-CD6,CRC.P1228_C000171:9,Clonal
P1228,PTC57-20161228,CD8,CD8_C08-SLC4A10,CRC.P1228_C000024:8,Clonal
P1228,PTC17-20161228,CD8,CD8_C08-SLC4A10,CRC.P1228_C000024:8,Clonal
P1228,NTC232-20161228,CD8,CD8_C08-SLC4A10,CRC.P1228_C000024:8,Clonal
P1228,TTC74-20161228,CD8,CD8_C08-SLC4A10,CRC.P1228_C000024:8,Clonal
P1228,TTC249-20161228,CD8,CD8_C08-SLC4A10,CRC.P1228_C000024:8,Clonal
P1228,TTC169-20161228,CD8,CD8_C08-SLC4A10,CRC.P1228_C000024:8,Clonal
P1228,NTC154-20161228,CD8,CD8_C08-SLC4A10,CRC.P1228_C000024:8,Clonal
P1228,TTC6-20161228,CD8,CD8_C08-SLC4A10,CRC.P1228_C000024:8,Clonal
P1228,NTC153-20161228,CD8,CD8_C04-GZMK,CRC.P1228_C000040:8,Clonal
P1228,NTC239-20161228,CD8,CD8_C04-GZMK,CRC.P1228_C000040:8,Clonal
P1228,NTC220-20161228,CD8,CD8_C04-GZMK,CRC.P1228_C000040:8,Clonal
P1228,NTC214-20161228,CD8,CD8_C04-GZMK,CRC.P1228_C000040:8,Clonal
P1228,NTC191-20161228,CD8,CD8_C04-GZMK,CRC.P1228_C000040:8,Clonal
P1228,NTC217-20161228,CD8,CD8_C04-GZMK,CRC.P1228_C000040:8,Clonal
P1228,NTC97-20161228,CD8,CD8_C04-GZMK,CRC.P1228_C000040:8,Clonal
P1228,NTC211-20161228,CD8,CD8_C04-GZMK,CRC.P1228_C000040:8,Clonal
P1228,NTC20-20161228,CD8,CD8_C04-GZMK,CRC.P1228_C000052:8,Clonal
P1228,NTC111-20161228,CD8,CD8_C04-GZMK,CRC.P1228_C000052:8,Clonal
P1228,TTC123-20161228,CD8,CD8_C04-GZMK,CRC.P1228_C000052:8,Clonal
P1228,NTC248-20161228,CD8,CD8_C04-GZMK,CRC.P1228_C000052:8,Clonal
P1228,NTC53-20161228,CD8,CD8_C04-GZMK,CRC.P1228_C000052:8,Clonal
P1228,NTC124-20161228,CD8,CD8_C04-GZMK,CRC.P1228_C000052:8,Clonal
P1228,NTC288-20161228,CD8,CD8_C04-GZMK,CRC.P1228_C000052:8,Clonal
P1228,NTC79-20161228,CD8,CD8_C04-GZMK,CRC.P1228_C000052:8,Clonal
P1228,TTC235-20161228,CD8,CD8_C03-CX3CR1,CRC.P1228_C000303:8,Clonal
P1228,PTC51-20161228,CD8,CD8_C03-CX3CR1,CRC.P1228_C000303:8,Clonal
P1228,PTC60-20161228,CD8,CD8_C03-CX3CR1,CRC.P1228_C000303:8,Clonal
P1228,TTC196-20161228,CD8,CD8_C03-CX3CR1,CRC.P1228_C000303:8,Clonal
P1228,PTC3-20161228,CD8,CD8_C03-CX3CR1,CRC.P1228_C000303:8,Clonal
P1228,PTC93-20161228,CD8,CD8_C03-CX3CR1,CRC.P1228_C000303:8,Clonal
P1228,PTC70-20161228,CD8,CD8_C03-CX3CR1,CRC.P1228_C000303:8,Clonal
P1228,PTC90-20161228,CD8,CD8_C03-CX3CR1,CRC.P1228_C000303:8,Clonal
P1228,NTC130-20161228,CD8,CD8_C06-CD160,CRC.P1228_C000011:7,Clonal
P1228,NTC52-20161228,CD8,CD8_C06-CD160,CRC.P1228_C000011:7,Clonal
P1228,NTC209-20161228,CD8,CD8_C06-CD160,CRC.P1228_C000011:7,Clonal
P1228,NTC61-20161228,CD8,CD8_C06-CD160,CRC.P1228_C000011:7,Clonal
P1228,NTC160-20161228,CD8,CD8_C06-CD160,CRC.P1228_C000011:7,Clonal
P1228,NTC12-20161228,CD8,CD8_C06-CD160,CRC.P1228_C000011:7,Clonal
P1228,NTC181-20161228,CD8,CD8_C06-CD160,CRC.P1228_C000011:7,Clonal
P1228,PTC82-20161228,CD8,CD8_C03-CX3CR1,CRC.P1228_C000028:7,Clonal
P1228,TTC146-20161228,CD8,CD8_C04-GZMK,CRC.P1228_C000028:7,Clonal
P1228,TTC106-20161228,CD8,CD8_C04-GZMK,CRC.P1228_C000028:7,Clonal
P1228,NTC234-20161228,CD8,CD8_C04-GZMK,CRC.P1228_C000028:7,Clonal
P1228,TTC272-20161228,CD8,CD8_C04-GZMK,CRC.P1228_C000028:7,Clonal
P1228,TTC32-20161228,CD8,CD8_C07-LAYN,CRC.P1228_C000028:7,Clonal
P1228,TTC73-20161228,CD8,CD8_C07-LAYN,CRC.P1228_C000028:7,Clonal
P1228,PTC95-20161228,CD8,CD8_C03-CX3CR1,CRC.P1228_C000229:6,Clonal
P1228,PTC84-20161228,CD8,CD8_C03-CX3CR1,CRC.P1228_C000229:6,Clonal
P1228,PTC85-20161228,CD8,CD8_C03-CX3CR1,CRC.P1228_C000229:6,Clonal
P1228,PTC79-20161228,CD8,CD8_C03-CX3CR1,CRC.P1228_C000229:6,Clonal
P1228,PTC52-20161228,CD8,CD8_C03-CX3CR1,CRC.P1228_C000229:6,Clonal
P1228,TTC34-20161228,CD8,CD8_C04-GZMK,CRC.P1228_C000229:6,Clonal
P1228,PTC50-20161228,CD8,CD8_C03-CX3CR1,CRC.P1228_C000238:6,Clonal
P1228,NTC95-20161228,CD8,CD8_C03-CX3CR1,CRC.P1228_C000238:6,Clonal
P1228,TTC104-20161228,CD8,CD8_C03-CX3CR1,CRC.P1228_C000238:6,Clonal
P1228,TTC166-20161228,CD8,CD8_C04-GZMK,CRC.P1228_C000238:6,Clonal
P1228,TTC14-20161228,CD8,CD8_C04-GZMK,CRC.P1228_C000238:6,Clonal
P1228,TTC256-20161228,CD8,CD8_C04-GZMK,CRC.P1228_C000238:6,Clonal
P1228,NTC244-20161228,CD8,CD8_C06-CD160,CRC.P1228_C000030:4,Clonal
P1228,NTC165-20161228,CD8,CD8_C06-CD160,CRC.P1228_C000030:4,Clonal
P1228,NTC282-20161228,CD8,CD8_C06-CD160,CRC.P1228_C000030:4,Clonal
P1228,NTC192-20161228,CD8,CD8_C06-CD160,CRC.P1228_C000030:4,Clonal
P1228,NTC229-20161228,CD8,CD8_C06-CD160,CRC.P1228_C000038:4,Clonal
P1228,NTC4-20161228,CD8,CD8_C06-CD160,CRC.P1228_C000038:4,Clonal
P1228,NTC250-20161228,CD8,CD8_C06-CD160,CRC.P1228_C000038:4,Clonal
P1228,NTC19-20161228,CD8,CD8_C06-CD160,CRC.P1228_C000038:4,Clonal
P1228,NTC55-20161228,CD8,CD8_C06-CD160,CRC.P1228_C000157:4,Clonal
P1228,NTC167-20161228,CD8,CD8_C06-CD160,CRC.P1228_C000157:4,Clonal
P1228,NTC132-20161228,CD8,CD8_C06-CD160,CRC.P1228_C000157:4,Clonal
P1228,NTC152-20161228,CD8,CD8_C06-CD160,CRC.P1228_C000157:4,Clonal
P1228,TTC15-20161228,CD8,CD8_C03-CX3CR1,CRC.P1228_C000205:4,Clonal
P1228,PTC49-20161228,CD8,CD8_C03-CX3CR1,CRC.P1228_C000205:4,Clonal
P1228,NTC271-20161228,CD8,CD8_C04-GZMK,CRC.P1228_C000205:4,Clonal
P1228,NTC11-20161228,CD8,CD8_C04-GZMK,CRC.P1228_C000205:4,Clonal
P1228,NTC284-20161228,CD8,CD8_C04-GZMK,CRC.P1228_C000208:4,Clonal
P1228,TTC232-20161228,CD8,CD8_C04-GZMK,CRC.P1228_C000208:4,Clonal
P1228,TTC211-20161228,CD8,CD8_C04-GZMK,CRC.P1228_C000208:4,Clonal
P1228,TTC110-20161228,CD8,CD8_C04-GZMK,CRC.P1228_C000208:4,Clonal
P1228,PTC1-20161228,CD8,CD8_C03-CX3CR1,CRC.P1228_C000361:4,Clonal
P1228,TTC108-20161228,CD8,CD8_C04-GZMK,CRC.P1228_C000361:4,Clonal
P1228,TTC174-20161228,CD8,CD8_C04-GZMK,CRC.P1228_C000361:4,Clonal
P1228,TTC98-20161228,CD8,CD8_C04-GZMK,CRC.P1228_C000361:4,Clonal
P1228,NTC226-20161228,CD8,CD8_C05-CD6,CRC.P1228_C000041:3,Clonal
P1228,NTC121-20161228,CD8,CD8_C05-CD6,CRC.P1228_C000041:3,Clonal
P1228,NTC212-20161228,other,NA,CRC.P1228_C000041:3,Clonal
P1228,PTC53-20161228,CD8,CD8_C02-GPR183,CRC.P1228_C000077:3,Clonal
P1228,TTC171-20161228,CD8,CD8_C04-GZMK,CRC.P1228_C000077:3,Clonal
P1228,NTC106-20161228,CD8,CD8_C04-GZMK,CRC.P1228_C000077:3,Clonal
P1228,TTC223-20161228,CD8,CD8_C04-GZMK,CRC.P1228_C000112:3,Clonal
P1228,TTC254-20161228,CD8,CD8_C04-GZMK,CRC.P1228_C000112:3,Clonal
P1228,TTC288-20161228,CD8,CD8_C04-GZMK,CRC.P1228_C000112:3,Clonal
P1228,PTC61-20161228,CD8,CD8_C03-CX3CR1,CRC.P1228_C000147:3,Clonal
P1228,PTC56-20161228,CD8,CD8_C03-CX3CR1,CRC.P1228_C000147:3,Clonal
P1228,PTC58-20161228,CD8,CD8_C03-CX3CR1,CRC.P1228_C000147:3,Clonal
P1228,TTR21-20161228,CD4,CD4_C12-CTLA4,CRC.P1228_C000212:3,Clonal
P1228,TTR83-20161228,CD4,CD4_C12-CTLA4,CRC.P1228_C000212:3,Clonal
P1228,TTR95-20161228,CD4,CD4_C12-CTLA4,CRC.P1228_C000212:3,Clonal
P1228,NTH22-20161228,CD4,CD4_C06-CXCR5,CRC.P1228_C000215:3,Clonal
P1228,NTR251-20161228,DN,NA,CRC.P1228_C000215:3,Clonal
P1228,NTR175-20161228,DN,NA,CRC.P1228_C000215:3,Clonal
P1228,TTC154-20161228,CD8,CD8_C03-CX3CR1,CRC.P1228_C000244:3,Clonal
P1228,PTC26-20161228,CD8,CD8_C03-CX3CR1,CRC.P1228_C000244:3,Clonal
P1228,TTC228-20161228,CD8,CD8_C04-GZMK,CRC.P1228_C000244:3,Clonal
P1228,NTC115-20161228,CD8,CD8_C04-GZMK,CRC.P1228_C000250:3,Clonal
P1228,NTC166-20161228,CD8,CD8_C04-GZMK,CRC.P1228_C000250:3,Clonal
P1228,TTC133-20161228,CD8,CD8_C04-GZMK,CRC.P1228_C000250:3,Clonal
P1228,NTH229-20161228,CD4,CD4_C07-GZMK,CRC.P1228_C000297:3,Clonal
P1228,TTH79-20161228,CD4,CD4_C07-GZMK,CRC.P1228_C000297:3,Clonal
P1228,NTH221-20161228,CD4,CD4_C07-GZMK,CRC.P1228_C000297:3,Clonal
P1228,NTR109-20161228,CD4,CD4_C06-CXCR5,CRC.P1228_C000309:3,Clonal
P1228,NTR120-20161228,CD4,CD4_C12-CTLA4,CRC.P1228_C000309:3,Clonal
P1228,NTR101-20161228,CD4,CD4_C12-CTLA4,CRC.P1228_C000309:3,Clonal
P1228,TTC208-20161228,CD8,CD8_C04-GZMK,CRC.P1228_C000363:3,Clonal
P1228,TTC172-20161228,CD8,CD8_C04-GZMK,CRC.P1228_C000363:3,Clonal
P1228,TTC72-20161228,CD8,CD8_C04-GZMK,CRC.P1228_C000363:3,Clonal
P1228,NTC149-20161228,CD8,CD8_C06-CD160,CRC.P1228_C000367:3,Clonal
P1228,NTC195-20161228,CD8,CD8_C06-CD160,CRC.P1228_C000367:3,Clonal
P1228,NTC266-20161228,CD8,CD8_C06-CD160,CRC.P1228_C000367:3,Clonal
P1228,PTH81-20161228,CD4,CD4_C03-GNLY,CRC.P1228_C000369:3,Clonal
P1228,PTH50-20161228,DN,NA,CRC.P1228_C000369:3,Clonal
P1228,PTH76-20161228,DN,NA,CRC.P1228_C000369:3,Clonal
P1228,TTR17-20161228,CD4,CD4_C12-CTLA4,CRC.P1228_C000389:3,Clonal
P1228,TTR56-20161228,CD4,CD4_C12-CTLA4,CRC.P1228_C000389:3,Clonal
P1228,TTR16-20161228,other,NA,CRC.P1228_C000389:3,Clonal
P1228,PTC15-20161228,CD8,CD8_C03-CX3CR1,CRC.P1228_C000424:3,Clonal
P1228,NTC175-20161228,CD8,CD8_C04-GZMK,CRC.P1228_C000424:3,Clonal
P1228,TTC215-20161228,CD8,CD8_C04-GZMK,CRC.P1228_C000424:3,Clonal
P1228,PTC32-20161228,CD8,CD8_C02-GPR183,CRC.P1228_C000432:3,Clonal
P1228,TTC83-20161228,CD8,CD8_C04-GZMK,CRC.P1228_C000432:3,Clonal
P1228,TTC164-20161228,CD8,CD8_C04-GZMK,CRC.P1228_C000432:3,Clonal
P1228,PTC55-20161228,CD8,CD8_C03-CX3CR1,CRC.P1228_C000632:3,Clonal
P1228,PTC94-20161228,CD8,CD8_C03-CX3CR1,CRC.P1228_C000632:3,Clonal
P1228,TTC181-20161228,CD8,CD8_C04-GZMK,CRC.P1228_C000632:3,Clonal
P1228,NTR136-20161228,CD4,CD4_C11-IL10,CRC.P1228_C000063:2,Clonal
P1228,TTR84-20161228,CD4,CD4_C12-CTLA4,CRC.P1228_C000063:2,Clonal
P1228,TTC273-20161228,CD8,CD8_C04-GZMK,CRC.P1228_C000069:2,Clonal
P1228,TTC94-20161228,CD8,CD8_C07-LAYN,CRC.P1228_C000069:2,Clonal
P1228,NTH171-20161228,CD4,CD4_C05-CXCR6,CRC.P1228_C000085:2,Clonal
P1228,NTR142-20161228,CD4,CD4_C05-CXCR6,CRC.P1228_C000085:2,Clonal
P1228,NTC22-20161228,CD8,CD8_C05-CD6,CRC.P1228_C000092:2,Clonal
P1228,NTC8-20161228,CD8,CD8_C05-CD6,CRC.P1228_C000092:2,Clonal
P1228,TTC81-20161228,CD8,CD8_C07-LAYN,CRC.P1228_C000093:2,Clonal
P1228,TTC51-20161228,CD8,CD8_C07-LAYN,CRC.P1228_C000093:2,Clonal
P1228,NTC1-20161228,CD8,CD8_C04-GZMK,CRC.P1228_C000099:2,Clonal
P1228,NTC66-20161228,CD8,CD8_C04-GZMK,CRC.P1228_C000099:2,Clonal
P1228,PTH69-20161228,CD4,CD4_C03-GNLY,CRC.P1228_C000107:2,Clonal
P1228,TTR96-20161228,CD4,CD4_C05-CXCR6,CRC.P1228_C000107:2,Clonal
P1228,NTC236-20161228,CD8,CD8_C04-GZMK,CRC.P1228_C000115:2,Clonal
P1228,NTC18-20161228,CD8,CD8_C04-GZMK,CRC.P1228_C000115:2,Clonal
P1228,TTC165-20161228,CD8,CD8_C04-GZMK,CRC.P1228_C000128:2,Clonal
P1228,TTC37-20161228,CD8,CD8_C07-LAYN,CRC.P1228_C000128:2,Clonal
P1228,NTH32-20161228,CD4,CD4_C05-CXCR6,CRC.P1228_C000134:2,Clonal
P1228,NTR150-20161228,CD4,CD4_C05-CXCR6,CRC.P1228_C000134:2,Clonal
P1228,TTC238-20161228,CD8,CD8_C04-GZMK,CRC.P1228_C000156:2,Clonal
P1228,NTC73-20161228,CD8,CD8_C04-GZMK,CRC.P1228_C000156:2,Clonal
P1228,PTH74-20161228,CD4,CD4_C03-GNLY,CRC.P1228_C000172:2,Clonal
P1228,PTH37-20161228,CD4,CD4_C03-GNLY,CRC.P1228_C000172:2,Clonal
P1228,PTC30-20161228,CD8,CD8_C03-CX3CR1,CRC.P1228_C000176:2,Clonal
P1228,TTC269-20161228,CD8,CD8_C04-GZMK,CRC.P1228_C000176:2,Clonal
P1228,NTC259-20161228,CD8,CD8_C04-GZMK,CRC.P1228_C000180:2,Clonal
P1228,NTC102-20161228,CD8,CD8_C04-GZMK,CRC.P1228_C000180:2,Clonal
P1228,TTC39-20161228,CD8,CD8_C04-GZMK,CRC.P1228_C000194:2,Clonal
P1228,TTC56-20161228,CD8,CD8_C04-GZMK,CRC.P1228_C000194:2,Clonal
P1228,NTC39-20161228,CD8,CD8_C04-GZMK,CRC.P1228_C000211:2,Clonal
P1228,NTC24-20161228,CD8,CD8_C04-GZMK,CRC.P1228_C000211:2,Clonal
P1228,TTH37-20161228,other,NA,CRC.P1228_C000227:2,Clonal
P1228,TTH74-20161228,DN,NA,CRC.P1228_C000227:2,Clonal
P1228,NTC65-20161228,CD8,CD8_C05-CD6,CRC.P1228_C000245:2,Clonal
P1228,NTC193-20161228,CD8,CD8_C05-CD6,CRC.P1228_C000245:2,Clonal
P1228,PTC33-20161228,CD8,CD8_C03-CX3CR1,CRC.P1228_C000251:2,Clonal
P1228,NTC180-20161228,CD8,CD8_C04-GZMK,CRC.P1228_C000251:2,Clonal
P1228,TTC229-20161228,CD8,CD8_C07-LAYN,CRC.P1228_C000256:2,Clonal
P1228,TTC265-20161228,CD8,CD8_C07-LAYN,CRC.P1228_C000256:2,Clonal
P1228,NTH138-20161228,CD4,CD4_C06-CXCR5,CRC.P1228_C000258:2,Clonal
P1228,NTH48-20161228,DN,NA,CRC.P1228_C000258:2,Clonal
P1228,NTC123-20161228,CD8,CD8_C04-GZMK,CRC.P1228_C000283:2,Clonal
P1228,TTC91-20161228,CD8,CD8_C04-GZMK,CRC.P1228_C000283:2,Clonal
P1228,NTR117-20161228,CD4,CD4_C06-CXCR5,CRC.P1228_C000296:2,Clonal
P1228,NTH194-20161228,CD4,CD4_C06-CXCR5,CRC.P1228_C000296:2,Clonal
P1228,PTC4-20161228,CD8,CD8_C03-CX3CR1,CRC.P1228_C000301:2,Clonal
P1228,PTC46-20161228,CD8,CD8_C03-CX3CR1,CRC.P1228_C000301:2,Clonal
P1228,TTR47-20161228,CD4,CD4_C12-CTLA4,CRC.P1228_C000305:2,Clonal
P1228,TTR92-20161228,other,NA,CRC.P1228_C000305:2,Clonal
P1228,TTC75-20161228,CD8,CD8_C04-GZMK,CRC.P1228_C000310:2,Clonal
P1228,TTC258-20161228,CD8,CD8_C04-GZMK,CRC.P1228_C000310:2,Clonal
P1228,PTR24-20161228,CD4,CD4_C10-FOXP3,CRC.P1228_C000319:2,Clonal
P1228,TTR79-20161228,CD4,CD4_C12-CTLA4,CRC.P1228_C000319:2,Clonal
P1228,TTC143-20161228,CD8,CD8_C08-SLC4A10,CRC.P1228_C000322:2,Clonal
P1228,PTC40-20161228,CD8,CD8_C08-SLC4A10,CRC.P1228_C000322:2,Clonal
P1228,NTC139-20161228,CD8,CD8_C04-GZMK,CRC.P1228_C000327:2,Clonal
P1228,TTC279-20161228,CD8,CD8_C04-GZMK,CRC.P1228_C000327:2,Clonal
P1228,TTC22-20161228,CD8,CD8_C07-LAYN,CRC.P1228_C000341:2,Clonal
P1228,TTC148-20161228,CD8,CD8_C07-LAYN,CRC.P1228_C000341:2,Clonal
P1228,NTC92-20161228,CD8,CD8_C04-GZMK,CRC.P1228_C000359:2,Clonal
P1228,NTC179-20161228,other,NA,CRC.P1228_C000359:2,Clonal
P1228,TTC277-20161228,CD8,CD8_C07-LAYN,CRC.P1228_C000379:2,Clonal
P1228,TTC64-20161228,CD8,CD8_C07-LAYN,CRC.P1228_C000379:2,Clonal
P1228,NTC35-20161228,CD8,CD8_C04-GZMK,CRC.P1228_C000386:2,Clonal
P1228,NTC141-20161228,CD8,CD8_C04-GZMK,CRC.P1228_C000386:2,Clonal
P1228,NTH85-20161228,CD4,CD4_C06-CXCR5,CRC.P1228_C000395:2,Clonal
P1228,NTR254-20161228,CD4,CD4_C06-CXCR5,CRC.P1228_C000395:2,Clonal
P1228,TTC205-20161228,CD8,CD8_C04-GZMK,CRC.P1228_C000464:2,Clonal
P1228,TTC244-20161228,other,NA,CRC.P1228_C000464:2,Clonal
P1228,NTC82-20161228,CD8,CD8_C04-GZMK,CRC.P1228_C000467:2,Clonal
P1228,TTC206-20161228,CD8,CD8_C04-GZMK,CRC.P1228_C000467:2,Clonal
P1228,TTR38-20161228,CD4,CD4_C12-CTLA4,CRC.P1228_C000501:2,Clonal
P1228,TTR58-20161228,CD4,CD4_C12-CTLA4,CRC.P1228_C000501:2,Clonal
P1228,TTC113-20161228,CD8,CD8_C04-GZMK,CRC.P1228_C000544:2,Clonal
P1228,TTC80-20161228,CD8,CD8_C04-GZMK,CRC.P1228_C000544:2,Clonal
P1228,PTC24-20161228,CD8,CD8_C03-CX3CR1,CRC.P1228_C000550:2,Clonal
P1228,TTC221-20161228,CD8,CD8_C04-GZMK,CRC.P1228_C000550:2,Clonal
P1228,NTC90-20161228,CD8,CD8_C06-CD160,CRC.P1228_C000554:2,Clonal
P1228,NTC32-20161228,CD8,CD8_C06-CD160,CRC.P1228_C000554:2,Clonal
P1228,PTH34-20161228,CD4,CD4_C03-GNLY,CRC.P1228_C000588:2,Clonal
P1228,PTH41-20161228,other,NA,CRC.P1228_C000588:2,Clonal
P1228,NTR112-20161228,CD4,CD4_C05-CXCR6,CRC.P1228_C000639:2,Clonal
P1228,NTH179-20161228,CD4,CD4_C05-CXCR6,CRC.P1228_C000639:2,Clonal
P1228,TTR30-20161228,CD4,CD4_C12-CTLA4,CRC.P1228_C000645:2,Clonal
P1228,TTR52-20161228,other,NA,CRC.P1228_C000645:2,Clonal
P1228,NTC278-20161228,CD8,CD8_C06-CD160,CRC.P1228_C000670:2,Clonal
P1228,NTC201-20161228,CD8,CD8_C06-CD160,CRC.P1228_C000670:2,Clonal
P1228,PTH80-20161228,CD4,CD4_C03-GNLY,CRC.P1228_C000673:2,Clonal
P1228,TTH58-20161228,other,NA,CRC.P1228_C000673:2,Clonal
P1228,NTH8-20161228,CD4,CD4_C06-CXCR5,CRC.P1228_C000732:2,Clonal
P1228,NTH63-20161228,CD4,CD4_C06-CXCR5,CRC.P1228_C000732:2,Clonal
P1228,NTH220-20161228,CD4,CD4_C06-CXCR5,CRC.P1228_C000744:2,Clonal
P1228,NTH185-20161228,CD4,CD4_C06-CXCR5,CRC.P1228_C000744:2,Clonal
P1228,NTH80-20161228,CD4,CD4_C05-CXCR6,CRC.P1228_C000774:2,Clonal
P1228,NTH95-20161228,CD4,CD4_C05-CXCR6,CRC.P1228_C000774:2,Clonal
P1228,TTC128-20161228,CD8,CD8_C04-GZMK,CRC.P1228_C000808:2,Clonal
P1228,TTC42-20161228,CD8,CD8_C07-LAYN,CRC.P1228_C000808:2,Clonal
P1228,PTR65-20161228,CD4,CD4_C02-ANXA1,CRC.P1228_C000001:1,NoClonal
P1228,NTR183-20161228,CD4,CD4_C12-CTLA4,CRC.P1228_C000002:1,NoClonal
P1228,NTC31-20161228,CD8,CD8_C06-CD160,CRC.P1228_C000003:1,NoClonal
P1228,NTH122-20161228,DN,NA,CRC.P1228_C000004:1,NoClonal
P1228,TTR35-20161228,other,NA,CRC.P1228_C000005:1,NoClonal
P1228,NTR119-20161228,CD4,CD4_C06-CXCR5,CRC.P1228_C000006:1,NoClonal
P1228,NTR193-20161228,CD4,CD4_C06-CXCR5,CRC.P1228_C000007:1,NoClonal
P1228,PTH66-20161228,CD4,CD4_C01-CCR7,CRC.P1228_C000008:1,NoClonal
P1228,PTR86-20161228,CD4,CD4_C02-ANXA1,CRC.P1228_C000009:1,NoClonal
P1228,TTC28-20161228,CD8,CD8_C04-GZMK,CRC.P1228_C000010:1,NoClonal
P1228,NTH23-20161228,other,NA,CRC.P1228_C000043:1,NoClonal
P1228,NTH154-20161228,CD4,CD4_C11-IL10,CRC.P1228_C000044:1,NoClonal
P1228,PTR49-20161228,CD4,CD4_C01-CCR7,CRC.P1228_C000045:1,NoClonal
P1228,TTH61-20161228,DN,NA,CRC.P1228_C000046:1,NoClonal
P1228,PTH12-20161228,CD4,CD4_C03-GNLY,CRC.P1228_C000047:1,NoClonal
P1228,NTC108-20161228,CD8,CD8_C06-CD160,CRC.P1228_C000048:1,NoClonal
P1228,PTR80-20161228,CD4,CD4_C10-FOXP3,CRC.P1228_C000049:1,NoClonal
P1228,TTR11-20161228,CD4,CD4_C12-CTLA4,CRC.P1228_C000050:1,NoClonal
P1228,TTC209-20161228,CD8,CD8_C04-GZMK,CRC.P1228_C000059:1,NoClonal
P1228,TTC135-20161228,CD8,CD8_C04-GZMK,CRC.P1228_C000060:1,NoClonal
P1228,NTR182-20161228,CD4,CD4_C05-CXCR6,CRC.P1228_C000061:1,NoClonal
P1228,NTC203-20161228,CD8,CD8_C05-CD6,CRC.P1228_C000064:1,NoClonal
P1228,TTH25-20161228,CD4,CD4_C07-GZMK,CRC.P1228_C000065:1,NoClonal
P1228,NTR273-20161228,other,NA,CRC.P1228_C000066:1,NoClonal
P1228,NTR129-20161228,CD4,CD4_C05-CXCR6,CRC.P1228_C000072:1,NoClonal
P1228,PTR89-20161228,CD4,CD4_C10-FOXP3,CRC.P1228_C000073:1,NoClonal
P1228,PTH77-20161228,CD4,CD4_C03-GNLY,CRC.P1228_C000074:1,NoClonal
P1228,NTH29-20161228,other,NA,CRC.P1228_C000075:1,NoClonal
P1228,PTR63-20161228,CD4,CD4_C10-FOXP3,CRC.P1228_C000076:1,NoClonal
P1228,TTR23-20161228,CD4,CD4_C12-CTLA4,CRC.P1228_C000078:1,NoClonal
P1228,PTH53-20161228,CD4,CD4_C01-CCR7,CRC.P1228_C000079:1,NoClonal
P1228,NTH147-20161228,DN,NA,CRC.P1228_C000080:1,NoClonal
P1228,NTC218-20161228,CD8,CD8_C08-SLC4A10,CRC.P1228_C000081:1,NoClonal
P1228,PTH29-20161228,CD4,CD4_C02-ANXA1,CRC.P1228_C000082:1,NoClonal
P1228,NTR111-20161228,CD4,CD4_C05-CXCR6,CRC.P1228_C000083:1,NoClonal
P1228,PTR82-20161228,CD4,CD4_C10-FOXP3,CRC.P1228_C000084:1,NoClonal
P1228,NTH222-20161228,CD4,CD4_C04-TCF7,CRC.P1228_C000086:1,NoClonal
P1228,NTC246-20161228,CD8,CD8_C04-GZMK,CRC.P1228_C000087:1,NoClonal
P1228,PTH47-20161228,DN,NA,CRC.P1228_C000088:1,NoClonal
P1228,TTH15-20161228,other,NA,CRC.P1228_C000089:1,NoClonal
P1228,PTR45-20161228,DN,NA,CRC.P1228_C000090:1,NoClonal
P1228,NTR115-20161228,DN,NA,CRC.P1228_C000091:1,NoClonal
P1228,NTH208-20161228,CD4,CD4_C06-CXCR5,CRC.P1228_C000095:1,NoClonal
P1228,NTC28-20161228,CD8,CD8_C04-GZMK,CRC.P1228_C000096:1,NoClonal
P1228,NTC170-20161228,CD8,CD8_C04-GZMK,CRC.P1228_C000097:1,NoClonal
P1228,NTC101-20161228,CD8,CD8_C04-GZMK,CRC.P1228_C000098:1,NoClonal
P1228,TTR4-20161228,CD4,CD4_C05-CXCR6,CRC.P1228_C000100:1,NoClonal
P1228,NTC3-20161228,CD8,CD8_C06-CD160,CRC.P1228_C000104:1,NoClonal
P1228,TTC52-20161228,CD8,CD8_C04-GZMK,CRC.P1228_C000105:1,NoClonal
P1228,PTC39-20161228,other,NA,CRC.P1228_C000108:1,NoClonal
P1228,PTR8-20161228,CD4,CD4_C02-ANXA1,CRC.P1228_C000109:1,NoClonal
P1228,NTC144-20161228,CD8,CD8_C04-GZMK,CRC.P1228_C000110:1,NoClonal
P1228,NTR134-20161228,CD4,CD4_C04-TCF7,CRC.P1228_C000114:1,NoClonal
P1228,NTR246-20161228,CD4,CD4_C05-CXCR6,CRC.P1228_C000116:1,NoClonal
P1228,PTH20-20161228,CD4,CD4_C03-GNLY,CRC.P1228_C000117:1,NoClonal
P1228,NTH20-20161228,CD4,CD4_C06-CXCR5,CRC.P1228_C000118:1,NoClonal
P1228,NTR189-20161228,CD4,CD4_C05-CXCR6,CRC.P1228_C000119:1,NoClonal
P1228,PTH90-20161228,CD4,CD4_C01-CCR7,CRC.P1228_C000120:1,NoClonal
P1228,PTR51-20161228,DN,NA,CRC.P1228_C000122:1,NoClonal
P1228,NTR206-20161228,CD4,CD4_C05-CXCR6,CRC.P1228_C000123:1,NoClonal
P1228,TTR36-20161228,CD4,CD4_C12-CTLA4,CRC.P1228_C000124:1,NoClonal
P1228,NTR131-20161228,other,NA,CRC.P1228_C000126:1,NoClonal
P1228,NTH89-20161228,CD4,CD4_C05-CXCR6,CRC.P1228_C000127:1,NoClonal
P1228,PTR27-20161228,DN,NA,CRC.P1228_C000129:1,NoClonal
P1228,NTR159-20161228,CD4,CD4_C06-CXCR5,CRC.P1228_C000130:1,NoClonal
P1228,PTR43-20161228,CD4,CD4_C10-FOXP3,CRC.P1228_C000131:1,NoClonal
P1228,TTH66-20161228,CD4,CD4_C07-GZMK,CRC.P1228_C000132:1,NoClonal
P1228,TTR71-20161228,CD4,CD4_C12-CTLA4,CRC.P1228_C000133:1,NoClonal
P1228,NTC77-20161228,CD8,CD8_C04-GZMK,CRC.P1228_C000135:1,NoClonal
P1228,NTR181-20161228,CD4,CD4_C06-CXCR5,CRC.P1228_C000136:1,NoClonal
P1228,PTH65-20161228,CD4,CD4_C03-GNLY,CRC.P1228_C000137:1,NoClonal
P1228,NTC14-20161228,CD8,CD8_C04-GZMK,CRC.P1228_C000138:1,NoClonal
P1228,PTR85-20161228,DN,NA,CRC.P1228_C000139:1,NoClonal
P1228,NTR167-20161228,CD4,CD4_C06-CXCR5,CRC.P1228_C000140:1,NoClonal
P1228,TTH92-20161228,CD4,CD4_C10-FOXP3,CRC.P1228_C000141:1,NoClonal
P1228,NTR123-20161228,DN,NA,CRC.P1228_C000143:1,NoClonal
P1228,PTR66-20161228,CD4,CD4_C01-CCR7,CRC.P1228_C000144:1,NoClonal
P1228,TTR6-20161228,CD4,CD4_C12-CTLA4,CRC.P1228_C000146:1,NoClonal
P1228,PTR46-20161228,other,NA,CRC.P1228_C000148:1,NoClonal
P1228,PTR95-20161228,CD4,CD4_C10-FOXP3,CRC.P1228_C000149:1,NoClonal
P1228,NTC264-20161228,CD8,CD8_C06-CD160,CRC.P1228_C000150:1,NoClonal
P1228,TTC276-20161228,CD8,CD8_C07-LAYN,CRC.P1228_C000151:1,NoClonal
P1228,NTC105-20161228,CD8,CD8_C05-CD6,CRC.P1228_C000152:1,NoClonal
P1228,TTC226-20161228,CD8,CD8_C04-GZMK,CRC.P1228_C000153:1,NoClonal
P1228,PTH28-20161228,CD4,CD4_C03-GNLY,CRC.P1228_C000154:1,NoClonal
P1228,NTH46-20161228,CD4,CD4_C06-CXCR5,CRC.P1228_C000155:1,NoClonal
P1228,NTH224-20161228,CD4,CD4_C06-CXCR5,CRC.P1228_C000159:1,NoClonal
P1228,TTR40-20161228,CD4,CD4_C12-CTLA4,CRC.P1228_C000160:1,NoClonal
P1228,PTR72-20161228,CD4,CD4_C02-ANXA1,CRC.P1228_C000161:1,NoClonal
P1228,NTH94-20161228,CD4,CD4_C05-CXCR6,CRC.P1228_C000162:1,NoClonal
P1228,NTR160-20161228,other,NA,CRC.P1228_C000163:1,NoClonal
P1228,PTC8-20161228,CD8,CD8_C03-CX3CR1,CRC.P1228_C000164:1,NoClonal
P1228,TTH50-20161228,other,NA,CRC.P1228_C000165:1,NoClonal
P1228,NTH198-20161228,CD4,CD4_C05-CXCR6,CRC.P1228_C000166:1,NoClonal
P1228,NTH6-20161228,CD4,CD4_C11-IL10,CRC.P1228_C000167:1,NoClonal
P1228,NTR257-20161228,CD4,CD4_C12-CTLA4,CRC.P1228_C000168:1,NoClonal
P1228,NTH36-20161228,CD4,CD4_C06-CXCR5,CRC.P1228_C000169:1,NoClonal
P1228,NTC9-20161228,CD8,CD8_C04-GZMK,CRC.P1228_C000170:1,NoClonal
P1228,NTR188-20161228,CD4,CD4_C05-CXCR6,CRC.P1228_C000173:1,NoClonal
P1228,TTC202-20161228,CD8,CD8_C04-GZMK,CRC.P1228_C000174:1,NoClonal
P1228,NTC63-20161228,CD8,CD8_C04-GZMK,CRC.P1228_C000175:1,NoClonal
P1228,NTH145-20161228,CD4,CD4_C06-CXCR5,CRC.P1228_C000177:1,NoClonal
P1228,NTR158-20161228,CD4,CD4_C12-CTLA4,CRC.P1228_C000178:1,NoClonal
P1228,PTR59-20161228,CD4,CD4_C01-CCR7,CRC.P1228_C000179:1,NoClonal
P1228,NTH99-20161228,CD4,CD4_C06-CXCR5,CRC.P1228_C000181:1,NoClonal
P1228,NTH84-20161228,CD4,CD4_C06-CXCR5,CRC.P1228_C000182:1,NoClonal
P1228,NTR149-20161228,DN,NA,CRC.P1228_C000183:1,NoClonal
P1228,NTH45-20161228,CD4,CD4_C05-CXCR6,CRC.P1228_C000184:1,NoClonal
P1228,PTR10-20161228,CD4,CD4_C02-ANXA1,CRC.P1228_C000185:1,NoClonal
P1228,NTC120-20161228,CD8,CD8_C05-CD6,CRC.P1228_C000187:1,NoClonal
P1228,NTC128-20161228,CD8,CD8_C04-GZMK,CRC.P1228_C000188:1,NoClonal
P1228,NTH153-20161228,other,NA,CRC.P1228_C000189:1,NoClonal
P1228,NTC56-20161228,CD8,CD8_C06-CD160,CRC.P1228_C000190:1,NoClonal
P1228,TTH47-20161228,CD4,CD4_C06-CXCR5,CRC.P1228_C000191:1,NoClonal
P1228,NTH78-20161228,other,NA,CRC.P1228_C000192:1,NoClonal
P1228,NTR208-20161228,other,NA,CRC.P1228_C000193:1,NoClonal
P1228,PTH25-20161228,CD4,CD4_C01-CCR7,CRC.P1228_C000197:1,NoClonal
P1228,NTR97-20161228,CD4,CD4_C05-CXCR6,CRC.P1228_C000198:1,NoClonal
P1228,NTH162-20161228,CD4,CD4_C04-TCF7,CRC.P1228_C000199:1,NoClonal
P1228,NTH176-20161228,CD4,CD4_C05-CXCR6,CRC.P1228_C000201:1,NoClonal
P1228,NTR165-20161228,CD4,CD4_C06-CXCR5,CRC.P1228_C000202:1,NoClonal
P1228,NTR173-20161228,CD4,CD4_C12-CTLA4,CRC.P1228_C000203:1,NoClonal
P1228,NTC110-20161228,CD8,CD8_C04-GZMK,CRC.P1228_C000204:1,NoClonal
P1228,PTH79-20161228,CD4,CD4_C01-CCR7,CRC.P1228_C000209:1,NoClonal
P1228,TTC190-20161228,CD8,CD8_C04-GZMK,CRC.P1228_C000210:1,NoClonal
P1228,NTH114-20161228,CD4,CD4_C07-GZMK,CRC.P1228_C000213:1,NoClonal
P1228,NTR219-20161228,DN,NA,CRC.P1228_C000214:1,NoClonal
P1228,PTH39-20161228,DN,NA,CRC.P1228_C000216:1,NoClonal
P1228,TTC7-20161228,CD8,CD8_C04-GZMK,CRC.P1228_C000217:1,NoClonal
P1228,NTR104-20161228,CD4,CD4_C06-CXCR5,CRC.P1228_C000218:1,NoClonal
P1228,NTR191-20161228,CD4,CD4_C05-CXCR6,CRC.P1228_C000219:1,NoClonal
P1228,NTR162-20161228,CD4,CD4_C04-TCF7,CRC.P1228_C000220:1,NoClonal
P1228,NTR207-20161228,CD4,CD4_C05-CXCR6,CRC.P1228_C000222:1,NoClonal
P1228,NTH129-20161228,CD4,CD4_C07-GZMK,CRC.P1228_C000223:1,NoClonal
P1228,PTC29-20161228,CD8,CD8_C01-LEF1,CRC.P1228_C000224:1,NoClonal
P1228,NTR241-20161228,CD4,CD4_C12-CTLA4,CRC.P1228_C000225:1,NoClonal
P1228,TTR13-20161228,other,NA,CRC.P1228_C000226:1,NoClonal
P1228,NTH237-20161228,CD4,CD4_C05-CXCR6,CRC.P1228_C000228:1,NoClonal
P1228,TTC219-20161228,CD8,CD8_C02-GPR183,CRC.P1228_C000230:1,NoClonal
P1228,NTC155-20161228,CD8,CD8_C05-CD6,CRC.P1228_C000232:1,NoClonal
P1228,NTH190-20161228,CD4,CD4_C06-CXCR5,CRC.P1228_C000233:1,NoClonal
P1228,NTH100-20161228,other,NA,CRC.P1228_C000234:1,NoClonal
P1228,NTR122-20161228,CD4,CD4_C12-CTLA4,CRC.P1228_C000235:1,NoClonal
P1228,NTR263-20161228,DN,NA,CRC.P1228_C000236:1,NoClonal
P1228,TTH11-20161228,DN,NA,CRC.P1228_C000237:1,NoClonal
P1228,PTR87-20161228,CD4,CD4_C10-FOXP3,CRC.P1228_C000239:1,NoClonal
P1228,PTR91-20161228,DN,NA,CRC.P1228_C000240:1,NoClonal
P1228,PTH95-20161228,CD4,CD4_C02-ANXA1,CRC.P1228_C000241:1,NoClonal
P1228,TTH30-20161228,CD4,CD4_C09-CXCL13,CRC.P1228_C000242:1,NoClonal
P1228,NTR174-20161228,CD4,CD4_C05-CXCR6,CRC.P1228_C000243:1,NoClonal
P1228,NTH98-20161228,DN,NA,CRC.P1228_C000249:1,NoClonal
P1228,NTC196-20161228,CD8,CD8_C04-GZMK,CRC.P1228_C000252:1,NoClonal
P1228,TTH7-20161228,other,NA,CRC.P1228_C000253:1,NoClonal
P1228,NTH148-20161228,CD4,CD4_C06-CXCR5,CRC.P1228_C000254:1,NoClonal
P1228,TTR73-20161228,CD4,CD4_C12-CTLA4,CRC.P1228_C000257:1,NoClonal
P1228,TTC101-20161228,CD8,CD8_C04-GZMK,CRC.P1228_C000259:1,NoClonal
P1228,NTH112-20161228,CD4,CD4_C06-CXCR5,CRC.P1228_C000260:1,NoClonal
P1228,PTC44-20161228,CD8,CD8_C02-GPR183,CRC.P1228_C000262:1,NoClonal
P1228,NTH169-20161228,DN,NA,CRC.P1228_C000263:1,NoClonal
P1228,PTC62-20161228,CD8,CD8_C01-LEF1,CRC.P1228_C000264:1,NoClonal
P1228,NTH97-20161228,other,NA,CRC.P1228_C000265:1,NoClonal
P1228,TTC20-20161228,CD8,CD8_C04-GZMK,CRC.P1228_C000266:1,NoClonal
P1228,TTH16-20161228,DN,NA,CRC.P1228_C000267:1,NoClonal
P1228,NTR270-20161228,CD4,CD4_C06-CXCR5,CRC.P1228_C000268:1,NoClonal
P1228,TTH87-20161228,CD4,CD4_C05-CXCR6,CRC.P1228_C000269:1,NoClonal
P1228,TTR2-20161228,CD4,CD4_C12-CTLA4,CRC.P1228_C000271:1,NoClonal
P1228,NTH123-20161228,CD4,CD4_C04-TCF7,CRC.P1228_C000272:1,NoClonal
P1228,NTH217-20161228,CD4,CD4_C05-CXCR6,CRC.P1228_C000273:1,NoClonal
P1228,TTR12-20161228,CD4,CD4_C12-CTLA4,CRC.P1228_C000274:1,NoClonal
P1228,NTR218-20161228,CD4,CD4_C04-TCF7,CRC.P1228_C000276:1,NoClonal
P1228,PTR20-20161228,DN,NA,CRC.P1228_C000277:1,NoClonal
P1228,NTH74-20161228,CD4,CD4_C05-CXCR6,CRC.P1228_C000278:1,NoClonal
P1228,TTR53-20161228,CD4,CD4_C12-CTLA4,CRC.P1228_C000279:1,NoClonal
P1228,NTR195-20161228,other,NA,CRC.P1228_C000280:1,NoClonal
P1228,TTC131-20161228,CD8,CD8_C04-GZMK,CRC.P1228_C000281:1,NoClonal
P1228,PTR78-20161228,DN,NA,CRC.P1228_C000282:1,NoClonal
P1228,NTH51-20161228,CD4,CD4_C04-TCF7,CRC.P1228_C000286:1,NoClonal
P1228,NTC145-20161228,CD8,CD8_C04-GZMK,CRC.P1228_C000287:1,NoClonal
P1228,NTH115-20161228,DN,NA,CRC.P1228_C000288:1,NoClonal
P1228,TTC216-20161228,CD8,CD8_C04-GZMK,CRC.P1228_C000289:1,NoClonal
P1228,TTR55-20161228,CD4,CD4_C12-CTLA4,CRC.P1228_C000290:1,NoClonal
P1228,TTH55-20161228,CD4,CD4_C05-CXCR6,CRC.P1228_C000291:1,NoClonal
P1228,TTR88-20161228,DN,NA,CRC.P1228_C000292:1,NoClonal
P1228,NTH152-20161228,CD4,CD4_C06-CXCR5,CRC.P1228_C000293:1,NoClonal
P1228,NTH131-20161228,CD4,CD4_C06-CXCR5,CRC.P1228_C000295:1,NoClonal
P1228,TTH60-20161228,CD4,CD4_C10-FOXP3,CRC.P1228_C000300:1,NoClonal
P1228,TTH51-20161228,CD4,CD4_C09-CXCL13,CRC.P1228_C000302:1,NoClonal
P1228,PTC7-20161228,CD8,CD8_C03-CX3CR1,CRC.P1228_C000304:1,NoClonal
P1228,PTR62-20161228,CD4,CD4_C02-ANXA1,CRC.P1228_C000306:1,NoClonal
P1228,NTC72-20161228,CD8,CD8_C02-GPR183,CRC.P1228_C000307:1,NoClonal
P1228,NTH127-20161228,CD4,CD4_C06-CXCR5,CRC.P1228_C000308:1,NoClonal
P1228,TTC119-20161228,CD8,CD8_C02-GPR183,CRC.P1228_C000311:1,NoClonal
P1228,PTC38-20161228,CD8,CD8_C01-LEF1,CRC.P1228_C000312:1,NoClonal
P1228,TTR20-20161228,CD4,CD4_C12-CTLA4,CRC.P1228_C000313:1,NoClonal
P1228,NTR107-20161228,other,NA,CRC.P1228_C000314:1,NoClonal
P1228,PTH49-20161228,DN,NA,CRC.P1228_C000315:1,NoClonal
P1228,NTC38-20161228,CD8,CD8_C04-GZMK,CRC.P1228_C000317:1,NoClonal
P1228,PTH55-20161228,CD4,CD4_C01-CCR7,CRC.P1228_C000318:1,NoClonal
P1228,TTR54-20161228,CD4,CD4_C05-CXCR6,CRC.P1228_C000320:1,NoClonal
P1228,NTR221-20161228,CD4,CD4_C06-CXCR5,CRC.P1228_C000321:1,NoClonal
P1228,PTR93-20161228,DN,NA,CRC.P1228_C000323:1,NoClonal
P1228,PTC80-20161228,CD8,CD8_C02-GPR183,CRC.P1228_C000325:1,NoClonal
P1228,NTH52-20161228,CD4,CD4_C06-CXCR5,CRC.P1228_C000326:1,NoClonal
P1228,TTC62-20161228,CD8,CD8_C01-LEF1,CRC.P1228_C000328:1,NoClonal
P1228,PTR36-20161228,CD4,CD4_C10-FOXP3,CRC.P1228_C000330:1,NoClonal
P1228,NTH159-20161228,CD4,CD4_C05-CXCR6,CRC.P1228_C000332:1,NoClonal
P1228,NTH235-20161228,DN,NA,CRC.P1228_C000333:1,NoClonal
P1228,TTR65-20161228,CD4,CD4_C12-CTLA4,CRC.P1228_C000334:1,NoClonal
P1228,TTC9-20161228,CD8,CD8_C07-LAYN,CRC.P1228_C000335:1,NoClonal
P1228,PTR55-20161228,CD4,CD4_C02-ANXA1,CRC.P1228_C000336:1,NoClonal
P1228,PTR67-20161228,CD4,CD4_C02-ANXA1,CRC.P1228_C000337:1,NoClonal
P1228,NTC78-20161228,CD8,CD8_C05-CD6,CRC.P1228_C000339:1,NoClonal
P1228,TTH14-20161228,CD4,CD4_C05-CXCR6,CRC.P1228_C000340:1,NoClonal
P1228,PTH70-20161228,DN,NA,CRC.P1228_C000342:1,NoClonal
P1228,PTC20-20161228,CD8,CD8_C02-GPR183,CRC.P1228_C000343:1,NoClonal
P1228,NTH121-20161228,CD4,CD4_C04-TCF7,CRC.P1228_C000344:1,NoClonal
P1228,PTR7-20161228,CD4,CD4_C02-ANXA1,CRC.P1228_C000345:1,NoClonal
P1228,TTC89-20161228,CD8,CD8_C04-GZMK,CRC.P1228_C000346:1,NoClonal
P1228,TTC8-20161228,CD8,CD8_C08-SLC4A10,CRC.P1228_C000347:1,NoClonal
P1228,TTH13-20161228,DN,NA,CRC.P1228_C000348:1,NoClonal
P1228,TTH76-20161228,CD4,CD4_C05-CXCR6,CRC.P1228_C000350:1,NoClonal
P1228,NTH40-20161228,CD4,CD4_C05-CXCR6,CRC.P1228_C000351:1,NoClonal
P1228,NTH64-20161228,CD4,CD4_C06-CXCR5,CRC.P1228_C000352:1,NoClonal
P1228,NTH214-20161228,CD4,CD4_C06-CXCR5,CRC.P1228_C000353:1,NoClonal
P1228,NTH216-20161228,DN,NA,CRC.P1228_C000355:1,NoClonal
P1228,NTH58-20161228,other,NA,CRC.P1228_C000356:1,NoClonal
P1228,NTC21-20161228,CD8,CD8_C05-CD6,CRC.P1228_C000357:1,NoClonal
P1228,NTR238-20161228,CD4,CD4_C05-CXCR6,CRC.P1228_C000358:1,NoClonal
P1228,NTH12-20161228,CD4,CD4_C06-CXCR5,CRC.P1228_C000364:1,NoClonal
P1228,NTH9-20161228,CD4,CD4_C04-TCF7,CRC.P1228_C000365:1,NoClonal
P1228,NTH4-1228,CD4,CD4_C05-CXCR6,CRC.P1228_C000366:1,NoClonal
P1228,NTH136-20161228,CD4,CD4_C06-CXCR5,CRC.P1228_C000368:1,NoClonal
P1228,TTH33-20161228,CD4,CD4_C05-CXCR6,CRC.P1228_C000370:1,NoClonal
P1228,NTR252-20161228,DN,NA,CRC.P1228_C000371:1,NoClonal
P1228,NTR172-20161228,CD4,CD4_C05-CXCR6,CRC.P1228_C000372:1,NoClonal
P1228,TTR9-20161228,other,NA,CRC.P1228_C000373:1,NoClonal
P1228,TTC274-20161228,CD8,CD8_C01-LEF1,CRC.P1228_C000374:1,NoClonal
P1228,PTH33-20161228,DN,NA,CRC.P1228_C000375:1,NoClonal
P1228,NTR190-20161228,CD4,CD4_C11-IL10,CRC.P1228_C000376:1,NoClonal
P1228,NTR266-20161228,CD4,CD4_C12-CTLA4,CRC.P1228_C000377:1,NoClonal
P1228,NTR260-20161228,other,NA,CRC.P1228_C000378:1,NoClonal
P1228,PTR54-20161228,CD4,CD4_C02-ANXA1,CRC.P1228_C000380:1,NoClonal
P1228,PTR29-20161228,CD4,CD4_C10-FOXP3,CRC.P1228_C000381:1,NoClonal
P1228,NTR148-20161228,CD4,CD4_C12-CTLA4,CRC.P1228_C000382:1,NoClonal
P1228,NTH38-20161228,other,NA,CRC.P1228_C000384:1,NoClonal
P1228,NTH149-20161228,CD4,CD4_C05-CXCR6,CRC.P1228_C000385:1,NoClonal
P1228,TTR39-20161228,CD4,CD4_C12-CTLA4,CRC.P1228_C000387:1,NoClonal
P1228,TTR49-20161228,CD4,CD4_C12-CTLA4,CRC.P1228_C000388:1,NoClonal
P1228,TTR86-20161228,CD4,CD4_C12-CTLA4,CRC.P1228_C000390:1,NoClonal
P1228,NTR285-20161228,DN,NA,CRC.P1228_C000391:1,NoClonal
P1228,NTH17-20161228,CD4,CD4_C05-CXCR6,CRC.P1228_C000392:1,NoClonal
P1228,NTR271-20161228,CD4,CD4_C05-CXCR6,CRC.P1228_C000394:1,NoClonal
P1228,TTR8-20161228,CD4,CD4_C12-CTLA4,CRC.P1228_C000396:1,NoClonal
P1228,NTH113-20161228,CD4,CD4_C04-TCF7,CRC.P1228_C000397:1,NoClonal
P1228,PTR47-20161228,CD4,CD4_C10-FOXP3,CRC.P1228_C000398:1,NoClonal
P1228,TTH93-20161228,other,NA,CRC.P1228_C000399:1,NoClonal
P1228,TTH54-20161228,other,NA,CRC.P1228_C000402:1,NoClonal
P1228,TTH45-20161228,other,NA,CRC.P1228_C000403:1,NoClonal
P1228,NTH143-20161228,CD4,CD4_C06-CXCR5,CRC.P1228_C000404:1,NoClonal
P1228,NTH139-20161228,CD4,CD4_C06-CXCR5,CRC.P1228_C000405:1,NoClonal
P1228,NTC262-20161228,CD8,CD8_C04-GZMK,CRC.P1228_C000406:1,NoClonal
P1228,PTH38-20161228,CD4,CD4_C01-CCR7,CRC.P1228_C000407:1,NoClonal
P1228,PTR17-20161228,CD4,CD4_C02-ANXA1,CRC.P1228_C000408:1,NoClonal
P1228,TTR27-20161228,other,NA,CRC.P1228_C000409:1,NoClonal
P1228,TTH72-20161228,DN,NA,CRC.P1228_C000410:1,NoClonal
P1228,NTR140-20161228,CD4,CD4_C12-CTLA4,CRC.P1228_C000411:1,NoClonal
P1228,TTC109-20161228,CD8,CD8_C04-GZMK,CRC.P1228_C000412:1,NoClonal
P1228,TTC125-20161228,CD8,CD8_C04-GZMK,CRC.P1228_C000414:1,NoClonal
P1228,TTR80-20161228,CD4,CD4_C12-CTLA4,CRC.P1228_C000415:1,NoClonal
P1228,NTH14-20161228,other,NA,CRC.P1228_C000416:1,NoClonal
P1228,PTR12-20161228,CD4,CD4_C02-ANXA1,CRC.P1228_C000417:1,NoClonal
P1228,NTH105-20161228,CD4,CD4_C06-CXCR5,CRC.P1228_C000418:1,NoClonal
P1228,PTR40-20161228,DN,NA,CRC.P1228_C000419:1,NoClonal
P1228,NTC204-20161228,CD8,CD8_C04-GZMK,CRC.P1228_C000420:1,NoClonal
P1228,NTR185-20161228,CD4,CD4_C04-TCF7,CRC.P1228_C000421:1,NoClonal
P1228,PTH82-20161228,CD4,CD4_C03-GNLY,CRC.P1228_C000422:1,NoClonal
P1228,PTC21-20161228,CD8,CD8_C02-GPR183,CRC.P1228_C000425:1,NoClonal
P1228,PTH54-20161228,other,NA,CRC.P1228_C000427:1,NoClonal
P1228,PTR19-20161228,CD4,CD4_C02-ANXA1,CRC.P1228_C000428:1,NoClonal
P1228,PTR15-20161228,CD4,CD4_C10-FOXP3,CRC.P1228_C000429:1,NoClonal
P1228,PTR23-20161228,CD4,CD4_C10-FOXP3,CRC.P1228_C000430:1,NoClonal
P1228,NTH107-20161228,DN,NA,CRC.P1228_C000431:1,NoClonal
P1228,PTH96-20161228,CD4,CD4_C01-CCR7,CRC.P1228_C000434:1,NoClonal
P1228,NTH151-20161228,CD4,CD4_C06-CXCR5,CRC.P1228_C000435:1,NoClonal
P1228,PTR41-20161228,CD4,CD4_C02-ANXA1,CRC.P1228_C000436:1,NoClonal
P1228,NTR250-20161228,CD4,CD4_C05-CXCR6,CRC.P1228_C000437:1,NoClonal
P1228,TTH9-20161228,CD4,CD4_C05-CXCR6,CRC.P1228_C000438:1,NoClonal
P1228,PTR22-20161228,CD4,CD4_C02-ANXA1,CRC.P1228_C000439:1,NoClonal
P1228,TTH78-20161228,CD4,CD4_C05-CXCR6,CRC.P1228_C000440:1,NoClonal
P1228,NTR243-20161228,DN,NA,CRC.P1228_C000441:1,NoClonal
P1228,NTR255-20161228,DN,NA,CRC.P1228_C000442:1,NoClonal
P1228,NTR176-20161228,other,NA,CRC.P1228_C000443:1,NoClonal
P1228,NTH236-20161228,CD4,CD4_C05-CXCR6,CRC.P1228_C000444:1,NoClonal
P1228,NTC84-20161228,CD8,CD8_C05-CD6,CRC.P1228_C000445:1,NoClonal
P1228,PTR26-20161228,CD4,CD4_C01-CCR7,CRC.P1228_C000446:1,NoClonal
P1228,PTH78-20161228,other,NA,CRC.P1228_C000447:1,NoClonal
P1228,TTR90-20161228,CD4,CD4_C12-CTLA4,CRC.P1228_C000448:1,NoClonal
P1228,TTC197-20161228,CD8,CD8_C03-CX3CR1,CRC.P1228_C000449:1,NoClonal
P1228,TTR69-20161228,CD4,CD4_C12-CTLA4,CRC.P1228_C000450:1,NoClonal
P1228,PTH93-20161228,CD4,CD4_C01-CCR7,CRC.P1228_C000451:1,NoClonal
P1228,NTH10-20161228,DN,NA,CRC.P1228_C000452:1,NoClonal
P1228,PTH83-20161228,CD4,CD4_C03-GNLY,CRC.P1228_C000453:1,NoClonal
P1228,NTR155-20161228,DN,NA,CRC.P1228_C000454:1,NoClonal
P1228,NTH146-20161228,CD4,CD4_C06-CXCR5,CRC.P1228_C000455:1,NoClonal
P1228,TTH63-20161228,CD4,CD4_C05-CXCR6,CRC.P1228_C000456:1,NoClonal
P1228,NTH111-20161228,other,NA,CRC.P1228_C000457:1,NoClonal
P1228,PTR50-20161228,DN,NA,CRC.P1228_C000460:1,NoClonal
P1228,TTC267-20161228,CD8,CD8_C08-SLC4A10,CRC.P1228_C000461:1,NoClonal
P1228,TTC176-20161228,CD8,CD8_C04-GZMK,CRC.P1228_C000462:1,NoClonal
P1228,PTR44-20161228,CD4,CD4_C10-FOXP3,CRC.P1228_C000463:1,NoClonal
P1228,NTC177-20161228,CD8,CD8_C04-GZMK,CRC.P1228_C000465:1,NoClonal
P1228,PTH94-20161228,CD4,CD4_C01-CCR7,CRC.P1228_C000470:1,NoClonal
P1228,TTR19-20161228,CD4,CD4_C12-CTLA4,CRC.P1228_C000471:1,NoClonal
P1228,NTC131-20161228,CD8,CD8_C05-CD6,CRC.P1228_C000473:1,NoClonal
P1228,PTR32-20161228,DN,NA,CRC.P1228_C000475:1,NoClonal
P1228,PTR88-20161228,DN,NA,CRC.P1228_C000476:1,NoClonal
P1228,NTH234-20161228,CD4,CD4_C04-TCF7,CRC.P1228_C000477:1,NoClonal
P1228,TTH18-20161228,DN,NA,CRC.P1228_C000479:1,NoClonal
P1228,PTR35-20161228,CD4,CD4_C02-ANXA1,CRC.P1228_C000480:1,NoClonal
P1228,NTR141-20161228,other,NA,CRC.P1228_C000481:1,NoClonal
P1228,PTR18-20161228,CD4,CD4_C01-CCR7,CRC.P1228_C000482:1,NoClonal
P1228,PTH31-20161228,DN,NA,CRC.P1228_C000483:1,NoClonal
P1228,NTH110-20161228,CD4,CD4_C06-CXCR5,CRC.P1228_C000484:1,NoClonal
P1228,PTR56-20161228,CD4,CD4_C02-ANXA1,CRC.P1228_C000485:1,NoClonal
P1228,PTR34-20161228,CD4,CD4_C10-FOXP3,CRC.P1228_C000486:1,NoClonal
P1228,NTH88-20161228,other,NA,CRC.P1228_C000487:1,NoClonal
P1228,NTH7-20161228,CD4,CD4_C04-TCF7,CRC.P1228_C000488:1,NoClonal
P1228,NTR143-20161228,CD4,CD4_C05-CXCR6,CRC.P1228_C000489:1,NoClonal
P1228,TTC259-20161228,CD8,CD8_C07-LAYN,CRC.P1228_C000490:1,NoClonal
P1228,PTH43-20161228,DN,NA,CRC.P1228_C000491:1,NoClonal
P1228,NTR288-20161228,CD4,CD4_C06-CXCR5,CRC.P1228_C000492:1,NoClonal
P1228,TTH28-20161228,DN,NA,CRC.P1228_C000493:1,NoClonal
P1228,TTR41-20161228,CD4,CD4_C12-CTLA4,CRC.P1228_C000494:1,NoClonal
P1228,NTR166-20161228,other,NA,CRC.P1228_C000495:1,NoClonal
P1228,NTH108-20161228,DN,NA,CRC.P1228_C000496:1,NoClonal
P1228,PTR71-20161228,CD4,CD4_C10-FOXP3,CRC.P1228_C000497:1,NoClonal
P1228,NTH31-20161228,CD4,CD4_C06-CXCR5,CRC.P1228_C000498:1,NoClonal
P1228,PTC5-20161228,CD8,CD8_C02-GPR183,CRC.P1228_C000499:1,NoClonal
P1228,NTH203-20161228,CD4,CD4_C04-TCF7,CRC.P1228_C000502:1,NoClonal
P1228,PTR11-20161228,CD4,CD4_C02-ANXA1,CRC.P1228_C000503:1,NoClonal
P1228,NTR283-20161228,CD4,CD4_C05-CXCR6,CRC.P1228_C000504:1,NoClonal
P1228,PTH58-20161228,CD4,CD4_C01-CCR7,CRC.P1228_C000505:1,NoClonal
P1228,TTR91-20161228,CD4,CD4_C12-CTLA4,CRC.P1228_C000506:1,NoClonal
P1228,NTH191-20161228,DN,NA,CRC.P1228_C000507:1,NoClonal
P1228,PTR9-20161228,CD4,CD4_C10-FOXP3,CRC.P1228_C000508:1,NoClonal
P1228,NTC69-20161228,CD8,CD8_C06-CD160,CRC.P1228_C000509:1,NoClonal
P1228,NTR227-20161228,CD4,CD4_C11-IL10,CRC.P1228_C000510:1,NoClonal
P1228,PTC34-20161228,CD8,CD8_C01-LEF1,CRC.P1228_C000511:1,NoClonal
P1228,NTR184-20161228,CD4,CD4_C04-TCF7,CRC.P1228_C000512:1,NoClonal
P1228,PTR60-20161228,CD4,CD4_C01-CCR7,CRC.P1228_C000513:1,NoClonal
P1228,PTR25-20161228,CD4,CD4_C10-FOXP3,CRC.P1228_C000514:1,NoClonal
P1228,NTH18-20161228,CD4,CD4_C06-CXCR5,CRC.P1228_C000515:1,NoClonal
P1228,TTR66-20161228,other,NA,CRC.P1228_C000516:1,NoClonal
P1228,NTR215-20161228,CD4,CD4_C04-TCF7,CRC.P1228_C000517:1,NoClonal
P1228,TTR15-20161228,CD4,CD4_C12-CTLA4,CRC.P1228_C000518:1,NoClonal
P1228,NTH223-20161228,CD4,CD4_C06-CXCR5,CRC.P1228_C000519:1,NoClonal
P1228,NTR240-20161228,DN,NA,CRC.P1228_C000520:1,NoClonal
P1228,TTH64-20161228,CD4,CD4_C04-TCF7,CRC.P1228_C000521:1,NoClonal
P1228,PTC69-20161228,CD8,CD8_C01-LEF1,CRC.P1228_C000522:1,NoClonal
P1228,NTH41-20161228,DP,NA,CRC.P1228_C000523:1,NoClonal
P1228,TTH52-20161228,other,NA,CRC.P1228_C000524:1,NoClonal
P1228,NTH56-20161228,CD4,CD4_C06-CXCR5,CRC.P1228_C000525:1,NoClonal
P1228,PTR94-20161228,DN,NA,CRC.P1228_C000526:1,NoClonal
P1228,PTH46-20161228,DN,NA,CRC.P1228_C000527:1,NoClonal
P1228,PTH11-20161228,CD4,CD4_C01-CCR7,CRC.P1228_C000528:1,NoClonal
P1228,NTH82-20161228,CD4,CD4_C05-CXCR6,CRC.P1228_C000529:1,NoClonal
P1228,NTC93-20161228,CD8,CD8_C06-CD160,CRC.P1228_C000530:1,NoClonal
P1228,NTH161-20161228,DN,NA,CRC.P1228_C000531:1,NoClonal
P1228,PTH85-20161228,other,NA,CRC.P1228_C000532:1,NoClonal
P1228,TTH65-20161228,CD4,CD4_C04-TCF7,CRC.P1228_C000534:1,NoClonal
P1228,PTH45-20161228,CD4,CD4_C03-GNLY,CRC.P1228_C000535:1,NoClonal
P1228,NTH180-20161228,CD4,CD4_C06-CXCR5,CRC.P1228_C000536:1,NoClonal
P1228,NTR230-20161228,DN,NA,CRC.P1228_C000537:1,NoClonal
P1228,TTH49-20161228,CD4,CD4_C05-CXCR6,CRC.P1228_C000538:1,NoClonal
P1228,NTC194-20161228,CD8,CD8_C04-GZMK,CRC.P1228_C000539:1,NoClonal
P1228,PTH30-20161228,DN,NA,CRC.P1228_C000541:1,NoClonal
P1228,TTR24-20161228,CD4,CD4_C08-IL23R,CRC.P1228_C000542:1,NoClonal
P1228,PTR6-20161228,CD4,CD4_C02-ANXA1,CRC.P1228_C000543:1,NoClonal
P1228,PTH26-20161228,CD4,CD4_C01-CCR7,CRC.P1228_C000545:1,NoClonal
P1228,NTH207-20161228,CD4,CD4_C08-IL23R,CRC.P1228_C000546:1,NoClonal
P1228,PTH9-20161228,CD4,CD4_C03-GNLY,CRC.P1228_C000547:1,NoClonal
P1228,TTH88-20161228,CD4,CD4_C07-GZMK,CRC.P1228_C000548:1,NoClonal
P1228,NTH238-20161228,CD4,CD4_C06-CXCR5,CRC.P1228_C000549:1,NoClonal
P1228,PTH92-20161228,CD4,CD4_C02-ANXA1,CRC.P1228_C000551:1,NoClonal
P1228,TTH12-20161228,CD4,CD4_C05-CXCR6,CRC.P1228_C000552:1,NoClonal
P1228,NTR269-20161228,DN,NA,CRC.P1228_C000553:1,NoClonal
P1228,NTH158-20161228,CD4,CD4_C06-CXCR5,CRC.P1228_C000556:1,NoClonal
P1228,NTH167-20161228,DN,NA,CRC.P1228_C000557:1,NoClonal
P1228,NTH120-20161228,DN,NA,CRC.P1228_C000558:1,NoClonal
P1228,TTC247-20161228,CD8,CD8_C05-CD6,CRC.P1228_C000559:1,NoClonal
P1228,TTC27-20161228,CD8,CD8_C04-GZMK,CRC.P1228_C000560:1,NoClonal
P1228,TTR89-20161228,CD4,CD4_C12-CTLA4,CRC.P1228_C000561:1,NoClonal
P1228,NTC48-20161228,CD8,CD8_C04-GZMK,CRC.P1228_C000562:1,NoClonal
P1228,NTC91-20161228,CD8,CD8_C06-CD160,CRC.P1228_C000563:1,NoClonal
P1228,NTC222-20161228,CD8,CD8_C05-CD6,CRC.P1228_C000564:1,NoClonal
P1228,PTR73-20161228,CD4,CD4_C10-FOXP3,CRC.P1228_C000566:1,NoClonal
P1228,TTC95-20161228,CD8,CD8_C06-CD160,CRC.P1228_C000567:1,NoClonal
P1228,PTH91-20161228,other,NA,CRC.P1228_C000569:1,NoClonal
P1228,NTR177-20161228,CD4,CD4_C12-CTLA4,CRC.P1228_C000570:1,NoClonal
P1228,NTH128-20161228,other,NA,CRC.P1228_C000571:1,NoClonal
P1228,NTR280-20161228,CD4,CD4_C04-TCF7,CRC.P1228_C000572:1,NoClonal
P1228,TTH23-20161228,CD4,CD4_C09-CXCL13,CRC.P1228_C000573:1,NoClonal
P1228,NTR265-20161228,CD4,CD4_C10-FOXP3,CRC.P1228_C000574:1,NoClonal
P1228,TTC264-20161228,CD8,CD8_C04-GZMK,CRC.P1228_C000575:1,NoClonal
P1228,NTH2-1228,CD4,CD4_C05-CXCR6,CRC.P1228_C000576:1,NoClonal
P1228,NTH142-20161228,CD4,CD4_C06-CXCR5,CRC.P1228_C000577:1,NoClonal
P1228,TTR3-20161228,DN,NA,CRC.P1228_C000578:1,NoClonal
P1228,TTR78-20161228,CD4,CD4_C12-CTLA4,CRC.P1228_C000579:1,NoClonal
P1228,TTC11-20161228,CD8,CD8_C04-GZMK,CRC.P1228_C000580:1,NoClonal
P1228,PTR92-20161228,CD4,CD4_C10-FOXP3,CRC.P1228_C000581:1,NoClonal
P1228,PTC77-20161228,CD8,CD8_C03-CX3CR1,CRC.P1228_C000582:1,NoClonal
P1228,TTC150-20161228,other,NA,CRC.P1228_C000583:1,NoClonal
P1228,TTR82-20161228,CD4,CD4_C12-CTLA4,CRC.P1228_C000584:1,NoClonal
P1228,TTR42-20161228,CD4,CD4_C12-CTLA4,CRC.P1228_C000585:1,NoClonal
P1228,PTH17-20161228,CD4,CD4_C01-CCR7,CRC.P1228_C000586:1,NoClonal
P1228,NTR210-20161228,CD4,CD4_C05-CXCR6,CRC.P1228_C000587:1,NoClonal
P1228,NTH102-20161228,CD4,CD4_C06-CXCR5,CRC.P1228_C000591:1,NoClonal
P1228,NTC114-20161228,CD8,CD8_C04-GZMK,CRC.P1228_C000592:1,NoClonal
P1228,PTR31-20161228,DN,NA,CRC.P1228_C000593:1,NoClonal
P1228,NTR105-20161228,other,NA,CRC.P1228_C000594:1,NoClonal
P1228,NTR202-20161228,other,NA,CRC.P1228_C000595:1,NoClonal
P1228,PTH14-20161228,CD4,CD4_C02-ANXA1,CRC.P1228_C000596:1,NoClonal
P1228,NTH228-20161228,CD4,CD4_C12-CTLA4,CRC.P1228_C000597:1,NoClonal
P1228,NTR114-20161228,CD4,CD4_C06-CXCR5,CRC.P1228_C000598:1,NoClonal
P1228,NTR233-20161228,CD4,CD4_C06-CXCR5,CRC.P1228_C000599:1,NoClonal
P1228,NTC5-20161228,CD8,CD8_C04-GZMK,CRC.P1228_C000600:1,NoClonal
P1228,TTH86-20161228,other,NA,CRC.P1228_C000601:1,NoClonal
P1228,NTC140-20161228,CD8,CD8_C04-GZMK,CRC.P1228_C000602:1,NoClonal
P1228,NTH211-20161228,other,NA,CRC.P1228_C000603:1,NoClonal
P1228,TTR18-20161228,DN,NA,CRC.P1228_C000604:1,NoClonal
P1228,NTH225-20161228,CD4,CD4_C04-TCF7,CRC.P1228_C000605:1,NoClonal
P1228,PTR30-20161228,DN,NA,CRC.P1228_C000606:1,NoClonal
P1228,NTC147-20161228,CD8,CD8_C06-CD160,CRC.P1228_C000607:1,NoClonal
P1228,TTR37-20161228,CD4,CD4_C08-IL23R,CRC.P1228_C000608:1,NoClonal
P1228,PTR42-20161228,CD4,CD4_C10-FOXP3,CRC.P1228_C000609:1,NoClonal
P1228,TTR32-20161228,CD4,CD4_C12-CTLA4,CRC.P1228_C000610:1,NoClonal
P1228,NTR249-20161228,other,NA,CRC.P1228_C000611:1,NoClonal
P1228,TTR60-20161228,other,NA,CRC.P1228_C000613:1,NoClonal
P1228,PTC45-20161228,CD8,CD8_C03-CX3CR1,CRC.P1228_C000614:1,NoClonal
P1228,NTR256-20161228,CD4,CD4_C05-CXCR6,CRC.P1228_C000616:1,NoClonal
P1228,NTC199-20161228,CD8,CD8_C06-CD160,CRC.P1228_C000619:1,NoClonal
P1228,TTH77-20161228,other,NA,CRC.P1228_C000621:1,NoClonal
P1228,NTH68-20161228,CD4,CD4_C06-CXCR5,CRC.P1228_C000622:1,NoClonal
P1228,PTR39-20161228,DN,NA,CRC.P1228_C000623:1,NoClonal
P1228,NTR100-20161228,CD4,CD4_C04-TCF7,CRC.P1228_C000624:1,NoClonal
P1228,PTR13-20161228,CD4,CD4_C10-FOXP3,CRC.P1228_C000625:1,NoClonal
P1228,PTR69-20161228,CD4,CD4_C02-ANXA1,CRC.P1228_C000626:1,NoClonal
P1228,NTH163-20161228,DN,NA,CRC.P1228_C000627:1,NoClonal
P1228,PTH16-20161228,CD4,CD4_C01-CCR7,CRC.P1228_C000628:1,NoClonal
P1228,NTH3-1228,CD4,CD4_C06-CXCR5,CRC.P1228_C000629:1,NoClonal
P1228,TTC217-20161228,CD8,CD8_C07-LAYN,CRC.P1228_C000630:1,NoClonal
P1228,NTC225-20161228,CD8,CD8_C04-GZMK,CRC.P1228_C000631:1,NoClonal
P1228,NTH200-20161228,other,NA,CRC.P1228_C000633:1,NoClonal
P1228,NTR98-20161228,CD4,CD4_C05-CXCR6,CRC.P1228_C000634:1,NoClonal
P1228,NTH230-20161228,CD4,CD4_C06-CXCR5,CRC.P1228_C000635:1,NoClonal
P1228,TTR51-20161228,other,NA,CRC.P1228_C000637:1,NoClonal
P1228,NTR130-20161228,CD4,CD4_C11-IL10,CRC.P1228_C000638:1,NoClonal
P1228,TTR25-20161228,CD4,CD4_C12-CTLA4,CRC.P1228_C000640:1,NoClonal
P1228,TTR81-20161228,CD4,CD4_C10-FOXP3,CRC.P1228_C000641:1,NoClonal
P1228,TTH70-20161228,CD4,CD4_C06-CXCR5,CRC.P1228_C000642:1,NoClonal
P1228,NTR103-20161228,CD4,CD4_C05-CXCR6,CRC.P1228_C000643:1,NoClonal
P1228,PTH75-20161228,CD4,CD4_C02-ANXA1,CRC.P1228_C000646:1,NoClonal
P1228,NTC122-20161228,CD8,CD8_C04-GZMK,CRC.P1228_C000647:1,NoClonal
P1228,NTH24-20161228,CD4,CD4_C11-IL10,CRC.P1228_C000648:1,NoClonal
P1228,NTC43-20161228,CD8,CD8_C05-CD6,CRC.P1228_C000649:1,NoClonal
P1228,NTH44-20161228,CD4,CD4_C05-CXCR6,CRC.P1228_C000650:1,NoClonal
P1228,NTC98-20161228,CD8,CD8_C04-GZMK,CRC.P1228_C000651:1,NoClonal
P1228,NTH156-20161228,CD4,CD4_C11-IL10,CRC.P1228_C000652:1,NoClonal
P1228,NTR128-20161228,CD4,CD4_C04-TCF7,CRC.P1228_C000653:1,NoClonal
P1228,PTC67-20161228,CD8,CD8_C02-GPR183,CRC.P1228_C000654:1,NoClonal
P1228,NTH187-20161228,other,NA,CRC.P1228_C000655:1,NoClonal
P1228,NTH173-20161228,CD4,CD4_C04-TCF7,CRC.P1228_C000656:1,NoClonal
P1228,NTR116-20161228,CD4,CD4_C06-CXCR5,CRC.P1228_C000657:1,NoClonal
P1228,NTR200-20161228,CD4,CD4_C05-CXCR6,CRC.P1228_C000658:1,NoClonal
P1228,TTR44-20161228,CD4,CD4_C12-CTLA4,CRC.P1228_C000659:1,NoClonal
P1228,TTC13-20161228,CD8,CD8_C04-GZMK,CRC.P1228_C000660:1,NoClonal
P1228,TTH96-20161228,DN,NA,CRC.P1228_C000661:1,NoClonal
P1228,NTC103-20161228,CD8,CD8_C04-GZMK,CRC.P1228_C000662:1,NoClonal
P1228,TTC112-20161228,CD8,CD8_C04-GZMK,CRC.P1228_C000663:1,NoClonal
P1228,NTH210-20161228,other,NA,CRC.P1228_C000664:1,NoClonal
P1228,NTC156-20161228,CD8,CD8_C04-GZMK,CRC.P1228_C000665:1,NoClonal
P1228,NTC133-20161228,CD8,CD8_C05-CD6,CRC.P1228_C000666:1,NoClonal
P1228,PTH71-20161228,CD4,CD4_C02-ANXA1,CRC.P1228_C000667:1,NoClonal
P1228,NTH11-20161228,CD4,CD4_C05-CXCR6,CRC.P1228_C000668:1,NoClonal
P1228,PTC14-20161228,CD8,CD8_C02-GPR183,CRC.P1228_C000671:1,NoClonal
P1228,TTH84-20161228,DN,NA,CRC.P1228_C000672:1,NoClonal
P1228,NTR261-20161228,CD4,CD4_C06-CXCR5,CRC.P1228_C000675:1,NoClonal
P1228,PTH88-20161228,other,NA,CRC.P1228_C000676:1,NoClonal
P1228,NTH135-20161228,other,NA,CRC.P1228_C000677:1,NoClonal
P1228,NTH92-20161228,CD4,CD4_C12-CTLA4,CRC.P1228_C000678:1,NoClonal
P1228,NTH177-20161228,other,NA,CRC.P1228_C000679:1,NoClonal
P1228,TTH41-20161228,DN,NA,CRC.P1228_C000680:1,NoClonal
P1228,TTC71-20161228,CD8,CD8_C04-GZMK,CRC.P1228_C000682:1,NoClonal
P1228,TTC86-20161228,other,NA,CRC.P1228_C000683:1,NoClonal
P1228,NTR258-20161228,CD4,CD4_C06-CXCR5,CRC.P1228_C000684:1,NoClonal
P1228,TTR87-20161228,CD4,CD4_C12-CTLA4,CRC.P1228_C000685:1,NoClonal
P1228,TTH32-20161228,DN,NA,CRC.P1228_C000686:1,NoClonal
P1228,NTR217-20161228,CD4,CD4_C04-TCF7,CRC.P1228_C000687:1,NoClonal
P1228,NTR278-20161228,CD4,CD4_C05-CXCR6,CRC.P1228_C000689:1,NoClonal
P1228,NTR192-20161228,CD4,CD4_C12-CTLA4,CRC.P1228_C000690:1,NoClonal
P1228,NTC119-20161228,CD8,CD8_C05-CD6,CRC.P1228_C000691:1,NoClonal
P1228,PTR52-20161228,CD4,CD4_C02-ANXA1,CRC.P1228_C000692:1,NoClonal
P1228,TTC186-20161228,CD8,CD8_C04-GZMK,CRC.P1228_C000693:1,NoClonal
P1228,NTC87-20161228,CD8,CD8_C04-GZMK,CRC.P1228_C000694:1,NoClonal
P1228,NTH87-20161228,CD4,CD4_C11-IL10,CRC.P1228_C000695:1,NoClonal
P1228,NTH132-20161228,CD4,CD4_C06-CXCR5,CRC.P1228_C000697:1,NoClonal
P1228,TTH6-20161228,other,NA,CRC.P1228_C000698:1,NoClonal
P1228,PTH62-20161228,CD4,CD4_C02-ANXA1,CRC.P1228_C000699:1,NoClonal
P1228,TTC183-20161228,CD8,CD8_C04-GZMK,CRC.P1228_C000700:1,NoClonal
P1228,PTR2-20161228,DN,NA,CRC.P1228_C000701:1,NoClonal
P1228,NTH199-20161228,other,NA,CRC.P1228_C000703:1,NoClonal
P1228,NTR144-20161228,CD4,CD4_C04-TCF7,CRC.P1228_C000704:1,NoClonal
P1228,NTH213-20161228,other,NA,CRC.P1228_C000705:1,NoClonal
P1228,TTC287-20161228,CD8,CD8_C04-GZMK,CRC.P1228_C000706:1,NoClonal
P1228,NTH69-20161228,CD4,CD4_C04-TCF7,CRC.P1228_C000708:1,NoClonal
P1228,PTH13-20161228,CD4,CD4_C02-ANXA1,CRC.P1228_C000709:1,NoClonal
P1228,TTR68-20161228,CD4,CD4_C12-CTLA4,CRC.P1228_C000710:1,NoClonal
P1228,NTH164-20161228,CD4,CD4_C04-TCF7,CRC.P1228_C000711:1,NoClonal
P1228,NTR169-20161228,CD4,CD4_C12-CTLA4,CRC.P1228_C000712:1,NoClonal
P1228,NTC99-20161228,CD8,CD8_C05-CD6,CRC.P1228_C000713:1,NoClonal
P1228,PTH63-20161228,CD4,CD4_C02-ANXA1,CRC.P1228_C000715:1,NoClonal
P1228,NTC187-20161228,CD8,CD8_C04-GZMK,CRC.P1228_C000716:1,NoClonal
P1228,TTC195-20161228,CD8,CD8_C07-LAYN,CRC.P1228_C000717:1,NoClonal
P1228,NTR135-20161228,CD4,CD4_C05-CXCR6,CRC.P1228_C000718:1,NoClonal
P1228,NTR279-20161228,CD4,CD4_C06-CXCR5,CRC.P1228_C000720:1,NoClonal
P1228,TTC84-20161228,CD8,CD8_C01-LEF1,CRC.P1228_C000721:1,NoClonal
P1228,TTH3-20161228,other,NA,CRC.P1228_C000722:1,NoClonal
P1228,NTH155-20161228,CD4,CD4_C06-CXCR5,CRC.P1228_C000723:1,NoClonal
P1228,NTR171-20161228,other,NA,CRC.P1228_C000724:1,NoClonal
P1228,PTC23-20161228,CD8,CD8_C03-CX3CR1,CRC.P1228_C000726:1,NoClonal
P1228,TTH31-20161228,CD4,CD4_C09-CXCL13,CRC.P1228_C000728:1,NoClonal
P1228,PTR1-20161228,DN,NA,CRC.P1228_C000729:1,NoClonal
P1228,TTC30-20161228,other,NA,CRC.P1228_C000730:1,NoClonal
P1228,NTR220-20161228,CD4,CD4_C05-CXCR6,CRC.P1228_C000731:1,NoClonal
P1228,NTR145-20161228,CD4,CD4_C11-IL10,CRC.P1228_C000733:1,NoClonal
P1228,PTH57-20161228,other,NA,CRC.P1228_C000735:1,NoClonal
P1228,NTH30-20161228,other,NA,CRC.P1228_C000736:1,NoClonal
P1228,PTR3-20161228,DN,NA,CRC.P1228_C000737:1,NoClonal
P1228,NTC44-20161228,CD8,CD8_C05-CD6,CRC.P1228_C000738:1,NoClonal
P1228,NTH15-20161228,other,NA,CRC.P1228_C000739:1,NoClonal
P1228,TTC184-20161228,CD8,CD8_C05-CD6,CRC.P1228_C000741:1,NoClonal
P1228,TTR50-20161228,CD4,CD4_C12-CTLA4,CRC.P1228_C000742:1,NoClonal
P1228,NTH181-20161228,CD4,CD4_C06-CXCR5,CRC.P1228_C000743:1,NoClonal
P1228,NTH140-20161228,CD4,CD4_C05-CXCR6,CRC.P1228_C000745:1,NoClonal
P1228,TTH38-20161228,DN,NA,CRC.P1228_C000746:1,NoClonal
P1228,PTR76-20161228,CD4,CD4_C01-CCR7,CRC.P1228_C000748:1,NoClonal
P1228,NTH134-20161228,CD4,CD4_C04-TCF7,CRC.P1228_C000749:1,NoClonal
P1228,NTR228-20161228,CD4,CD4_C04-TCF7,CRC.P1228_C000750:1,NoClonal
P1228,TTR63-20161228,CD4,CD4_C12-CTLA4,CRC.P1228_C000751:1,NoClonal
P1228,PTH89-20161228,CD4,CD4_C01-CCR7,CRC.P1228_C000753:1,NoClonal
P1228,NTH75-20161228,CD4,CD4_C10-FOXP3,CRC.P1228_C000754:1,NoClonal
P1228,TTR93-20161228,other,NA,CRC.P1228_C000757:1,NoClonal
P1228,NTH168-20161228,other,NA,CRC.P1228_C000758:1,NoClonal
P1228,NTR259-20161228,CD4,CD4_C12-CTLA4,CRC.P1228_C000759:1,NoClonal
P1228,NTH5-1228,CD4,CD4_C05-CXCR6,CRC.P1228_C000760:1,NoClonal
P1228,NTR197-20161228,CD4,CD4_C06-CXCR5,CRC.P1228_C000761:1,NoClonal
P1228,NTH116-20161228,CD4,CD4_C04-TCF7,CRC.P1228_C000762:1,NoClonal
P1228,TTC61-20161228,CD8,CD8_C04-GZMK,CRC.P1228_C000763:1,NoClonal
P1228,NTC89-20161228,CD8,CD8_C04-GZMK,CRC.P1228_C000764:1,NoClonal
P1228,NTH215-20161228,CD4,CD4_C05-CXCR6,CRC.P1228_C000765:1,NoClonal
P1228,TTR72-20161228,CD4,CD4_C12-CTLA4,CRC.P1228_C000766:1,NoClonal
P1228,PTH64-20161228,DN,NA,CRC.P1228_C000767:1,NoClonal
P1228,NTH124-20161228,CD4,CD4_C11-IL10,CRC.P1228_C000768:1,NoClonal
P1228,PTR70-20161228,CD4,CD4_C02-ANXA1,CRC.P1228_C000769:1,NoClonal
P1228,PTH21-20161228,CD4,CD4_C02-ANXA1,CRC.P1228_C000770:1,NoClonal
P1228,NTH81-20161228,other,NA,CRC.P1228_C000771:1,NoClonal
P1228,NTH54-20161228,CD4,CD4_C06-CXCR5,CRC.P1228_C000772:1,NoClonal
P1228,TTC286-20161228,CD8,CD8_C04-GZMK,CRC.P1228_C000773:1,NoClonal
P1228,PTH44-20161228,DN,NA,CRC.P1228_C000775:1,NoClonal
P1228,TTR57-20161228,other,NA,CRC.P1228_C000777:1,NoClonal
P1228,PTH32-20161228,other,NA,CRC.P1228_C000778:1,NoClonal
P1228,NTR164-20161228,DN,NA,CRC.P1228_C000779:1,NoClonal
P1228,PTH60-20161228,other,NA,CRC.P1228_C000780:1,NoClonal
P1228,NTR137-20161228,DN,NA,CRC.P1228_C000781:1,NoClonal
P1228,NTC34-20161228,CD8,CD8_C01-LEF1,CRC.P1228_C000782:1,NoClonal
P1228,NTH91-20161228,CD4,CD4_C11-IL10,CRC.P1228_C000783:1,NoClonal
P1228,PTR28-20161228,other,NA,CRC.P1228_C000784:1,NoClonal
P1228,PTR4-20161228,DN,NA,CRC.P1228_C000786:1,NoClonal
P1228,PTR33-20161228,DN,NA,CRC.P1228_C000787:1,NoClonal
P1228,PTH24-20161228,CD4,CD4_C02-ANXA1,CRC.P1228_C000788:1,NoClonal
P1228,NTH79-20161228,DN,NA,CRC.P1228_C000789:1,NoClonal
P1228,PTH42-20161228,other,NA,CRC.P1228_C000790:1,NoClonal
P1228,NTR199-20161228,CD4,CD4_C04-TCF7,CRC.P1228_C000791:1,NoClonal
P1228,NTR194-20161228,CD4,CD4_C02-ANXA1,CRC.P1228_C000792:1,NoClonal
P1228,NTH50-20161228,CD4,CD4_C05-CXCR6,CRC.P1228_C000793:1,NoClonal
P1228,NTH204-20161228,DN,NA,CRC.P1228_C000795:1,NoClonal
P1228,NTR186-20161228,DN,NA,CRC.P1228_C000796:1,NoClonal
P1228,NTC247-20161228,CD8,CD8_C04-GZMK,CRC.P1228_C000797:1,NoClonal
P1228,PTC31-20161228,CD8,CD8_C03-CX3CR1,CRC.P1228_C000798:1,NoClonal
P1228,NTH183-20161228,CD4,CD4_C06-CXCR5,CRC.P1228_C000799:1,NoClonal
P1228,TTH56-20161228,DN,NA,CRC.P1228_C000803:1,NoClonal
P1228,NTH184-20161228,CD4,CD4_C05-CXCR6,CRC.P1228_C000804:1,NoClonal
P1228,NTH231-20161228,CD4,CD4_C04-TCF7,CRC.P1228_C000806:1,NoClonal
P1228,TTR77-20161228,CD4,CD4_C12-CTLA4,CRC.P1228_C000807:1,NoClonal
P1228,NTH72-20161228,CD4,CD4_C06-CXCR5,CRC.P1228_C000809:1,NoClonal
P1228,NTH197-20161228,CD4,CD4_C04-TCF7,CRC.P1228_C000810:1,NoClonal
P1228,NTR242-20161228,CD4,CD4_C06-CXCR5,CRC.P1228_C000811:1,NoClonal
P1228,TTH69-20161228,other,NA,CRC.P1228_C000812:1,NoClonal
P1228,NTC159-20161228,CD8,CD8_C05-CD6,CRC.P1228_C000813:1,NoClonal
P1228,NTH196-20161228,DN,NA,CRC.P1228_C000814:1,NoClonal
P1228,NTR118-20161228,CD4,CD4_C04-TCF7,CRC.P1228_C000815:1,NoClonal
P1228,NTR113-20161228,CD4,CD4_C11-IL10,CRC.P1228_C000816:1,NoClonal
P1228,TTR85-20161228,CD4,CD4_C12-CTLA4,CRC.P1228_C000817:1,NoClonal
P1228,NTR212-20161228,DN,NA,CRC.P1228_C000818:1,NoClonal
P1228,TTR43-20161228,other,NA,CRC.P1228_C000819:1,NoClonal
P1228,PTC10-20161228,CD8,CD8_C03-CX3CR1,CRC.P1228_C000820:1,NoClonal
P1228,NTR262-20161228,CD4,CD4_C05-CXCR6,CRC.P1228_C000821:1,NoClonal
P1228,NTR163-20161228,DN,NA,CRC.P1228_C000822:1,NoClonal
P1228,NTR178-20161228,CD4,CD4_C12-CTLA4,CRC.P1228_C000823:1,NoClonal
P1228,TTR59-20161228,CD4,CD4_C12-CTLA4,CRC.P1228_C000824:1,NoClonal
P1228,TTR28-20161228,CD4,CD4_C12-CTLA4,CRC.P1228_C000825:1,NoClonal
P1228,NTC126-20161228,CD8,CD8_C01-LEF1,CRC.P1228_C000826:1,NoClonal
P1228,PTR5-20161228,CD4,CD4_C10-FOXP3,CRC.P1228_C000827:1,NoClonal
P1228,NTR125-20161228,other,NA,CRC.P1228_C000828:1,NoClonal
P1228,NTR244-20161228,CD4,CD4_C05-CXCR6,CRC.P1228_C000829:1,NoClonal
P1228,TTR64-20161228,CD4,CD4_C12-CTLA4,CRC.P1228_C000830:1,NoClonal
P1228,NTC75-20161228,CD8,CD8_C04-GZMK,CRC.P1228_C000831:1,NoClonal
P1228,NTH13-20161228,other,NA,CRC.P1228_C000832:1,NoClonal
P1228,TTH46-20161228,DN,NA,CRC.P1228_C000833:1,NoClonal
P1228,PTC92-20161228,CD8,CD8_C03-CX3CR1,CRC.P1228_C000835:1,NoClonal
P1228,TTR61-20161228,CD4,CD4_C12-CTLA4,CRC.P1228_C000836:1,NoClonal
P1228,NTH202-20161228,CD4,CD4_C04-TCF7,CRC.P1228_C000837:1,NoClonal
P1228,TTR14-20161228,CD4,CD4_C12-CTLA4,CRC.P1228_C000838:1,NoClonal
P1228,PTR16-20161228,DN,NA,CRC.P1228_C000840:1,NoClonal
P1228,PTC37-20161228,CD8,CD8_C02-GPR183,CRC.P1228_C000841:1,NoClonal
P1228,TTH48-20161228,other,NA,CRC.P1228_C000842:1,NoClonal
P1228,NTC127-20161228,CD8,CD8_C06-CD160,CRC.P1228_C000843:1,NoClonal
P1228,NTH86-20161228,CD4,CD4_C05-CXCR6,CRC.P1228_C000844:1,NoClonal
P1228,NTH133-20161228,CD4,CD4_C06-CXCR5,CRC.P1228_C000846:1,NoClonal
P1228,PTH84-20161228,CD4,CD4_C01-CCR7,CRC.P1228_C000847:1,NoClonal
P1228,TTR29-20161228,CD4,CD4_C12-CTLA4,CRC.P1228_C000848:1,NoClonal
P1228,PTR77-20161228,DN,NA,CRC.P1228_C000849:1,NoClonal
P1228,PTH36-20161228,other,NA,CRC.P1228_C000850:1,NoClonal
P1228,TTR67-20161228,CD4,CD4_C12-CTLA4,CRC.P1228_C000851:1,NoClonal
P1228,NTH57-20161228,CD4,CD4_C06-CXCR5,CRC.P1228_C000852:1,NoClonal
P1228,PTH35-20161228,CD4,CD4_C01-CCR7,CRC.P1228_C000853:1,NoClonal
P1228,TTH90-20161228,CD4,CD4_C05-CXCR6,CRC.P1228_C000854:1,NoClonal
P1228,PTH73-20161228,CD4,NA,CRC.P1228_C000855:1,NoClonal
P1228,NTC94-20161228,CD8,CD8_C04-GZMK,CRC.P1228_C000856:1,NoClonal
P1228,PTR14-20161228,CD4,CD4_C02-ANXA1,CRC.P1228_C000857:1,NoClonal
P1228,TTH85-20161228,CD4,CD4_C08-IL23R,CRC.P1228_C000859:1,NoClonal
P1228,NTH119-20161228,DN,NA,CRC.P1228_C000860:1,NoClonal
P1228,TTH67-20161228,DN,NA,CRC.P1228_C000861:1,NoClonal
,,,,,
"* NA indicates cells classified as CD4+CD8+ (douple positive), CD4-CD8- (douple negtive), and others which can not be clearly defined based on the in silico classification of CD4+ and CD8+ T cells.",,,,,
